state,year,month,year_month,domestic_passengers_millions,source
California,2019,1,2019-01,7.579,BTS T-100 (proxy)
Texas,2019,1,2019-01,6.221,BTS T-100 (proxy)
Florida,2019,1,2019-01,6.108,BTS T-100 (proxy)
Georgia,2019,1,2019-01,4.775,BTS T-100 (proxy)
Illinois,2019,1,2019-01,3.612,BTS T-100 (proxy)
New York,2019,1,2019-01,3.44,BTS T-100 (proxy)
Colorado,2019,1,2019-01,3.567,BTS T-100 (proxy)
Washington,2019,1,2019-01,2.891,BTS T-100 (proxy)
Nevada,2019,1,2019-01,2.549,BTS T-100 (proxy)
Arizona,2019,1,2019-01,2.592,BTS T-100 (proxy)
North Carolina,2019,1,2019-01,2.125,BTS T-100 (proxy)
Virginia,2019,1,2019-01,1.955,BTS T-100 (proxy)
Michigan,2019,1,2019-01,1.849,BTS T-100 (proxy)
Minnesota,2019,1,2019-01,1.574,BTS T-100 (proxy)
Pennsylvania,2019,1,2019-01,1.511,BTS T-100 (proxy)
Utah,2019,1,2019-01,1.522,BTS T-100 (proxy)
Massachusetts,2019,1,2019-01,1.404,BTS T-100 (proxy)
New Jersey,2019,1,2019-01,1.414,BTS T-100 (proxy)
Oregon,2019,1,2019-01,1.163,BTS T-100 (proxy)
Maryland,2019,1,2019-01,1.051,BTS T-100 (proxy)
Tennessee,2019,1,2019-01,1.121,BTS T-100 (proxy)
Missouri,2019,1,2019-01,0.946,BTS T-100 (proxy)
Wisconsin,2019,1,2019-01,0.873,BTS T-100 (proxy)
Ohio,2019,1,2019-01,0.727,BTS T-100 (proxy)
Indiana,2019,1,2019-01,0.677,BTS T-100 (proxy)
Louisiana,2019,1,2019-01,0.612,BTS T-100 (proxy)
Oklahoma,2019,1,2019-01,0.492,BTS T-100 (proxy)
Kansas,2019,1,2019-01,0.443,BTS T-100 (proxy)
New Mexico,2019,1,2019-01,0.338,BTS T-100 (proxy)
Idaho,2019,1,2019-01,0.257,BTS T-100 (proxy)
Montana,2019,1,2019-01,0.169,BTS T-100 (proxy)
Wyoming,2019,1,2019-01,0.143,BTS T-100 (proxy)
Alaska,2019,1,2019-01,0.435,BTS T-100 (proxy)
Hawaii,2019,1,2019-01,0.989,BTS T-100 (proxy)
California,2019,2,2019-02,8.186,BTS T-100 (proxy)
Texas,2019,2,2019-02,6.253,BTS T-100 (proxy)
Florida,2019,2,2019-02,6.356,BTS T-100 (proxy)
Georgia,2019,2,2019-02,4.255,BTS T-100 (proxy)
Illinois,2019,2,2019-02,3.627,BTS T-100 (proxy)
New York,2019,2,2019-02,3.736,BTS T-100 (proxy)
Colorado,2019,2,2019-02,3.645,BTS T-100 (proxy)
Washington,2019,2,2019-02,2.985,BTS T-100 (proxy)
Nevada,2019,2,2019-02,2.759,BTS T-100 (proxy)
Arizona,2019,2,2019-02,2.642,BTS T-100 (proxy)
North Carolina,2019,2,2019-02,2.142,BTS T-100 (proxy)
Virginia,2019,2,2019-02,2.051,BTS T-100 (proxy)
Michigan,2019,2,2019-02,1.898,BTS T-100 (proxy)
Minnesota,2019,2,2019-02,1.948,BTS T-100 (proxy)
Pennsylvania,2019,2,2019-02,1.788,BTS T-100 (proxy)
Utah,2019,2,2019-02,1.518,BTS T-100 (proxy)
Massachusetts,2019,2,2019-02,1.598,BTS T-100 (proxy)
New Jersey,2019,2,2019-02,1.452,BTS T-100 (proxy)
Oregon,2019,2,2019-02,1.251,BTS T-100 (proxy)
Maryland,2019,2,2019-02,1.239,BTS T-100 (proxy)
Tennessee,2019,2,2019-02,1.167,BTS T-100 (proxy)
Missouri,2019,2,2019-02,1.065,BTS T-100 (proxy)
Wisconsin,2019,2,2019-02,0.886,BTS T-100 (proxy)
Ohio,2019,2,2019-02,0.82,BTS T-100 (proxy)
Indiana,2019,2,2019-02,0.752,BTS T-100 (proxy)
Louisiana,2019,2,2019-02,0.679,BTS T-100 (proxy)
Oklahoma,2019,2,2019-02,0.542,BTS T-100 (proxy)
Kansas,2019,2,2019-02,0.458,BTS T-100 (proxy)
New Mexico,2019,2,2019-02,0.35,BTS T-100 (proxy)
Idaho,2019,2,2019-02,0.261,BTS T-100 (proxy)
Montana,2019,2,2019-02,0.193,BTS T-100 (proxy)
Wyoming,2019,2,2019-02,0.148,BTS T-100 (proxy)
Alaska,2019,2,2019-02,0.461,BTS T-100 (proxy)
Hawaii,2019,2,2019-02,1.166,BTS T-100 (proxy)
California,2019,3,2019-03,8.654,BTS T-100 (proxy)
Texas,2019,3,2019-03,6.968,BTS T-100 (proxy)
Florida,2019,3,2019-03,6.923,BTS T-100 (proxy)
Georgia,2019,3,2019-03,5.492,BTS T-100 (proxy)
Illinois,2019,3,2019-03,4.192,BTS T-100 (proxy)
New York,2019,3,2019-03,4.313,BTS T-100 (proxy)
Colorado,2019,3,2019-03,3.302,BTS T-100 (proxy)
Washington,2019,3,2019-03,3.332,BTS T-100 (proxy)
Nevada,2019,3,2019-03,3.013,BTS T-100 (proxy)
Arizona,2019,3,2019-03,2.857,BTS T-100 (proxy)
North Carolina,2019,3,2019-03,2.511,BTS T-100 (proxy)
Virginia,2019,3,2019-03,2.071,BTS T-100 (proxy)
Michigan,2019,3,2019-03,2.077,BTS T-100 (proxy)
Minnesota,2019,3,2019-03,2.036,BTS T-100 (proxy)
Pennsylvania,2019,3,2019-03,2.04,BTS T-100 (proxy)
Utah,2019,3,2019-03,1.753,BTS T-100 (proxy)
Massachusetts,2019,3,2019-03,1.631,BTS T-100 (proxy)
New Jersey,2019,3,2019-03,1.56,BTS T-100 (proxy)
Oregon,2019,3,2019-03,1.464,BTS T-100 (proxy)
Maryland,2019,3,2019-03,1.321,BTS T-100 (proxy)
Tennessee,2019,3,2019-03,1.168,BTS T-100 (proxy)
Missouri,2019,3,2019-03,1.128,BTS T-100 (proxy)
Wisconsin,2019,3,2019-03,1.005,BTS T-100 (proxy)
Ohio,2019,3,2019-03,0.944,BTS T-100 (proxy)
Indiana,2019,3,2019-03,0.772,BTS T-100 (proxy)
Louisiana,2019,3,2019-03,0.689,BTS T-100 (proxy)
Oklahoma,2019,3,2019-03,0.588,BTS T-100 (proxy)
Kansas,2019,3,2019-03,0.463,BTS T-100 (proxy)
New Mexico,2019,3,2019-03,0.406,BTS T-100 (proxy)
Idaho,2019,3,2019-03,0.304,BTS T-100 (proxy)
Montana,2019,3,2019-03,0.2,BTS T-100 (proxy)
Wyoming,2019,3,2019-03,0.148,BTS T-100 (proxy)
Alaska,2019,3,2019-03,0.465,BTS T-100 (proxy)
Hawaii,2019,3,2019-03,1.175,BTS T-100 (proxy)
California,2019,4,2019-04,8.981,BTS T-100 (proxy)
Texas,2019,4,2019-04,7.43,BTS T-100 (proxy)
Florida,2019,4,2019-04,7.251,BTS T-100 (proxy)
Georgia,2019,4,2019-04,5.593,BTS T-100 (proxy)
Illinois,2019,4,2019-04,4.941,BTS T-100 (proxy)
New York,2019,4,2019-04,4.338,BTS T-100 (proxy)
Colorado,2019,4,2019-04,4.138,BTS T-100 (proxy)
Washington,2019,4,2019-04,3.427,BTS T-100 (proxy)
Nevada,2019,4,2019-04,2.916,BTS T-100 (proxy)
Arizona,2019,4,2019-04,3.113,BTS T-100 (proxy)
North Carolina,2019,4,2019-04,2.696,BTS T-100 (proxy)
Virginia,2019,4,2019-04,2.777,BTS T-100 (proxy)
Michigan,2019,4,2019-04,2.236,BTS T-100 (proxy)
Minnesota,2019,4,2019-04,2.182,BTS T-100 (proxy)
Pennsylvania,2019,4,2019-04,2.039,BTS T-100 (proxy)
Utah,2019,4,2019-04,1.822,BTS T-100 (proxy)
Massachusetts,2019,4,2019-04,1.932,BTS T-100 (proxy)
New Jersey,2019,4,2019-04,1.785,BTS T-100 (proxy)
Oregon,2019,4,2019-04,1.565,BTS T-100 (proxy)
Maryland,2019,4,2019-04,1.334,BTS T-100 (proxy)
Tennessee,2019,4,2019-04,1.38,BTS T-100 (proxy)
Missouri,2019,4,2019-04,1.1,BTS T-100 (proxy)
Wisconsin,2019,4,2019-04,1.107,BTS T-100 (proxy)
Ohio,2019,4,2019-04,1.073,BTS T-100 (proxy)
Indiana,2019,4,2019-04,0.817,BTS T-100 (proxy)
Louisiana,2019,4,2019-04,0.731,BTS T-100 (proxy)
Oklahoma,2019,4,2019-04,0.648,BTS T-100 (proxy)
Kansas,2019,4,2019-04,0.524,BTS T-100 (proxy)
New Mexico,2019,4,2019-04,0.397,BTS T-100 (proxy)
Idaho,2019,4,2019-04,0.324,BTS T-100 (proxy)
Montana,2019,4,2019-04,0.204,BTS T-100 (proxy)
Wyoming,2019,4,2019-04,0.165,BTS T-100 (proxy)
Alaska,2019,4,2019-04,0.513,BTS T-100 (proxy)
Hawaii,2019,4,2019-04,1.39,BTS T-100 (proxy)
California,2019,5,2019-05,9.228,BTS T-100 (proxy)
Texas,2019,5,2019-05,8.004,BTS T-100 (proxy)
Florida,2019,5,2019-05,7.996,BTS T-100 (proxy)
Georgia,2019,5,2019-05,5.408,BTS T-100 (proxy)
Illinois,2019,5,2019-05,4.8,BTS T-100 (proxy)
New York,2019,5,2019-05,4.815,BTS T-100 (proxy)
Colorado,2019,5,2019-05,3.949,BTS T-100 (proxy)
Washington,2019,5,2019-05,3.649,BTS T-100 (proxy)
Nevada,2019,5,2019-05,3.434,BTS T-100 (proxy)
Arizona,2019,5,2019-05,3.405,BTS T-100 (proxy)
North Carolina,2019,5,2019-05,2.65,BTS T-100 (proxy)
Virginia,2019,5,2019-05,2.427,BTS T-100 (proxy)
Michigan,2019,5,2019-05,2.435,BTS T-100 (proxy)
Minnesota,2019,5,2019-05,2.293,BTS T-100 (proxy)
Pennsylvania,2019,5,2019-05,2.174,BTS T-100 (proxy)
Utah,2019,5,2019-05,2.069,BTS T-100 (proxy)
Massachusetts,2019,5,2019-05,1.856,BTS T-100 (proxy)
New Jersey,2019,5,2019-05,1.829,BTS T-100 (proxy)
Oregon,2019,5,2019-05,1.605,BTS T-100 (proxy)
Maryland,2019,5,2019-05,1.416,BTS T-100 (proxy)
Tennessee,2019,5,2019-05,1.482,BTS T-100 (proxy)
Missouri,2019,5,2019-05,1.272,BTS T-100 (proxy)
Wisconsin,2019,5,2019-05,1.063,BTS T-100 (proxy)
Ohio,2019,5,2019-05,1.05,BTS T-100 (proxy)
Indiana,2019,5,2019-05,0.86,BTS T-100 (proxy)
Louisiana,2019,5,2019-05,0.822,BTS T-100 (proxy)
Oklahoma,2019,5,2019-05,0.717,BTS T-100 (proxy)
Kansas,2019,5,2019-05,0.542,BTS T-100 (proxy)
New Mexico,2019,5,2019-05,0.474,BTS T-100 (proxy)
Idaho,2019,5,2019-05,0.346,BTS T-100 (proxy)
Montana,2019,5,2019-05,0.235,BTS T-100 (proxy)
Wyoming,2019,5,2019-05,0.186,BTS T-100 (proxy)
Alaska,2019,5,2019-05,0.558,BTS T-100 (proxy)
Hawaii,2019,5,2019-05,1.305,BTS T-100 (proxy)
California,2019,6,2019-06,9.34,BTS T-100 (proxy)
Texas,2019,6,2019-06,7.942,BTS T-100 (proxy)
Florida,2019,6,2019-06,7.79,BTS T-100 (proxy)
Georgia,2019,6,2019-06,5.965,BTS T-100 (proxy)
Illinois,2019,6,2019-06,4.897,BTS T-100 (proxy)
New York,2019,6,2019-06,4.79,BTS T-100 (proxy)
Colorado,2019,6,2019-06,4.373,BTS T-100 (proxy)
Washington,2019,6,2019-06,3.947,BTS T-100 (proxy)
Nevada,2019,6,2019-06,3.404,BTS T-100 (proxy)
Arizona,2019,6,2019-06,3.789,BTS T-100 (proxy)
North Carolina,2019,6,2019-06,2.965,BTS T-100 (proxy)
Virginia,2019,6,2019-06,2.532,BTS T-100 (proxy)
Michigan,2019,6,2019-06,2.286,BTS T-100 (proxy)
Minnesota,2019,6,2019-06,2.355,BTS T-100 (proxy)
Pennsylvania,2019,6,2019-06,2.161,BTS T-100 (proxy)
Utah,2019,6,2019-06,2.144,BTS T-100 (proxy)
Massachusetts,2019,6,2019-06,2.001,BTS T-100 (proxy)
New Jersey,2019,6,2019-06,1.833,BTS T-100 (proxy)
Oregon,2019,6,2019-06,1.542,BTS T-100 (proxy)
Maryland,2019,6,2019-06,1.382,BTS T-100 (proxy)
Tennessee,2019,6,2019-06,1.349,BTS T-100 (proxy)
Missouri,2019,6,2019-06,1.319,BTS T-100 (proxy)
Wisconsin,2019,6,2019-06,1.162,BTS T-100 (proxy)
Ohio,2019,6,2019-06,0.971,BTS T-100 (proxy)
Indiana,2019,6,2019-06,0.928,BTS T-100 (proxy)
Louisiana,2019,6,2019-06,0.821,BTS T-100 (proxy)
Oklahoma,2019,6,2019-06,0.66,BTS T-100 (proxy)
Kansas,2019,6,2019-06,0.579,BTS T-100 (proxy)
New Mexico,2019,6,2019-06,0.461,BTS T-100 (proxy)
Idaho,2019,6,2019-06,0.325,BTS T-100 (proxy)
Montana,2019,6,2019-06,0.234,BTS T-100 (proxy)
Wyoming,2019,6,2019-06,0.177,BTS T-100 (proxy)
Alaska,2019,6,2019-06,0.606,BTS T-100 (proxy)
Hawaii,2019,6,2019-06,1.453,BTS T-100 (proxy)
California,2019,7,2019-07,8.943,BTS T-100 (proxy)
Texas,2019,7,2019-07,7.754,BTS T-100 (proxy)
Florida,2019,7,2019-07,7.881,BTS T-100 (proxy)
Georgia,2019,7,2019-07,5.911,BTS T-100 (proxy)
Illinois,2019,7,2019-07,4.868,BTS T-100 (proxy)
New York,2019,7,2019-07,5.39,BTS T-100 (proxy)
Colorado,2019,7,2019-07,4.416,BTS T-100 (proxy)
Washington,2019,7,2019-07,3.821,BTS T-100 (proxy)
Nevada,2019,7,2019-07,3.551,BTS T-100 (proxy)
Arizona,2019,7,2019-07,3.383,BTS T-100 (proxy)
North Carolina,2019,7,2019-07,2.78,BTS T-100 (proxy)
Virginia,2019,7,2019-07,2.697,BTS T-100 (proxy)
Michigan,2019,7,2019-07,2.281,BTS T-100 (proxy)
Minnesota,2019,7,2019-07,2.233,BTS T-100 (proxy)
Pennsylvania,2019,7,2019-07,2.095,BTS T-100 (proxy)
Utah,2019,7,2019-07,2.042,BTS T-100 (proxy)
Massachusetts,2019,7,2019-07,2.143,BTS T-100 (proxy)
New Jersey,2019,7,2019-07,1.639,BTS T-100 (proxy)
Oregon,2019,7,2019-07,1.636,BTS T-100 (proxy)
Maryland,2019,7,2019-07,1.35,BTS T-100 (proxy)
Tennessee,2019,7,2019-07,1.324,BTS T-100 (proxy)
Missouri,2019,7,2019-07,1.311,BTS T-100 (proxy)
Wisconsin,2019,7,2019-07,1.134,BTS T-100 (proxy)
Ohio,2019,7,2019-07,0.962,BTS T-100 (proxy)
Indiana,2019,7,2019-07,0.872,BTS T-100 (proxy)
Louisiana,2019,7,2019-07,0.818,BTS T-100 (proxy)
Oklahoma,2019,7,2019-07,0.653,BTS T-100 (proxy)
Kansas,2019,7,2019-07,0.571,BTS T-100 (proxy)
New Mexico,2019,7,2019-07,0.453,BTS T-100 (proxy)
Idaho,2019,7,2019-07,0.328,BTS T-100 (proxy)
Montana,2019,7,2019-07,0.25,BTS T-100 (proxy)
Wyoming,2019,7,2019-07,0.175,BTS T-100 (proxy)
Alaska,2019,7,2019-07,0.508,BTS T-100 (proxy)
Hawaii,2019,7,2019-07,1.369,BTS T-100 (proxy)
California,2019,8,2019-08,8.835,BTS T-100 (proxy)
Texas,2019,8,2019-08,8.07,BTS T-100 (proxy)
Florida,2019,8,2019-08,7.02,BTS T-100 (proxy)
Georgia,2019,8,2019-08,5.451,BTS T-100 (proxy)
Illinois,2019,8,2019-08,4.629,BTS T-100 (proxy)
New York,2019,8,2019-08,4.486,BTS T-100 (proxy)
Colorado,2019,8,2019-08,3.84,BTS T-100 (proxy)
Washington,2019,8,2019-08,3.382,BTS T-100 (proxy)
Nevada,2019,8,2019-08,3.148,BTS T-100 (proxy)
Arizona,2019,8,2019-08,3.016,BTS T-100 (proxy)
North Carolina,2019,8,2019-08,2.925,BTS T-100 (proxy)
Virginia,2019,8,2019-08,2.523,BTS T-100 (proxy)
Michigan,2019,8,2019-08,2.115,BTS T-100 (proxy)
Minnesota,2019,8,2019-08,2.249,BTS T-100 (proxy)
Pennsylvania,2019,8,2019-08,2.259,BTS T-100 (proxy)
Utah,2019,8,2019-08,2.035,BTS T-100 (proxy)
Massachusetts,2019,8,2019-08,1.689,BTS T-100 (proxy)
New Jersey,2019,8,2019-08,1.678,BTS T-100 (proxy)
Oregon,2019,8,2019-08,1.6,BTS T-100 (proxy)
Maryland,2019,8,2019-08,1.348,BTS T-100 (proxy)
Tennessee,2019,8,2019-08,1.319,BTS T-100 (proxy)
Missouri,2019,8,2019-08,1.228,BTS T-100 (proxy)
Wisconsin,2019,8,2019-08,1.025,BTS T-100 (proxy)
Ohio,2019,8,2019-08,0.965,BTS T-100 (proxy)
Indiana,2019,8,2019-08,0.721,BTS T-100 (proxy)
Louisiana,2019,8,2019-08,0.714,BTS T-100 (proxy)
Oklahoma,2019,8,2019-08,0.637,BTS T-100 (proxy)
Kansas,2019,8,2019-08,0.504,BTS T-100 (proxy)
New Mexico,2019,8,2019-08,0.465,BTS T-100 (proxy)
Idaho,2019,8,2019-08,0.299,BTS T-100 (proxy)
Montana,2019,8,2019-08,0.21,BTS T-100 (proxy)
Wyoming,2019,8,2019-08,0.162,BTS T-100 (proxy)
Alaska,2019,8,2019-08,0.576,BTS T-100 (proxy)
Hawaii,2019,8,2019-08,1.197,BTS T-100 (proxy)
California,2019,9,2019-09,8.994,BTS T-100 (proxy)
Texas,2019,9,2019-09,7.204,BTS T-100 (proxy)
Florida,2019,9,2019-09,6.466,BTS T-100 (proxy)
Georgia,2019,9,2019-09,5.218,BTS T-100 (proxy)
Illinois,2019,9,2019-09,4.242,BTS T-100 (proxy)
New York,2019,9,2019-09,3.88,BTS T-100 (proxy)
Colorado,2019,9,2019-09,3.813,BTS T-100 (proxy)
Washington,2019,9,2019-09,3.138,BTS T-100 (proxy)
Nevada,2019,9,2019-09,3.017,BTS T-100 (proxy)
Arizona,2019,9,2019-09,2.996,BTS T-100 (proxy)
North Carolina,2019,9,2019-09,2.698,BTS T-100 (proxy)
Virginia,2019,9,2019-09,2.158,BTS T-100 (proxy)
Michigan,2019,9,2019-09,2.324,BTS T-100 (proxy)
Minnesota,2019,9,2019-09,1.805,BTS T-100 (proxy)
Pennsylvania,2019,9,2019-09,1.886,BTS T-100 (proxy)
Utah,2019,9,2019-09,1.853,BTS T-100 (proxy)
Massachusetts,2019,9,2019-09,1.724,BTS T-100 (proxy)
New Jersey,2019,9,2019-09,1.55,BTS T-100 (proxy)
Oregon,2019,9,2019-09,1.385,BTS T-100 (proxy)
Maryland,2019,9,2019-09,1.268,BTS T-100 (proxy)
Tennessee,2019,9,2019-09,1.165,BTS T-100 (proxy)
Missouri,2019,9,2019-09,1.147,BTS T-100 (proxy)
Wisconsin,2019,9,2019-09,1.018,BTS T-100 (proxy)
Ohio,2019,9,2019-09,0.869,BTS T-100 (proxy)
Indiana,2019,9,2019-09,0.836,BTS T-100 (proxy)
Louisiana,2019,9,2019-09,0.711,BTS T-100 (proxy)
Oklahoma,2019,9,2019-09,0.624,BTS T-100 (proxy)
Kansas,2019,9,2019-09,0.516,BTS T-100 (proxy)
New Mexico,2019,9,2019-09,0.383,BTS T-100 (proxy)
Idaho,2019,9,2019-09,0.292,BTS T-100 (proxy)
Montana,2019,9,2019-09,0.207,BTS T-100 (proxy)
Wyoming,2019,9,2019-09,0.155,BTS T-100 (proxy)
Alaska,2019,9,2019-09,0.499,BTS T-100 (proxy)
Hawaii,2019,9,2019-09,1.207,BTS T-100 (proxy)
California,2019,10,2019-10,8.365,BTS T-100 (proxy)
Texas,2019,10,2019-10,6.463,BTS T-100 (proxy)
Florida,2019,10,2019-10,6.462,BTS T-100 (proxy)
Georgia,2019,10,2019-10,4.67,BTS T-100 (proxy)
Illinois,2019,10,2019-10,3.843,BTS T-100 (proxy)
New York,2019,10,2019-10,3.903,BTS T-100 (proxy)
Colorado,2019,10,2019-10,3.66,BTS T-100 (proxy)
Washington,2019,10,2019-10,3.08,BTS T-100 (proxy)
Nevada,2019,10,2019-10,2.956,BTS T-100 (proxy)
Arizona,2019,10,2019-10,2.685,BTS T-100 (proxy)
North Carolina,2019,10,2019-10,2.391,BTS T-100 (proxy)
Virginia,2019,10,2019-10,2.094,BTS T-100 (proxy)
Michigan,2019,10,2019-10,1.974,BTS T-100 (proxy)
Minnesota,2019,10,2019-10,1.838,BTS T-100 (proxy)
Pennsylvania,2019,10,2019-10,1.766,BTS T-100 (proxy)
Utah,2019,10,2019-10,1.715,BTS T-100 (proxy)
Massachusetts,2019,10,2019-10,1.508,BTS T-100 (proxy)
New Jersey,2019,10,2019-10,1.635,BTS T-100 (proxy)
Oregon,2019,10,2019-10,1.23,BTS T-100 (proxy)
Maryland,2019,10,2019-10,1.129,BTS T-100 (proxy)
Tennessee,2019,10,2019-10,1.174,BTS T-100 (proxy)
Missouri,2019,10,2019-10,1.058,BTS T-100 (proxy)
Wisconsin,2019,10,2019-10,0.954,BTS T-100 (proxy)
Ohio,2019,10,2019-10,0.859,BTS T-100 (proxy)
Indiana,2019,10,2019-10,0.74,BTS T-100 (proxy)
Louisiana,2019,10,2019-10,0.618,BTS T-100 (proxy)
Oklahoma,2019,10,2019-10,0.557,BTS T-100 (proxy)
Kansas,2019,10,2019-10,0.447,BTS T-100 (proxy)
New Mexico,2019,10,2019-10,0.388,BTS T-100 (proxy)
Idaho,2019,10,2019-10,0.275,BTS T-100 (proxy)
Montana,2019,10,2019-10,0.177,BTS T-100 (proxy)
Wyoming,2019,10,2019-10,0.137,BTS T-100 (proxy)
Alaska,2019,10,2019-10,0.472,BTS T-100 (proxy)
Hawaii,2019,10,2019-10,1.079,BTS T-100 (proxy)
California,2019,11,2019-11,7.092,BTS T-100 (proxy)
Texas,2019,11,2019-11,6.341,BTS T-100 (proxy)
Florida,2019,11,2019-11,5.989,BTS T-100 (proxy)
Georgia,2019,11,2019-11,4.325,BTS T-100 (proxy)
Illinois,2019,11,2019-11,3.568,BTS T-100 (proxy)
New York,2019,11,2019-11,3.521,BTS T-100 (proxy)
Colorado,2019,11,2019-11,3.067,BTS T-100 (proxy)
Washington,2019,11,2019-11,2.588,BTS T-100 (proxy)
Nevada,2019,11,2019-11,2.517,BTS T-100 (proxy)
Arizona,2019,11,2019-11,2.496,BTS T-100 (proxy)
North Carolina,2019,11,2019-11,2.209,BTS T-100 (proxy)
Virginia,2019,11,2019-11,2.149,BTS T-100 (proxy)
Michigan,2019,11,2019-11,1.906,BTS T-100 (proxy)
Minnesota,2019,11,2019-11,1.726,BTS T-100 (proxy)
Pennsylvania,2019,11,2019-11,1.652,BTS T-100 (proxy)
Utah,2019,11,2019-11,1.488,BTS T-100 (proxy)
Massachusetts,2019,11,2019-11,1.478,BTS T-100 (proxy)
New Jersey,2019,11,2019-11,1.372,BTS T-100 (proxy)
Oregon,2019,11,2019-11,1.238,BTS T-100 (proxy)
Maryland,2019,11,2019-11,1.084,BTS T-100 (proxy)
Tennessee,2019,11,2019-11,1.071,BTS T-100 (proxy)
Missouri,2019,11,2019-11,1.03,BTS T-100 (proxy)
Wisconsin,2019,11,2019-11,0.865,BTS T-100 (proxy)
Ohio,2019,11,2019-11,0.799,BTS T-100 (proxy)
Indiana,2019,11,2019-11,0.72,BTS T-100 (proxy)
Louisiana,2019,11,2019-11,0.597,BTS T-100 (proxy)
Oklahoma,2019,11,2019-11,0.528,BTS T-100 (proxy)
Kansas,2019,11,2019-11,0.435,BTS T-100 (proxy)
New Mexico,2019,11,2019-11,0.35,BTS T-100 (proxy)
Idaho,2019,11,2019-11,0.251,BTS T-100 (proxy)
Montana,2019,11,2019-11,0.174,BTS T-100 (proxy)
Wyoming,2019,11,2019-11,0.134,BTS T-100 (proxy)
Alaska,2019,11,2019-11,0.467,BTS T-100 (proxy)
Hawaii,2019,11,2019-11,1.094,BTS T-100 (proxy)
California,2019,12,2019-12,8.003,BTS T-100 (proxy)
Texas,2019,12,2019-12,5.885,BTS T-100 (proxy)
Florida,2019,12,2019-12,6.032,BTS T-100 (proxy)
Georgia,2019,12,2019-12,4.375,BTS T-100 (proxy)
Illinois,2019,12,2019-12,3.961,BTS T-100 (proxy)
New York,2019,12,2019-12,3.263,BTS T-100 (proxy)
Colorado,2019,12,2019-12,3.094,BTS T-100 (proxy)
Washington,2019,12,2019-12,2.638,BTS T-100 (proxy)
Nevada,2019,12,2019-12,2.279,BTS T-100 (proxy)
Arizona,2019,12,2019-12,2.4,BTS T-100 (proxy)
North Carolina,2019,12,2019-12,2.044,BTS T-100 (proxy)
Virginia,2019,12,2019-12,1.97,BTS T-100 (proxy)
Michigan,2019,12,2019-12,1.816,BTS T-100 (proxy)
Minnesota,2019,12,2019-12,1.859,BTS T-100 (proxy)
Pennsylvania,2019,12,2019-12,1.692,BTS T-100 (proxy)
Utah,2019,12,2019-12,1.486,BTS T-100 (proxy)
Massachusetts,2019,12,2019-12,1.38,BTS T-100 (proxy)
New Jersey,2019,12,2019-12,1.393,BTS T-100 (proxy)
Oregon,2019,12,2019-12,1.111,BTS T-100 (proxy)
Maryland,2019,12,2019-12,1.206,BTS T-100 (proxy)
Tennessee,2019,12,2019-12,1.08,BTS T-100 (proxy)
Missouri,2019,12,2019-12,0.913,BTS T-100 (proxy)
Wisconsin,2019,12,2019-12,0.777,BTS T-100 (proxy)
Ohio,2019,12,2019-12,0.817,BTS T-100 (proxy)
Indiana,2019,12,2019-12,0.676,BTS T-100 (proxy)
Louisiana,2019,12,2019-12,0.632,BTS T-100 (proxy)
Oklahoma,2019,12,2019-12,0.469,BTS T-100 (proxy)
Kansas,2019,12,2019-12,0.412,BTS T-100 (proxy)
New Mexico,2019,12,2019-12,0.34,BTS T-100 (proxy)
Idaho,2019,12,2019-12,0.256,BTS T-100 (proxy)
Montana,2019,12,2019-12,0.166,BTS T-100 (proxy)
Wyoming,2019,12,2019-12,0.131,BTS T-100 (proxy)
Alaska,2019,12,2019-12,0.402,BTS T-100 (proxy)
Hawaii,2019,12,2019-12,1.013,BTS T-100 (proxy)
California,2020,1,2020-01,7.44,BTS T-100 (proxy)
Texas,2020,1,2020-01,6.426,BTS T-100 (proxy)
Florida,2020,1,2020-01,6.127,BTS T-100 (proxy)
Georgia,2020,1,2020-01,4.188,BTS T-100 (proxy)
Illinois,2020,1,2020-01,3.374,BTS T-100 (proxy)
New York,2020,1,2020-01,3.703,BTS T-100 (proxy)
Colorado,2020,1,2020-01,3.361,BTS T-100 (proxy)
Washington,2020,1,2020-01,2.68,BTS T-100 (proxy)
Nevada,2020,1,2020-01,2.813,BTS T-100 (proxy)
Arizona,2020,1,2020-01,2.538,BTS T-100 (proxy)
North Carolina,2020,1,2020-01,2.304,BTS T-100 (proxy)
Virginia,2020,1,2020-01,2.008,BTS T-100 (proxy)
Michigan,2020,1,2020-01,2.015,BTS T-100 (proxy)
Minnesota,2020,1,2020-01,1.893,BTS T-100 (proxy)
Pennsylvania,2020,1,2020-01,1.633,BTS T-100 (proxy)
Utah,2020,1,2020-01,1.642,BTS T-100 (proxy)
Massachusetts,2020,1,2020-01,1.527,BTS T-100 (proxy)
New Jersey,2020,1,2020-01,1.487,BTS T-100 (proxy)
Oregon,2020,1,2020-01,1.159,BTS T-100 (proxy)
Maryland,2020,1,2020-01,1.17,BTS T-100 (proxy)
Tennessee,2020,1,2020-01,1.099,BTS T-100 (proxy)
Missouri,2020,1,2020-01,0.873,BTS T-100 (proxy)
Wisconsin,2020,1,2020-01,0.819,BTS T-100 (proxy)
Ohio,2020,1,2020-01,0.703,BTS T-100 (proxy)
Indiana,2020,1,2020-01,0.687,BTS T-100 (proxy)
Louisiana,2020,1,2020-01,0.631,BTS T-100 (proxy)
Oklahoma,2020,1,2020-01,0.561,BTS T-100 (proxy)
Kansas,2020,1,2020-01,0.437,BTS T-100 (proxy)
New Mexico,2020,1,2020-01,0.376,BTS T-100 (proxy)
Idaho,2020,1,2020-01,0.243,BTS T-100 (proxy)
Montana,2020,1,2020-01,0.159,BTS T-100 (proxy)
Wyoming,2020,1,2020-01,0.13,BTS T-100 (proxy)
Alaska,2020,1,2020-01,0.443,BTS T-100 (proxy)
Hawaii,2020,1,2020-01,1.042,BTS T-100 (proxy)
California,2020,2,2020-02,7.05,BTS T-100 (proxy)
Texas,2020,2,2020-02,6.63,BTS T-100 (proxy)
Florida,2020,2,2020-02,5.88,BTS T-100 (proxy)
Georgia,2020,2,2020-02,4.875,BTS T-100 (proxy)
Illinois,2020,2,2020-02,3.956,BTS T-100 (proxy)
New York,2020,2,2020-02,3.526,BTS T-100 (proxy)
Colorado,2020,2,2020-02,3.425,BTS T-100 (proxy)
Washington,2020,2,2020-02,2.803,BTS T-100 (proxy)
Nevada,2020,2,2020-02,2.766,BTS T-100 (proxy)
Arizona,2020,2,2020-02,2.811,BTS T-100 (proxy)
North Carolina,2020,2,2020-02,2.199,BTS T-100 (proxy)
Virginia,2020,2,2020-02,2.181,BTS T-100 (proxy)
Michigan,2020,2,2020-02,1.891,BTS T-100 (proxy)
Minnesota,2020,2,2020-02,1.777,BTS T-100 (proxy)
Pennsylvania,2020,2,2020-02,1.748,BTS T-100 (proxy)
Utah,2020,2,2020-02,1.579,BTS T-100 (proxy)
Massachusetts,2020,2,2020-02,1.529,BTS T-100 (proxy)
New Jersey,2020,2,2020-02,1.391,BTS T-100 (proxy)
Oregon,2020,2,2020-02,1.422,BTS T-100 (proxy)
Maryland,2020,2,2020-02,1.205,BTS T-100 (proxy)
Tennessee,2020,2,2020-02,1.071,BTS T-100 (proxy)
Missouri,2020,2,2020-02,1.028,BTS T-100 (proxy)
Wisconsin,2020,2,2020-02,0.92,BTS T-100 (proxy)
Ohio,2020,2,2020-02,0.823,BTS T-100 (proxy)
Indiana,2020,2,2020-02,0.763,BTS T-100 (proxy)
Louisiana,2020,2,2020-02,0.672,BTS T-100 (proxy)
Oklahoma,2020,2,2020-02,0.54,BTS T-100 (proxy)
Kansas,2020,2,2020-02,0.449,BTS T-100 (proxy)
New Mexico,2020,2,2020-02,0.365,BTS T-100 (proxy)
Idaho,2020,2,2020-02,0.246,BTS T-100 (proxy)
Montana,2020,2,2020-02,0.171,BTS T-100 (proxy)
Wyoming,2020,2,2020-02,0.148,BTS T-100 (proxy)
Alaska,2020,2,2020-02,0.501,BTS T-100 (proxy)
Hawaii,2020,2,2020-02,1.096,BTS T-100 (proxy)
California,2020,3,2020-03,8.745,BTS T-100 (proxy)
Texas,2020,3,2020-03,7.312,BTS T-100 (proxy)
Florida,2020,3,2020-03,7.847,BTS T-100 (proxy)
Georgia,2020,3,2020-03,5.385,BTS T-100 (proxy)
Illinois,2020,3,2020-03,4.173,BTS T-100 (proxy)
New York,2020,3,2020-03,3.809,BTS T-100 (proxy)
Colorado,2020,3,2020-03,3.495,BTS T-100 (proxy)
Washington,2020,3,2020-03,3.233,BTS T-100 (proxy)
Nevada,2020,3,2020-03,2.887,BTS T-100 (proxy)
Arizona,2020,3,2020-03,2.694,BTS T-100 (proxy)
North Carolina,2020,3,2020-03,2.419,BTS T-100 (proxy)
Virginia,2020,3,2020-03,2.176,BTS T-100 (proxy)
Michigan,2020,3,2020-03,2.277,BTS T-100 (proxy)
Minnesota,2020,3,2020-03,2.088,BTS T-100 (proxy)
Pennsylvania,2020,3,2020-03,1.899,BTS T-100 (proxy)
Utah,2020,3,2020-03,1.933,BTS T-100 (proxy)
Massachusetts,2020,3,2020-03,1.707,BTS T-100 (proxy)
New Jersey,2020,3,2020-03,1.531,BTS T-100 (proxy)
Oregon,2020,3,2020-03,1.507,BTS T-100 (proxy)
Maryland,2020,3,2020-03,1.335,BTS T-100 (proxy)
Tennessee,2020,3,2020-03,1.138,BTS T-100 (proxy)
Missouri,2020,3,2020-03,1.09,BTS T-100 (proxy)
Wisconsin,2020,3,2020-03,0.956,BTS T-100 (proxy)
Ohio,2020,3,2020-03,0.838,BTS T-100 (proxy)
Indiana,2020,3,2020-03,0.837,BTS T-100 (proxy)
Louisiana,2020,3,2020-03,0.767,BTS T-100 (proxy)
Oklahoma,2020,3,2020-03,0.558,BTS T-100 (proxy)
Kansas,2020,3,2020-03,0.514,BTS T-100 (proxy)
New Mexico,2020,3,2020-03,0.387,BTS T-100 (proxy)
Idaho,2020,3,2020-03,0.293,BTS T-100 (proxy)
Montana,2020,3,2020-03,0.194,BTS T-100 (proxy)
Wyoming,2020,3,2020-03,0.144,BTS T-100 (proxy)
Alaska,2020,3,2020-03,0.501,BTS T-100 (proxy)
Hawaii,2020,3,2020-03,1.15,BTS T-100 (proxy)
California,2020,4,2020-04,1.852,BTS T-100 (proxy)
Texas,2020,4,2020-04,1.544,BTS T-100 (proxy)
Florida,2020,4,2020-04,1.445,BTS T-100 (proxy)
Georgia,2020,4,2020-04,1.047,BTS T-100 (proxy)
Illinois,2020,4,2020-04,0.877,BTS T-100 (proxy)
New York,2020,4,2020-04,0.892,BTS T-100 (proxy)
Colorado,2020,4,2020-04,0.837,BTS T-100 (proxy)
Washington,2020,4,2020-04,0.654,BTS T-100 (proxy)
Nevada,2020,4,2020-04,0.648,BTS T-100 (proxy)
Arizona,2020,4,2020-04,0.647,BTS T-100 (proxy)
North Carolina,2020,4,2020-04,0.493,BTS T-100 (proxy)
Virginia,2020,4,2020-04,0.508,BTS T-100 (proxy)
Michigan,2020,4,2020-04,0.437,BTS T-100 (proxy)
Minnesota,2020,4,2020-04,0.442,BTS T-100 (proxy)
Pennsylvania,2020,4,2020-04,0.393,BTS T-100 (proxy)
Utah,2020,4,2020-04,0.352,BTS T-100 (proxy)
Massachusetts,2020,4,2020-04,0.336,BTS T-100 (proxy)
New Jersey,2020,4,2020-04,0.345,BTS T-100 (proxy)
Oregon,2020,4,2020-04,0.305,BTS T-100 (proxy)
Maryland,2020,4,2020-04,0.267,BTS T-100 (proxy)
Tennessee,2020,4,2020-04,0.266,BTS T-100 (proxy)
Missouri,2020,4,2020-04,0.217,BTS T-100 (proxy)
Wisconsin,2020,4,2020-04,0.214,BTS T-100 (proxy)
Ohio,2020,4,2020-04,0.182,BTS T-100 (proxy)
Indiana,2020,4,2020-04,0.166,BTS T-100 (proxy)
Louisiana,2020,4,2020-04,0.151,BTS T-100 (proxy)
Oklahoma,2020,4,2020-04,0.123,BTS T-100 (proxy)
Kansas,2020,4,2020-04,0.105,BTS T-100 (proxy)
New Mexico,2020,4,2020-04,0.09,BTS T-100 (proxy)
Idaho,2020,4,2020-04,0.063,BTS T-100 (proxy)
Montana,2020,4,2020-04,0.045,BTS T-100 (proxy)
Wyoming,2020,4,2020-04,0.03,BTS T-100 (proxy)
Alaska,2020,4,2020-04,0.11,BTS T-100 (proxy)
Hawaii,2020,4,2020-04,0.277,BTS T-100 (proxy)
California,2020,5,2020-05,1.683,BTS T-100 (proxy)
Texas,2020,5,2020-05,1.562,BTS T-100 (proxy)
Florida,2020,5,2020-05,1.581,BTS T-100 (proxy)
Georgia,2020,5,2020-05,1.141,BTS T-100 (proxy)
Illinois,2020,5,2020-05,0.967,BTS T-100 (proxy)
New York,2020,5,2020-05,0.877,BTS T-100 (proxy)
Colorado,2020,5,2020-05,0.862,BTS T-100 (proxy)
Washington,2020,5,2020-05,0.718,BTS T-100 (proxy)
Nevada,2020,5,2020-05,0.718,BTS T-100 (proxy)
Arizona,2020,5,2020-05,0.664,BTS T-100 (proxy)
North Carolina,2020,5,2020-05,0.574,BTS T-100 (proxy)
Virginia,2020,5,2020-05,0.509,BTS T-100 (proxy)
Michigan,2020,5,2020-05,0.463,BTS T-100 (proxy)
Minnesota,2020,5,2020-05,0.442,BTS T-100 (proxy)
Pennsylvania,2020,5,2020-05,0.438,BTS T-100 (proxy)
Utah,2020,5,2020-05,0.398,BTS T-100 (proxy)
Massachusetts,2020,5,2020-05,0.39,BTS T-100 (proxy)
New Jersey,2020,5,2020-05,0.399,BTS T-100 (proxy)
Oregon,2020,5,2020-05,0.33,BTS T-100 (proxy)
Maryland,2020,5,2020-05,0.289,BTS T-100 (proxy)
Tennessee,2020,5,2020-05,0.287,BTS T-100 (proxy)
Missouri,2020,5,2020-05,0.244,BTS T-100 (proxy)
Wisconsin,2020,5,2020-05,0.203,BTS T-100 (proxy)
Ohio,2020,5,2020-05,0.193,BTS T-100 (proxy)
Indiana,2020,5,2020-05,0.164,BTS T-100 (proxy)
Louisiana,2020,5,2020-05,0.155,BTS T-100 (proxy)
Oklahoma,2020,5,2020-05,0.136,BTS T-100 (proxy)
Kansas,2020,5,2020-05,0.122,BTS T-100 (proxy)
New Mexico,2020,5,2020-05,0.092,BTS T-100 (proxy)
Idaho,2020,5,2020-05,0.067,BTS T-100 (proxy)
Montana,2020,5,2020-05,0.047,BTS T-100 (proxy)
Wyoming,2020,5,2020-05,0.03,BTS T-100 (proxy)
Alaska,2020,5,2020-05,0.114,BTS T-100 (proxy)
Hawaii,2020,5,2020-05,0.282,BTS T-100 (proxy)
California,2020,6,2020-06,1.81,BTS T-100 (proxy)
Texas,2020,6,2020-06,1.751,BTS T-100 (proxy)
Florida,2020,6,2020-06,1.59,BTS T-100 (proxy)
Georgia,2020,6,2020-06,1.149,BTS T-100 (proxy)
Illinois,2020,6,2020-06,0.997,BTS T-100 (proxy)
New York,2020,6,2020-06,1.024,BTS T-100 (proxy)
Colorado,2020,6,2020-06,0.882,BTS T-100 (proxy)
Washington,2020,6,2020-06,0.745,BTS T-100 (proxy)
Nevada,2020,6,2020-06,0.674,BTS T-100 (proxy)
Arizona,2020,6,2020-06,0.639,BTS T-100 (proxy)
North Carolina,2020,6,2020-06,0.599,BTS T-100 (proxy)
Virginia,2020,6,2020-06,0.506,BTS T-100 (proxy)
Michigan,2020,6,2020-06,0.485,BTS T-100 (proxy)
Minnesota,2020,6,2020-06,0.449,BTS T-100 (proxy)
Pennsylvania,2020,6,2020-06,0.447,BTS T-100 (proxy)
Utah,2020,6,2020-06,0.421,BTS T-100 (proxy)
Massachusetts,2020,6,2020-06,0.411,BTS T-100 (proxy)
New Jersey,2020,6,2020-06,0.359,BTS T-100 (proxy)
Oregon,2020,6,2020-06,0.318,BTS T-100 (proxy)
Maryland,2020,6,2020-06,0.284,BTS T-100 (proxy)
Tennessee,2020,6,2020-06,0.27,BTS T-100 (proxy)
Missouri,2020,6,2020-06,0.258,BTS T-100 (proxy)
Wisconsin,2020,6,2020-06,0.239,BTS T-100 (proxy)
Ohio,2020,6,2020-06,0.197,BTS T-100 (proxy)
Indiana,2020,6,2020-06,0.192,BTS T-100 (proxy)
Louisiana,2020,6,2020-06,0.172,BTS T-100 (proxy)
Oklahoma,2020,6,2020-06,0.141,BTS T-100 (proxy)
Kansas,2020,6,2020-06,0.126,BTS T-100 (proxy)
New Mexico,2020,6,2020-06,0.088,BTS T-100 (proxy)
Idaho,2020,6,2020-06,0.065,BTS T-100 (proxy)
Montana,2020,6,2020-06,0.042,BTS T-100 (proxy)
Wyoming,2020,6,2020-06,0.037,BTS T-100 (proxy)
Alaska,2020,6,2020-06,0.119,BTS T-100 (proxy)
Hawaii,2020,6,2020-06,0.275,BTS T-100 (proxy)
California,2020,7,2020-07,1.948,BTS T-100 (proxy)
Texas,2020,7,2020-07,1.535,BTS T-100 (proxy)
Florida,2020,7,2020-07,1.725,BTS T-100 (proxy)
Georgia,2020,7,2020-07,1.16,BTS T-100 (proxy)
Illinois,2020,7,2020-07,0.954,BTS T-100 (proxy)
New York,2020,7,2020-07,0.937,BTS T-100 (proxy)
Colorado,2020,7,2020-07,0.879,BTS T-100 (proxy)
Washington,2020,7,2020-07,0.731,BTS T-100 (proxy)
Nevada,2020,7,2020-07,0.651,BTS T-100 (proxy)
Arizona,2020,7,2020-07,0.671,BTS T-100 (proxy)
North Carolina,2020,7,2020-07,0.618,BTS T-100 (proxy)
Virginia,2020,7,2020-07,0.555,BTS T-100 (proxy)
Michigan,2020,7,2020-07,0.512,BTS T-100 (proxy)
Minnesota,2020,7,2020-07,0.44,BTS T-100 (proxy)
Pennsylvania,2020,7,2020-07,0.408,BTS T-100 (proxy)
Utah,2020,7,2020-07,0.404,BTS T-100 (proxy)
Massachusetts,2020,7,2020-07,0.385,BTS T-100 (proxy)
New Jersey,2020,7,2020-07,0.381,BTS T-100 (proxy)
Oregon,2020,7,2020-07,0.29,BTS T-100 (proxy)
Maryland,2020,7,2020-07,0.316,BTS T-100 (proxy)
Tennessee,2020,7,2020-07,0.269,BTS T-100 (proxy)
Missouri,2020,7,2020-07,0.243,BTS T-100 (proxy)
Wisconsin,2020,7,2020-07,0.215,BTS T-100 (proxy)
Ohio,2020,7,2020-07,0.187,BTS T-100 (proxy)
Indiana,2020,7,2020-07,0.188,BTS T-100 (proxy)
Louisiana,2020,7,2020-07,0.159,BTS T-100 (proxy)
Oklahoma,2020,7,2020-07,0.127,BTS T-100 (proxy)
Kansas,2020,7,2020-07,0.106,BTS T-100 (proxy)
New Mexico,2020,7,2020-07,0.089,BTS T-100 (proxy)
Idaho,2020,7,2020-07,0.073,BTS T-100 (proxy)
Montana,2020,7,2020-07,0.045,BTS T-100 (proxy)
Wyoming,2020,7,2020-07,0.031,BTS T-100 (proxy)
Alaska,2020,7,2020-07,0.112,BTS T-100 (proxy)
Hawaii,2020,7,2020-07,0.267,BTS T-100 (proxy)
California,2020,8,2020-08,1.581,BTS T-100 (proxy)
Texas,2020,8,2020-08,1.544,BTS T-100 (proxy)
Florida,2020,8,2020-08,1.445,BTS T-100 (proxy)
Georgia,2020,8,2020-08,1.135,BTS T-100 (proxy)
Illinois,2020,8,2020-08,0.986,BTS T-100 (proxy)
New York,2020,8,2020-08,0.908,BTS T-100 (proxy)
Colorado,2020,8,2020-08,0.806,BTS T-100 (proxy)
Washington,2020,8,2020-08,0.65,BTS T-100 (proxy)
Nevada,2020,8,2020-08,0.728,BTS T-100 (proxy)
Arizona,2020,8,2020-08,0.625,BTS T-100 (proxy)
North Carolina,2020,8,2020-08,0.538,BTS T-100 (proxy)
Virginia,2020,8,2020-08,0.494,BTS T-100 (proxy)
Michigan,2020,8,2020-08,0.456,BTS T-100 (proxy)
Minnesota,2020,8,2020-08,0.427,BTS T-100 (proxy)
Pennsylvania,2020,8,2020-08,0.397,BTS T-100 (proxy)
Utah,2020,8,2020-08,0.376,BTS T-100 (proxy)
Massachusetts,2020,8,2020-08,0.365,BTS T-100 (proxy)
New Jersey,2020,8,2020-08,0.335,BTS T-100 (proxy)
Oregon,2020,8,2020-08,0.29,BTS T-100 (proxy)
Maryland,2020,8,2020-08,0.281,BTS T-100 (proxy)
Tennessee,2020,8,2020-08,0.255,BTS T-100 (proxy)
Missouri,2020,8,2020-08,0.254,BTS T-100 (proxy)
Wisconsin,2020,8,2020-08,0.187,BTS T-100 (proxy)
Ohio,2020,8,2020-08,0.204,BTS T-100 (proxy)
Indiana,2020,8,2020-08,0.183,BTS T-100 (proxy)
Louisiana,2020,8,2020-08,0.135,BTS T-100 (proxy)
Oklahoma,2020,8,2020-08,0.127,BTS T-100 (proxy)
Kansas,2020,8,2020-08,0.106,BTS T-100 (proxy)
New Mexico,2020,8,2020-08,0.08,BTS T-100 (proxy)
Idaho,2020,8,2020-08,0.062,BTS T-100 (proxy)
Montana,2020,8,2020-08,0.041,BTS T-100 (proxy)
Wyoming,2020,8,2020-08,0.035,BTS T-100 (proxy)
Alaska,2020,8,2020-08,0.113,BTS T-100 (proxy)
Hawaii,2020,8,2020-08,0.274,BTS T-100 (proxy)
California,2020,9,2020-09,1.761,BTS T-100 (proxy)
Texas,2020,9,2020-09,1.359,BTS T-100 (proxy)
Florida,2020,9,2020-09,1.324,BTS T-100 (proxy)
Georgia,2020,9,2020-09,1.045,BTS T-100 (proxy)
Illinois,2020,9,2020-09,0.789,BTS T-100 (proxy)
New York,2020,9,2020-09,0.829,BTS T-100 (proxy)
Colorado,2020,9,2020-09,0.751,BTS T-100 (proxy)
Washington,2020,9,2020-09,0.628,BTS T-100 (proxy)
Nevada,2020,9,2020-09,0.621,BTS T-100 (proxy)
Arizona,2020,9,2020-09,0.593,BTS T-100 (proxy)
North Carolina,2020,9,2020-09,0.491,BTS T-100 (proxy)
Virginia,2020,9,2020-09,0.487,BTS T-100 (proxy)
Michigan,2020,9,2020-09,0.397,BTS T-100 (proxy)
Minnesota,2020,9,2020-09,0.412,BTS T-100 (proxy)
Pennsylvania,2020,9,2020-09,0.391,BTS T-100 (proxy)
Utah,2020,9,2020-09,0.354,BTS T-100 (proxy)
Massachusetts,2020,9,2020-09,0.346,BTS T-100 (proxy)
New Jersey,2020,9,2020-09,0.3,BTS T-100 (proxy)
Oregon,2020,9,2020-09,0.293,BTS T-100 (proxy)
Maryland,2020,9,2020-09,0.258,BTS T-100 (proxy)
Tennessee,2020,9,2020-09,0.234,BTS T-100 (proxy)
Missouri,2020,9,2020-09,0.232,BTS T-100 (proxy)
Wisconsin,2020,9,2020-09,0.193,BTS T-100 (proxy)
Ohio,2020,9,2020-09,0.167,BTS T-100 (proxy)
Indiana,2020,9,2020-09,0.148,BTS T-100 (proxy)
Louisiana,2020,9,2020-09,0.144,BTS T-100 (proxy)
Oklahoma,2020,9,2020-09,0.112,BTS T-100 (proxy)
Kansas,2020,9,2020-09,0.109,BTS T-100 (proxy)
New Mexico,2020,9,2020-09,0.072,BTS T-100 (proxy)
Idaho,2020,9,2020-09,0.065,BTS T-100 (proxy)
Montana,2020,9,2020-09,0.04,BTS T-100 (proxy)
Wyoming,2020,9,2020-09,0.03,BTS T-100 (proxy)
Alaska,2020,9,2020-09,0.097,BTS T-100 (proxy)
Hawaii,2020,9,2020-09,0.245,BTS T-100 (proxy)
California,2020,10,2020-10,1.57,BTS T-100 (proxy)
Texas,2020,10,2020-10,1.405,BTS T-100 (proxy)
Florida,2020,10,2020-10,1.265,BTS T-100 (proxy)
Georgia,2020,10,2020-10,0.951,BTS T-100 (proxy)
Illinois,2020,10,2020-10,0.763,BTS T-100 (proxy)
New York,2020,10,2020-10,0.738,BTS T-100 (proxy)
Colorado,2020,10,2020-10,0.714,BTS T-100 (proxy)
Washington,2020,10,2020-10,0.541,BTS T-100 (proxy)
Nevada,2020,10,2020-10,0.518,BTS T-100 (proxy)
Arizona,2020,10,2020-10,0.556,BTS T-100 (proxy)
North Carolina,2020,10,2020-10,0.466,BTS T-100 (proxy)
Virginia,2020,10,2020-10,0.422,BTS T-100 (proxy)
Michigan,2020,10,2020-10,0.389,BTS T-100 (proxy)
Minnesota,2020,10,2020-10,0.376,BTS T-100 (proxy)
Pennsylvania,2020,10,2020-10,0.342,BTS T-100 (proxy)
Utah,2020,10,2020-10,0.32,BTS T-100 (proxy)
Massachusetts,2020,10,2020-10,0.318,BTS T-100 (proxy)
New Jersey,2020,10,2020-10,0.282,BTS T-100 (proxy)
Oregon,2020,10,2020-10,0.264,BTS T-100 (proxy)
Maryland,2020,10,2020-10,0.22,BTS T-100 (proxy)
Tennessee,2020,10,2020-10,0.233,BTS T-100 (proxy)
Missouri,2020,10,2020-10,0.208,BTS T-100 (proxy)
Wisconsin,2020,10,2020-10,0.187,BTS T-100 (proxy)
Ohio,2020,10,2020-10,0.175,BTS T-100 (proxy)
Indiana,2020,10,2020-10,0.16,BTS T-100 (proxy)
Louisiana,2020,10,2020-10,0.136,BTS T-100 (proxy)
Oklahoma,2020,10,2020-10,0.101,BTS T-100 (proxy)
Kansas,2020,10,2020-10,0.087,BTS T-100 (proxy)
New Mexico,2020,10,2020-10,0.072,BTS T-100 (proxy)
Idaho,2020,10,2020-10,0.056,BTS T-100 (proxy)
Montana,2020,10,2020-10,0.038,BTS T-100 (proxy)
Wyoming,2020,10,2020-10,0.027,BTS T-100 (proxy)
Alaska,2020,10,2020-10,0.093,BTS T-100 (proxy)
Hawaii,2020,10,2020-10,0.214,BTS T-100 (proxy)
California,2020,11,2020-11,1.434,BTS T-100 (proxy)
Texas,2020,11,2020-11,1.165,BTS T-100 (proxy)
Florida,2020,11,2020-11,1.129,BTS T-100 (proxy)
Georgia,2020,11,2020-11,0.828,BTS T-100 (proxy)
Illinois,2020,11,2020-11,0.695,BTS T-100 (proxy)
New York,2020,11,2020-11,0.733,BTS T-100 (proxy)
Colorado,2020,11,2020-11,0.63,BTS T-100 (proxy)
Washington,2020,11,2020-11,0.63,BTS T-100 (proxy)
Nevada,2020,11,2020-11,0.535,BTS T-100 (proxy)
Arizona,2020,11,2020-11,0.509,BTS T-100 (proxy)
North Carolina,2020,11,2020-11,0.416,BTS T-100 (proxy)
Virginia,2020,11,2020-11,0.414,BTS T-100 (proxy)
Michigan,2020,11,2020-11,0.355,BTS T-100 (proxy)
Minnesota,2020,11,2020-11,0.35,BTS T-100 (proxy)
Pennsylvania,2020,11,2020-11,0.373,BTS T-100 (proxy)
Utah,2020,11,2020-11,0.312,BTS T-100 (proxy)
Massachusetts,2020,11,2020-11,0.313,BTS T-100 (proxy)
New Jersey,2020,11,2020-11,0.269,BTS T-100 (proxy)
Oregon,2020,11,2020-11,0.243,BTS T-100 (proxy)
Maryland,2020,11,2020-11,0.246,BTS T-100 (proxy)
Tennessee,2020,11,2020-11,0.202,BTS T-100 (proxy)
Missouri,2020,11,2020-11,0.209,BTS T-100 (proxy)
Wisconsin,2020,11,2020-11,0.18,BTS T-100 (proxy)
Ohio,2020,11,2020-11,0.152,BTS T-100 (proxy)
Indiana,2020,11,2020-11,0.144,BTS T-100 (proxy)
Louisiana,2020,11,2020-11,0.128,BTS T-100 (proxy)
Oklahoma,2020,11,2020-11,0.108,BTS T-100 (proxy)
Kansas,2020,11,2020-11,0.08,BTS T-100 (proxy)
New Mexico,2020,11,2020-11,0.067,BTS T-100 (proxy)
Idaho,2020,11,2020-11,0.052,BTS T-100 (proxy)
Montana,2020,11,2020-11,0.035,BTS T-100 (proxy)
Wyoming,2020,11,2020-11,0.027,BTS T-100 (proxy)
Alaska,2020,11,2020-11,0.088,BTS T-100 (proxy)
Hawaii,2020,11,2020-11,0.195,BTS T-100 (proxy)
California,2020,12,2020-12,1.472,BTS T-100 (proxy)
Texas,2020,12,2020-12,1.261,BTS T-100 (proxy)
Florida,2020,12,2020-12,1.188,BTS T-100 (proxy)
Georgia,2020,12,2020-12,0.914,BTS T-100 (proxy)
Illinois,2020,12,2020-12,0.744,BTS T-100 (proxy)
New York,2020,12,2020-12,0.696,BTS T-100 (proxy)
Colorado,2020,12,2020-12,0.644,BTS T-100 (proxy)
Washington,2020,12,2020-12,0.499,BTS T-100 (proxy)
Nevada,2020,12,2020-12,0.521,BTS T-100 (proxy)
Arizona,2020,12,2020-12,0.498,BTS T-100 (proxy)
North Carolina,2020,12,2020-12,0.431,BTS T-100 (proxy)
Virginia,2020,12,2020-12,0.366,BTS T-100 (proxy)
Michigan,2020,12,2020-12,0.338,BTS T-100 (proxy)
Minnesota,2020,12,2020-12,0.358,BTS T-100 (proxy)
Pennsylvania,2020,12,2020-12,0.322,BTS T-100 (proxy)
Utah,2020,12,2020-12,0.316,BTS T-100 (proxy)
Massachusetts,2020,12,2020-12,0.289,BTS T-100 (proxy)
New Jersey,2020,12,2020-12,0.272,BTS T-100 (proxy)
Oregon,2020,12,2020-12,0.249,BTS T-100 (proxy)
Maryland,2020,12,2020-12,0.215,BTS T-100 (proxy)
Tennessee,2020,12,2020-12,0.205,BTS T-100 (proxy)
Missouri,2020,12,2020-12,0.183,BTS T-100 (proxy)
Wisconsin,2020,12,2020-12,0.166,BTS T-100 (proxy)
Ohio,2020,12,2020-12,0.151,BTS T-100 (proxy)
Indiana,2020,12,2020-12,0.138,BTS T-100 (proxy)
Louisiana,2020,12,2020-12,0.116,BTS T-100 (proxy)
Oklahoma,2020,12,2020-12,0.108,BTS T-100 (proxy)
Kansas,2020,12,2020-12,0.081,BTS T-100 (proxy)
New Mexico,2020,12,2020-12,0.067,BTS T-100 (proxy)
Idaho,2020,12,2020-12,0.05,BTS T-100 (proxy)
Montana,2020,12,2020-12,0.036,BTS T-100 (proxy)
Wyoming,2020,12,2020-12,0.026,BTS T-100 (proxy)
Alaska,2020,12,2020-12,0.089,BTS T-100 (proxy)
Hawaii,2020,12,2020-12,0.189,BTS T-100 (proxy)
California,2021,1,2021-01,4.497,BTS T-100 (proxy)
Texas,2021,1,2021-01,3.926,BTS T-100 (proxy)
Florida,2021,1,2021-01,3.565,BTS T-100 (proxy)
Georgia,2021,1,2021-01,2.804,BTS T-100 (proxy)
Illinois,2021,1,2021-01,2.136,BTS T-100 (proxy)
New York,2021,1,2021-01,2.235,BTS T-100 (proxy)
Colorado,2021,1,2021-01,2.212,BTS T-100 (proxy)
Washington,2021,1,2021-01,1.64,BTS T-100 (proxy)
Nevada,2021,1,2021-01,1.531,BTS T-100 (proxy)
Arizona,2021,1,2021-01,1.624,BTS T-100 (proxy)
North Carolina,2021,1,2021-01,1.408,BTS T-100 (proxy)
Virginia,2021,1,2021-01,1.169,BTS T-100 (proxy)
Michigan,2021,1,2021-01,1.073,BTS T-100 (proxy)
Minnesota,2021,1,2021-01,1.029,BTS T-100 (proxy)
Pennsylvania,2021,1,2021-01,0.925,BTS T-100 (proxy)
Utah,2021,1,2021-01,0.897,BTS T-100 (proxy)
Massachusetts,2021,1,2021-01,0.843,BTS T-100 (proxy)
New Jersey,2021,1,2021-01,0.803,BTS T-100 (proxy)
Oregon,2021,1,2021-01,0.73,BTS T-100 (proxy)
Maryland,2021,1,2021-01,0.687,BTS T-100 (proxy)
Tennessee,2021,1,2021-01,0.675,BTS T-100 (proxy)
Missouri,2021,1,2021-01,0.546,BTS T-100 (proxy)
Wisconsin,2021,1,2021-01,0.548,BTS T-100 (proxy)
Ohio,2021,1,2021-01,0.465,BTS T-100 (proxy)
Indiana,2021,1,2021-01,0.417,BTS T-100 (proxy)
Louisiana,2021,1,2021-01,0.378,BTS T-100 (proxy)
Oklahoma,2021,1,2021-01,0.296,BTS T-100 (proxy)
Kansas,2021,1,2021-01,0.266,BTS T-100 (proxy)
New Mexico,2021,1,2021-01,0.211,BTS T-100 (proxy)
Idaho,2021,1,2021-01,0.16,BTS T-100 (proxy)
Montana,2021,1,2021-01,0.106,BTS T-100 (proxy)
Wyoming,2021,1,2021-01,0.088,BTS T-100 (proxy)
Alaska,2021,1,2021-01,0.253,BTS T-100 (proxy)
Hawaii,2021,1,2021-01,0.61,BTS T-100 (proxy)
California,2021,2,2021-02,4.571,BTS T-100 (proxy)
Texas,2021,2,2021-02,3.885,BTS T-100 (proxy)
Florida,2021,2,2021-02,3.654,BTS T-100 (proxy)
Georgia,2021,2,2021-02,2.999,BTS T-100 (proxy)
Illinois,2021,2,2021-02,2.497,BTS T-100 (proxy)
New York,2021,2,2021-02,2.157,BTS T-100 (proxy)
Colorado,2021,2,2021-02,2.021,BTS T-100 (proxy)
Washington,2021,2,2021-02,1.818,BTS T-100 (proxy)
Nevada,2021,2,2021-02,1.619,BTS T-100 (proxy)
Arizona,2021,2,2021-02,1.66,BTS T-100 (proxy)
North Carolina,2021,2,2021-02,1.402,BTS T-100 (proxy)
Virginia,2021,2,2021-02,1.18,BTS T-100 (proxy)
Michigan,2021,2,2021-02,1.256,BTS T-100 (proxy)
Minnesota,2021,2,2021-02,1.21,BTS T-100 (proxy)
Pennsylvania,2021,2,2021-02,1.022,BTS T-100 (proxy)
Utah,2021,2,2021-02,0.98,BTS T-100 (proxy)
Massachusetts,2021,2,2021-02,0.957,BTS T-100 (proxy)
New Jersey,2021,2,2021-02,0.903,BTS T-100 (proxy)
Oregon,2021,2,2021-02,0.803,BTS T-100 (proxy)
Maryland,2021,2,2021-02,0.794,BTS T-100 (proxy)
Tennessee,2021,2,2021-02,0.66,BTS T-100 (proxy)
Missouri,2021,2,2021-02,0.586,BTS T-100 (proxy)
Wisconsin,2021,2,2021-02,0.517,BTS T-100 (proxy)
Ohio,2021,2,2021-02,0.481,BTS T-100 (proxy)
Indiana,2021,2,2021-02,0.443,BTS T-100 (proxy)
Louisiana,2021,2,2021-02,0.423,BTS T-100 (proxy)
Oklahoma,2021,2,2021-02,0.324,BTS T-100 (proxy)
Kansas,2021,2,2021-02,0.281,BTS T-100 (proxy)
New Mexico,2021,2,2021-02,0.222,BTS T-100 (proxy)
Idaho,2021,2,2021-02,0.176,BTS T-100 (proxy)
Montana,2021,2,2021-02,0.125,BTS T-100 (proxy)
Wyoming,2021,2,2021-02,0.081,BTS T-100 (proxy)
Alaska,2021,2,2021-02,0.271,BTS T-100 (proxy)
Hawaii,2021,2,2021-02,0.701,BTS T-100 (proxy)
California,2021,3,2021-03,5.274,BTS T-100 (proxy)
Texas,2021,3,2021-03,4.719,BTS T-100 (proxy)
Florida,2021,3,2021-03,4.199,BTS T-100 (proxy)
Georgia,2021,3,2021-03,3.005,BTS T-100 (proxy)
Illinois,2021,3,2021-03,2.594,BTS T-100 (proxy)
New York,2021,3,2021-03,2.533,BTS T-100 (proxy)
Colorado,2021,3,2021-03,2.374,BTS T-100 (proxy)
Washington,2021,3,2021-03,1.969,BTS T-100 (proxy)
Nevada,2021,3,2021-03,1.896,BTS T-100 (proxy)
Arizona,2021,3,2021-03,1.842,BTS T-100 (proxy)
North Carolina,2021,3,2021-03,1.604,BTS T-100 (proxy)
Virginia,2021,3,2021-03,1.425,BTS T-100 (proxy)
Michigan,2021,3,2021-03,1.249,BTS T-100 (proxy)
Minnesota,2021,3,2021-03,1.209,BTS T-100 (proxy)
Pennsylvania,2021,3,2021-03,1.209,BTS T-100 (proxy)
Utah,2021,3,2021-03,1.036,BTS T-100 (proxy)
Massachusetts,2021,3,2021-03,1.039,BTS T-100 (proxy)
New Jersey,2021,3,2021-03,0.941,BTS T-100 (proxy)
Oregon,2021,3,2021-03,0.841,BTS T-100 (proxy)
Maryland,2021,3,2021-03,0.83,BTS T-100 (proxy)
Tennessee,2021,3,2021-03,0.727,BTS T-100 (proxy)
Missouri,2021,3,2021-03,0.662,BTS T-100 (proxy)
Wisconsin,2021,3,2021-03,0.559,BTS T-100 (proxy)
Ohio,2021,3,2021-03,0.56,BTS T-100 (proxy)
Indiana,2021,3,2021-03,0.495,BTS T-100 (proxy)
Louisiana,2021,3,2021-03,0.465,BTS T-100 (proxy)
Oklahoma,2021,3,2021-03,0.354,BTS T-100 (proxy)
Kansas,2021,3,2021-03,0.303,BTS T-100 (proxy)
New Mexico,2021,3,2021-03,0.243,BTS T-100 (proxy)
Idaho,2021,3,2021-03,0.194,BTS T-100 (proxy)
Montana,2021,3,2021-03,0.119,BTS T-100 (proxy)
Wyoming,2021,3,2021-03,0.091,BTS T-100 (proxy)
Alaska,2021,3,2021-03,0.309,BTS T-100 (proxy)
Hawaii,2021,3,2021-03,0.727,BTS T-100 (proxy)
California,2021,4,2021-04,5.36,BTS T-100 (proxy)
Texas,2021,4,2021-04,4.689,BTS T-100 (proxy)
Florida,2021,4,2021-04,4.621,BTS T-100 (proxy)
Georgia,2021,4,2021-04,3.121,BTS T-100 (proxy)
Illinois,2021,4,2021-04,2.727,BTS T-100 (proxy)
New York,2021,4,2021-04,2.49,BTS T-100 (proxy)
Colorado,2021,4,2021-04,2.597,BTS T-100 (proxy)
Washington,2021,4,2021-04,1.907,BTS T-100 (proxy)
Nevada,2021,4,2021-04,1.881,BTS T-100 (proxy)
Arizona,2021,4,2021-04,1.906,BTS T-100 (proxy)
North Carolina,2021,4,2021-04,1.739,BTS T-100 (proxy)
Virginia,2021,4,2021-04,1.479,BTS T-100 (proxy)
Michigan,2021,4,2021-04,1.317,BTS T-100 (proxy)
Minnesota,2021,4,2021-04,1.411,BTS T-100 (proxy)
Pennsylvania,2021,4,2021-04,1.137,BTS T-100 (proxy)
Utah,2021,4,2021-04,1.033,BTS T-100 (proxy)
Massachusetts,2021,4,2021-04,1.121,BTS T-100 (proxy)
New Jersey,2021,4,2021-04,1.006,BTS T-100 (proxy)
Oregon,2021,4,2021-04,0.857,BTS T-100 (proxy)
Maryland,2021,4,2021-04,0.868,BTS T-100 (proxy)
Tennessee,2021,4,2021-04,0.783,BTS T-100 (proxy)
Missouri,2021,4,2021-04,0.689,BTS T-100 (proxy)
Wisconsin,2021,4,2021-04,0.604,BTS T-100 (proxy)
Ohio,2021,4,2021-04,0.606,BTS T-100 (proxy)
Indiana,2021,4,2021-04,0.533,BTS T-100 (proxy)
Louisiana,2021,4,2021-04,0.449,BTS T-100 (proxy)
Oklahoma,2021,4,2021-04,0.423,BTS T-100 (proxy)
Kansas,2021,4,2021-04,0.305,BTS T-100 (proxy)
New Mexico,2021,4,2021-04,0.238,BTS T-100 (proxy)
Idaho,2021,4,2021-04,0.187,BTS T-100 (proxy)
Montana,2021,4,2021-04,0.129,BTS T-100 (proxy)
Wyoming,2021,4,2021-04,0.098,BTS T-100 (proxy)
Alaska,2021,4,2021-04,0.319,BTS T-100 (proxy)
Hawaii,2021,4,2021-04,0.788,BTS T-100 (proxy)
California,2021,5,2021-05,5.402,BTS T-100 (proxy)
Texas,2021,5,2021-05,5.234,BTS T-100 (proxy)
Florida,2021,5,2021-05,4.591,BTS T-100 (proxy)
Georgia,2021,5,2021-05,3.651,BTS T-100 (proxy)
Illinois,2021,5,2021-05,2.896,BTS T-100 (proxy)
New York,2021,5,2021-05,2.774,BTS T-100 (proxy)
Colorado,2021,5,2021-05,2.65,BTS T-100 (proxy)
Washington,2021,5,2021-05,2.218,BTS T-100 (proxy)
Nevada,2021,5,2021-05,2.099,BTS T-100 (proxy)
Arizona,2021,5,2021-05,2.097,BTS T-100 (proxy)
North Carolina,2021,5,2021-05,1.712,BTS T-100 (proxy)
Virginia,2021,5,2021-05,1.615,BTS T-100 (proxy)
Michigan,2021,5,2021-05,1.417,BTS T-100 (proxy)
Minnesota,2021,5,2021-05,1.454,BTS T-100 (proxy)
Pennsylvania,2021,5,2021-05,1.245,BTS T-100 (proxy)
Utah,2021,5,2021-05,1.33,BTS T-100 (proxy)
Massachusetts,2021,5,2021-05,1.15,BTS T-100 (proxy)
New Jersey,2021,5,2021-05,1.007,BTS T-100 (proxy)
Oregon,2021,5,2021-05,0.955,BTS T-100 (proxy)
Maryland,2021,5,2021-05,0.851,BTS T-100 (proxy)
Tennessee,2021,5,2021-05,0.848,BTS T-100 (proxy)
Missouri,2021,5,2021-05,0.721,BTS T-100 (proxy)
Wisconsin,2021,5,2021-05,0.663,BTS T-100 (proxy)
Ohio,2021,5,2021-05,0.553,BTS T-100 (proxy)
Indiana,2021,5,2021-05,0.53,BTS T-100 (proxy)
Louisiana,2021,5,2021-05,0.417,BTS T-100 (proxy)
Oklahoma,2021,5,2021-05,0.375,BTS T-100 (proxy)
Kansas,2021,5,2021-05,0.352,BTS T-100 (proxy)
New Mexico,2021,5,2021-05,0.282,BTS T-100 (proxy)
Idaho,2021,5,2021-05,0.208,BTS T-100 (proxy)
Montana,2021,5,2021-05,0.129,BTS T-100 (proxy)
Wyoming,2021,5,2021-05,0.101,BTS T-100 (proxy)
Alaska,2021,5,2021-05,0.339,BTS T-100 (proxy)
Hawaii,2021,5,2021-05,0.766,BTS T-100 (proxy)
California,2021,6,2021-06,6.306,BTS T-100 (proxy)
Texas,2021,6,2021-06,5.186,BTS T-100 (proxy)
Florida,2021,6,2021-06,4.64,BTS T-100 (proxy)
Georgia,2021,6,2021-06,3.524,BTS T-100 (proxy)
Illinois,2021,6,2021-06,2.928,BTS T-100 (proxy)
New York,2021,6,2021-06,2.478,BTS T-100 (proxy)
Colorado,2021,6,2021-06,2.59,BTS T-100 (proxy)
Washington,2021,6,2021-06,2.133,BTS T-100 (proxy)
Nevada,2021,6,2021-06,1.966,BTS T-100 (proxy)
Arizona,2021,6,2021-06,1.973,BTS T-100 (proxy)
North Carolina,2021,6,2021-06,1.88,BTS T-100 (proxy)
Virginia,2021,6,2021-06,1.638,BTS T-100 (proxy)
Michigan,2021,6,2021-06,1.408,BTS T-100 (proxy)
Minnesota,2021,6,2021-06,1.42,BTS T-100 (proxy)
Pennsylvania,2021,6,2021-06,1.403,BTS T-100 (proxy)
Utah,2021,6,2021-06,1.299,BTS T-100 (proxy)
Massachusetts,2021,6,2021-06,1.176,BTS T-100 (proxy)
New Jersey,2021,6,2021-06,1.068,BTS T-100 (proxy)
Oregon,2021,6,2021-06,1.0,BTS T-100 (proxy)
Maryland,2021,6,2021-06,0.915,BTS T-100 (proxy)
Tennessee,2021,6,2021-06,0.865,BTS T-100 (proxy)
Missouri,2021,6,2021-06,0.783,BTS T-100 (proxy)
Wisconsin,2021,6,2021-06,0.726,BTS T-100 (proxy)
Ohio,2021,6,2021-06,0.604,BTS T-100 (proxy)
Indiana,2021,6,2021-06,0.588,BTS T-100 (proxy)
Louisiana,2021,6,2021-06,0.488,BTS T-100 (proxy)
Oklahoma,2021,6,2021-06,0.457,BTS T-100 (proxy)
Kansas,2021,6,2021-06,0.333,BTS T-100 (proxy)
New Mexico,2021,6,2021-06,0.3,BTS T-100 (proxy)
Idaho,2021,6,2021-06,0.209,BTS T-100 (proxy)
Montana,2021,6,2021-06,0.134,BTS T-100 (proxy)
Wyoming,2021,6,2021-06,0.101,BTS T-100 (proxy)
Alaska,2021,6,2021-06,0.339,BTS T-100 (proxy)
Hawaii,2021,6,2021-06,0.846,BTS T-100 (proxy)
California,2021,7,2021-07,5.913,BTS T-100 (proxy)
Texas,2021,7,2021-07,4.741,BTS T-100 (proxy)
Florida,2021,7,2021-07,4.604,BTS T-100 (proxy)
Georgia,2021,7,2021-07,3.828,BTS T-100 (proxy)
Illinois,2021,7,2021-07,3.093,BTS T-100 (proxy)
New York,2021,7,2021-07,2.771,BTS T-100 (proxy)
Colorado,2021,7,2021-07,2.581,BTS T-100 (proxy)
Washington,2021,7,2021-07,2.182,BTS T-100 (proxy)
Nevada,2021,7,2021-07,2.096,BTS T-100 (proxy)
Arizona,2021,7,2021-07,1.865,BTS T-100 (proxy)
North Carolina,2021,7,2021-07,1.673,BTS T-100 (proxy)
Virginia,2021,7,2021-07,1.429,BTS T-100 (proxy)
Michigan,2021,7,2021-07,1.452,BTS T-100 (proxy)
Minnesota,2021,7,2021-07,1.4,BTS T-100 (proxy)
Pennsylvania,2021,7,2021-07,1.257,BTS T-100 (proxy)
Utah,2021,7,2021-07,1.316,BTS T-100 (proxy)
Massachusetts,2021,7,2021-07,1.082,BTS T-100 (proxy)
New Jersey,2021,7,2021-07,1.005,BTS T-100 (proxy)
Oregon,2021,7,2021-07,0.96,BTS T-100 (proxy)
Maryland,2021,7,2021-07,0.927,BTS T-100 (proxy)
Tennessee,2021,7,2021-07,0.882,BTS T-100 (proxy)
Missouri,2021,7,2021-07,0.729,BTS T-100 (proxy)
Wisconsin,2021,7,2021-07,0.715,BTS T-100 (proxy)
Ohio,2021,7,2021-07,0.609,BTS T-100 (proxy)
Indiana,2021,7,2021-07,0.538,BTS T-100 (proxy)
Louisiana,2021,7,2021-07,0.496,BTS T-100 (proxy)
Oklahoma,2021,7,2021-07,0.42,BTS T-100 (proxy)
Kansas,2021,7,2021-07,0.312,BTS T-100 (proxy)
New Mexico,2021,7,2021-07,0.291,BTS T-100 (proxy)
Idaho,2021,7,2021-07,0.217,BTS T-100 (proxy)
Montana,2021,7,2021-07,0.131,BTS T-100 (proxy)
Wyoming,2021,7,2021-07,0.104,BTS T-100 (proxy)
Alaska,2021,7,2021-07,0.347,BTS T-100 (proxy)
Hawaii,2021,7,2021-07,0.824,BTS T-100 (proxy)
California,2021,8,2021-08,5.332,BTS T-100 (proxy)
Texas,2021,8,2021-08,4.488,BTS T-100 (proxy)
Florida,2021,8,2021-08,4.38,BTS T-100 (proxy)
Georgia,2021,8,2021-08,3.482,BTS T-100 (proxy)
Illinois,2021,8,2021-08,2.783,BTS T-100 (proxy)
New York,2021,8,2021-08,2.532,BTS T-100 (proxy)
Colorado,2021,8,2021-08,2.546,BTS T-100 (proxy)
Washington,2021,8,2021-08,1.77,BTS T-100 (proxy)
Nevada,2021,8,2021-08,2.046,BTS T-100 (proxy)
Arizona,2021,8,2021-08,1.708,BTS T-100 (proxy)
North Carolina,2021,8,2021-08,1.583,BTS T-100 (proxy)
Virginia,2021,8,2021-08,1.4,BTS T-100 (proxy)
Michigan,2021,8,2021-08,1.267,BTS T-100 (proxy)
Minnesota,2021,8,2021-08,1.365,BTS T-100 (proxy)
Pennsylvania,2021,8,2021-08,1.197,BTS T-100 (proxy)
Utah,2021,8,2021-08,1.181,BTS T-100 (proxy)
Massachusetts,2021,8,2021-08,1.094,BTS T-100 (proxy)
New Jersey,2021,8,2021-08,1.057,BTS T-100 (proxy)
Oregon,2021,8,2021-08,0.906,BTS T-100 (proxy)
Maryland,2021,8,2021-08,0.785,BTS T-100 (proxy)
Tennessee,2021,8,2021-08,0.813,BTS T-100 (proxy)
Missouri,2021,8,2021-08,0.692,BTS T-100 (proxy)
Wisconsin,2021,8,2021-08,0.595,BTS T-100 (proxy)
Ohio,2021,8,2021-08,0.568,BTS T-100 (proxy)
Indiana,2021,8,2021-08,0.555,BTS T-100 (proxy)
Louisiana,2021,8,2021-08,0.471,BTS T-100 (proxy)
Oklahoma,2021,8,2021-08,0.38,BTS T-100 (proxy)
Kansas,2021,8,2021-08,0.317,BTS T-100 (proxy)
New Mexico,2021,8,2021-08,0.254,BTS T-100 (proxy)
Idaho,2021,8,2021-08,0.214,BTS T-100 (proxy)
Montana,2021,8,2021-08,0.131,BTS T-100 (proxy)
Wyoming,2021,8,2021-08,0.099,BTS T-100 (proxy)
Alaska,2021,8,2021-08,0.339,BTS T-100 (proxy)
Hawaii,2021,8,2021-08,0.783,BTS T-100 (proxy)
California,2021,9,2021-09,5.034,BTS T-100 (proxy)
Texas,2021,9,2021-09,4.278,BTS T-100 (proxy)
Florida,2021,9,2021-09,4.065,BTS T-100 (proxy)
Georgia,2021,9,2021-09,3.054,BTS T-100 (proxy)
Illinois,2021,9,2021-09,2.612,BTS T-100 (proxy)
New York,2021,9,2021-09,2.406,BTS T-100 (proxy)
Colorado,2021,9,2021-09,2.364,BTS T-100 (proxy)
Washington,2021,9,2021-09,1.912,BTS T-100 (proxy)
Nevada,2021,9,2021-09,1.807,BTS T-100 (proxy)
Arizona,2021,9,2021-09,1.566,BTS T-100 (proxy)
North Carolina,2021,9,2021-09,1.569,BTS T-100 (proxy)
Virginia,2021,9,2021-09,1.404,BTS T-100 (proxy)
Michigan,2021,9,2021-09,1.323,BTS T-100 (proxy)
Minnesota,2021,9,2021-09,1.026,BTS T-100 (proxy)
Pennsylvania,2021,9,2021-09,1.259,BTS T-100 (proxy)
Utah,2021,9,2021-09,1.072,BTS T-100 (proxy)
Massachusetts,2021,9,2021-09,1.077,BTS T-100 (proxy)
New Jersey,2021,9,2021-09,0.91,BTS T-100 (proxy)
Oregon,2021,9,2021-09,0.866,BTS T-100 (proxy)
Maryland,2021,9,2021-09,0.739,BTS T-100 (proxy)
Tennessee,2021,9,2021-09,0.698,BTS T-100 (proxy)
Missouri,2021,9,2021-09,0.723,BTS T-100 (proxy)
Wisconsin,2021,9,2021-09,0.594,BTS T-100 (proxy)
Ohio,2021,9,2021-09,0.546,BTS T-100 (proxy)
Indiana,2021,9,2021-09,0.501,BTS T-100 (proxy)
Louisiana,2021,9,2021-09,0.43,BTS T-100 (proxy)
Oklahoma,2021,9,2021-09,0.363,BTS T-100 (proxy)
Kansas,2021,9,2021-09,0.305,BTS T-100 (proxy)
New Mexico,2021,9,2021-09,0.269,BTS T-100 (proxy)
Idaho,2021,9,2021-09,0.179,BTS T-100 (proxy)
Montana,2021,9,2021-09,0.121,BTS T-100 (proxy)
Wyoming,2021,9,2021-09,0.095,BTS T-100 (proxy)
Alaska,2021,9,2021-09,0.317,BTS T-100 (proxy)
Hawaii,2021,9,2021-09,0.763,BTS T-100 (proxy)
California,2021,10,2021-10,4.868,BTS T-100 (proxy)
Texas,2021,10,2021-10,3.768,BTS T-100 (proxy)
Florida,2021,10,2021-10,4.082,BTS T-100 (proxy)
Georgia,2021,10,2021-10,2.668,BTS T-100 (proxy)
Illinois,2021,10,2021-10,2.366,BTS T-100 (proxy)
New York,2021,10,2021-10,2.136,BTS T-100 (proxy)
Colorado,2021,10,2021-10,2.102,BTS T-100 (proxy)
Washington,2021,10,2021-10,1.805,BTS T-100 (proxy)
Nevada,2021,10,2021-10,1.692,BTS T-100 (proxy)
Arizona,2021,10,2021-10,1.643,BTS T-100 (proxy)
North Carolina,2021,10,2021-10,1.499,BTS T-100 (proxy)
Virginia,2021,10,2021-10,1.305,BTS T-100 (proxy)
Michigan,2021,10,2021-10,1.151,BTS T-100 (proxy)
Minnesota,2021,10,2021-10,1.164,BTS T-100 (proxy)
Pennsylvania,2021,10,2021-10,1.117,BTS T-100 (proxy)
Utah,2021,10,2021-10,0.938,BTS T-100 (proxy)
Massachusetts,2021,10,2021-10,0.972,BTS T-100 (proxy)
New Jersey,2021,10,2021-10,0.919,BTS T-100 (proxy)
Oregon,2021,10,2021-10,0.765,BTS T-100 (proxy)
Maryland,2021,10,2021-10,0.771,BTS T-100 (proxy)
Tennessee,2021,10,2021-10,0.661,BTS T-100 (proxy)
Missouri,2021,10,2021-10,0.614,BTS T-100 (proxy)
Wisconsin,2021,10,2021-10,0.55,BTS T-100 (proxy)
Ohio,2021,10,2021-10,0.5,BTS T-100 (proxy)
Indiana,2021,10,2021-10,0.42,BTS T-100 (proxy)
Louisiana,2021,10,2021-10,0.361,BTS T-100 (proxy)
Oklahoma,2021,10,2021-10,0.36,BTS T-100 (proxy)
Kansas,2021,10,2021-10,0.266,BTS T-100 (proxy)
New Mexico,2021,10,2021-10,0.211,BTS T-100 (proxy)
Idaho,2021,10,2021-10,0.149,BTS T-100 (proxy)
Montana,2021,10,2021-10,0.107,BTS T-100 (proxy)
Wyoming,2021,10,2021-10,0.078,BTS T-100 (proxy)
Alaska,2021,10,2021-10,0.3,BTS T-100 (proxy)
Hawaii,2021,10,2021-10,0.7,BTS T-100 (proxy)
California,2021,11,2021-11,4.285,BTS T-100 (proxy)
Texas,2021,11,2021-11,4.182,BTS T-100 (proxy)
Florida,2021,11,2021-11,3.724,BTS T-100 (proxy)
Georgia,2021,11,2021-11,2.619,BTS T-100 (proxy)
Illinois,2021,11,2021-11,1.919,BTS T-100 (proxy)
New York,2021,11,2021-11,2.327,BTS T-100 (proxy)
Colorado,2021,11,2021-11,1.846,BTS T-100 (proxy)
Washington,2021,11,2021-11,1.533,BTS T-100 (proxy)
Nevada,2021,11,2021-11,1.646,BTS T-100 (proxy)
Arizona,2021,11,2021-11,1.699,BTS T-100 (proxy)
North Carolina,2021,11,2021-11,1.395,BTS T-100 (proxy)
Virginia,2021,11,2021-11,1.235,BTS T-100 (proxy)
Michigan,2021,11,2021-11,1.129,BTS T-100 (proxy)
Minnesota,2021,11,2021-11,1.089,BTS T-100 (proxy)
Pennsylvania,2021,11,2021-11,1.03,BTS T-100 (proxy)
Utah,2021,11,2021-11,0.953,BTS T-100 (proxy)
Massachusetts,2021,11,2021-11,0.892,BTS T-100 (proxy)
New Jersey,2021,11,2021-11,0.833,BTS T-100 (proxy)
Oregon,2021,11,2021-11,0.703,BTS T-100 (proxy)
Maryland,2021,11,2021-11,0.669,BTS T-100 (proxy)
Tennessee,2021,11,2021-11,0.573,BTS T-100 (proxy)
Missouri,2021,11,2021-11,0.571,BTS T-100 (proxy)
Wisconsin,2021,11,2021-11,0.496,BTS T-100 (proxy)
Ohio,2021,11,2021-11,0.444,BTS T-100 (proxy)
Indiana,2021,11,2021-11,0.421,BTS T-100 (proxy)
Louisiana,2021,11,2021-11,0.391,BTS T-100 (proxy)
Oklahoma,2021,11,2021-11,0.328,BTS T-100 (proxy)
Kansas,2021,11,2021-11,0.241,BTS T-100 (proxy)
New Mexico,2021,11,2021-11,0.198,BTS T-100 (proxy)
Idaho,2021,11,2021-11,0.164,BTS T-100 (proxy)
Montana,2021,11,2021-11,0.099,BTS T-100 (proxy)
Wyoming,2021,11,2021-11,0.077,BTS T-100 (proxy)
Alaska,2021,11,2021-11,0.268,BTS T-100 (proxy)
Hawaii,2021,11,2021-11,0.596,BTS T-100 (proxy)
California,2021,12,2021-12,4.358,BTS T-100 (proxy)
Texas,2021,12,2021-12,3.427,BTS T-100 (proxy)
Florida,2021,12,2021-12,3.364,BTS T-100 (proxy)
Georgia,2021,12,2021-12,2.643,BTS T-100 (proxy)
Illinois,2021,12,2021-12,1.971,BTS T-100 (proxy)
New York,2021,12,2021-12,2.085,BTS T-100 (proxy)
Colorado,2021,12,2021-12,1.936,BTS T-100 (proxy)
Washington,2021,12,2021-12,1.677,BTS T-100 (proxy)
Nevada,2021,12,2021-12,1.547,BTS T-100 (proxy)
Arizona,2021,12,2021-12,1.58,BTS T-100 (proxy)
North Carolina,2021,12,2021-12,1.283,BTS T-100 (proxy)
Virginia,2021,12,2021-12,1.148,BTS T-100 (proxy)
Michigan,2021,12,2021-12,1.078,BTS T-100 (proxy)
Minnesota,2021,12,2021-12,1.048,BTS T-100 (proxy)
Pennsylvania,2021,12,2021-12,0.971,BTS T-100 (proxy)
Utah,2021,12,2021-12,0.92,BTS T-100 (proxy)
Massachusetts,2021,12,2021-12,0.837,BTS T-100 (proxy)
New Jersey,2021,12,2021-12,0.789,BTS T-100 (proxy)
Oregon,2021,12,2021-12,0.664,BTS T-100 (proxy)
Maryland,2021,12,2021-12,0.721,BTS T-100 (proxy)
Tennessee,2021,12,2021-12,0.574,BTS T-100 (proxy)
Missouri,2021,12,2021-12,0.542,BTS T-100 (proxy)
Wisconsin,2021,12,2021-12,0.492,BTS T-100 (proxy)
Ohio,2021,12,2021-12,0.48,BTS T-100 (proxy)
Indiana,2021,12,2021-12,0.402,BTS T-100 (proxy)
Louisiana,2021,12,2021-12,0.379,BTS T-100 (proxy)
Oklahoma,2021,12,2021-12,0.296,BTS T-100 (proxy)
Kansas,2021,12,2021-12,0.259,BTS T-100 (proxy)
New Mexico,2021,12,2021-12,0.195,BTS T-100 (proxy)
Idaho,2021,12,2021-12,0.169,BTS T-100 (proxy)
Montana,2021,12,2021-12,0.096,BTS T-100 (proxy)
Wyoming,2021,12,2021-12,0.078,BTS T-100 (proxy)
Alaska,2021,12,2021-12,0.263,BTS T-100 (proxy)
Hawaii,2021,12,2021-12,0.625,BTS T-100 (proxy)
California,2022,1,2022-01,6.228,BTS T-100 (proxy)
Texas,2022,1,2022-01,5.29,BTS T-100 (proxy)
Florida,2022,1,2022-01,5.04,BTS T-100 (proxy)
Georgia,2022,1,2022-01,3.744,BTS T-100 (proxy)
Illinois,2022,1,2022-01,3.256,BTS T-100 (proxy)
New York,2022,1,2022-01,3.285,BTS T-100 (proxy)
Colorado,2022,1,2022-01,2.732,BTS T-100 (proxy)
Washington,2022,1,2022-01,2.205,BTS T-100 (proxy)
Nevada,2022,1,2022-01,2.209,BTS T-100 (proxy)
Arizona,2022,1,2022-01,2.421,BTS T-100 (proxy)
North Carolina,2022,1,2022-01,1.775,BTS T-100 (proxy)
Virginia,2022,1,2022-01,1.84,BTS T-100 (proxy)
Michigan,2022,1,2022-01,1.683,BTS T-100 (proxy)
Minnesota,2022,1,2022-01,1.438,BTS T-100 (proxy)
Pennsylvania,2022,1,2022-01,1.445,BTS T-100 (proxy)
Utah,2022,1,2022-01,1.44,BTS T-100 (proxy)
Massachusetts,2022,1,2022-01,1.233,BTS T-100 (proxy)
New Jersey,2022,1,2022-01,1.171,BTS T-100 (proxy)
Oregon,2022,1,2022-01,1.005,BTS T-100 (proxy)
Maryland,2022,1,2022-01,0.913,BTS T-100 (proxy)
Tennessee,2022,1,2022-01,0.859,BTS T-100 (proxy)
Missouri,2022,1,2022-01,0.764,BTS T-100 (proxy)
Wisconsin,2022,1,2022-01,0.741,BTS T-100 (proxy)
Ohio,2022,1,2022-01,0.64,BTS T-100 (proxy)
Indiana,2022,1,2022-01,0.599,BTS T-100 (proxy)
Louisiana,2022,1,2022-01,0.477,BTS T-100 (proxy)
Oklahoma,2022,1,2022-01,0.451,BTS T-100 (proxy)
Kansas,2022,1,2022-01,0.385,BTS T-100 (proxy)
New Mexico,2022,1,2022-01,0.266,BTS T-100 (proxy)
Idaho,2022,1,2022-01,0.226,BTS T-100 (proxy)
Montana,2022,1,2022-01,0.157,BTS T-100 (proxy)
Wyoming,2022,1,2022-01,0.104,BTS T-100 (proxy)
Alaska,2022,1,2022-01,0.401,BTS T-100 (proxy)
Hawaii,2022,1,2022-01,0.906,BTS T-100 (proxy)
California,2022,2,2022-02,6.448,BTS T-100 (proxy)
Texas,2022,2,2022-02,5.645,BTS T-100 (proxy)
Florida,2022,2,2022-02,5.496,BTS T-100 (proxy)
Georgia,2022,2,2022-02,4.025,BTS T-100 (proxy)
Illinois,2022,2,2022-02,3.391,BTS T-100 (proxy)
New York,2022,2,2022-02,3.0,BTS T-100 (proxy)
Colorado,2022,2,2022-02,3.013,BTS T-100 (proxy)
Washington,2022,2,2022-02,2.338,BTS T-100 (proxy)
Nevada,2022,2,2022-02,2.346,BTS T-100 (proxy)
Arizona,2022,2,2022-02,2.177,BTS T-100 (proxy)
North Carolina,2022,2,2022-02,1.893,BTS T-100 (proxy)
Virginia,2022,2,2022-02,1.92,BTS T-100 (proxy)
Michigan,2022,2,2022-02,1.741,BTS T-100 (proxy)
Minnesota,2022,2,2022-02,1.62,BTS T-100 (proxy)
Pennsylvania,2022,2,2022-02,1.412,BTS T-100 (proxy)
Utah,2022,2,2022-02,1.393,BTS T-100 (proxy)
Massachusetts,2022,2,2022-02,1.418,BTS T-100 (proxy)
New Jersey,2022,2,2022-02,1.267,BTS T-100 (proxy)
Oregon,2022,2,2022-02,1.228,BTS T-100 (proxy)
Maryland,2022,2,2022-02,1.042,BTS T-100 (proxy)
Tennessee,2022,2,2022-02,0.953,BTS T-100 (proxy)
Missouri,2022,2,2022-02,0.852,BTS T-100 (proxy)
Wisconsin,2022,2,2022-02,0.791,BTS T-100 (proxy)
Ohio,2022,2,2022-02,0.702,BTS T-100 (proxy)
Indiana,2022,2,2022-02,0.651,BTS T-100 (proxy)
Louisiana,2022,2,2022-02,0.577,BTS T-100 (proxy)
Oklahoma,2022,2,2022-02,0.453,BTS T-100 (proxy)
Kansas,2022,2,2022-02,0.367,BTS T-100 (proxy)
New Mexico,2022,2,2022-02,0.286,BTS T-100 (proxy)
Idaho,2022,2,2022-02,0.242,BTS T-100 (proxy)
Montana,2022,2,2022-02,0.149,BTS T-100 (proxy)
Wyoming,2022,2,2022-02,0.105,BTS T-100 (proxy)
Alaska,2022,2,2022-02,0.401,BTS T-100 (proxy)
Hawaii,2022,2,2022-02,1.061,BTS T-100 (proxy)
California,2022,3,2022-03,7.223,BTS T-100 (proxy)
Texas,2022,3,2022-03,6.377,BTS T-100 (proxy)
Florida,2022,3,2022-03,5.804,BTS T-100 (proxy)
Georgia,2022,3,2022-03,4.314,BTS T-100 (proxy)
Illinois,2022,3,2022-03,3.734,BTS T-100 (proxy)
New York,2022,3,2022-03,3.351,BTS T-100 (proxy)
Colorado,2022,3,2022-03,3.273,BTS T-100 (proxy)
Washington,2022,3,2022-03,2.764,BTS T-100 (proxy)
Nevada,2022,3,2022-03,2.465,BTS T-100 (proxy)
Arizona,2022,3,2022-03,2.587,BTS T-100 (proxy)
North Carolina,2022,3,2022-03,2.106,BTS T-100 (proxy)
Virginia,2022,3,2022-03,1.881,BTS T-100 (proxy)
Michigan,2022,3,2022-03,1.833,BTS T-100 (proxy)
Minnesota,2022,3,2022-03,1.624,BTS T-100 (proxy)
Pennsylvania,2022,3,2022-03,1.617,BTS T-100 (proxy)
Utah,2022,3,2022-03,1.529,BTS T-100 (proxy)
Massachusetts,2022,3,2022-03,1.523,BTS T-100 (proxy)
New Jersey,2022,3,2022-03,1.392,BTS T-100 (proxy)
Oregon,2022,3,2022-03,1.189,BTS T-100 (proxy)
Maryland,2022,3,2022-03,1.15,BTS T-100 (proxy)
Tennessee,2022,3,2022-03,1.091,BTS T-100 (proxy)
Missouri,2022,3,2022-03,0.961,BTS T-100 (proxy)
Wisconsin,2022,3,2022-03,0.85,BTS T-100 (proxy)
Ohio,2022,3,2022-03,0.715,BTS T-100 (proxy)
Indiana,2022,3,2022-03,0.644,BTS T-100 (proxy)
Louisiana,2022,3,2022-03,0.586,BTS T-100 (proxy)
Oklahoma,2022,3,2022-03,0.494,BTS T-100 (proxy)
Kansas,2022,3,2022-03,0.421,BTS T-100 (proxy)
New Mexico,2022,3,2022-03,0.341,BTS T-100 (proxy)
Idaho,2022,3,2022-03,0.262,BTS T-100 (proxy)
Montana,2022,3,2022-03,0.169,BTS T-100 (proxy)
Wyoming,2022,3,2022-03,0.131,BTS T-100 (proxy)
Alaska,2022,3,2022-03,0.426,BTS T-100 (proxy)
Hawaii,2022,3,2022-03,0.919,BTS T-100 (proxy)
California,2022,4,2022-04,7.402,BTS T-100 (proxy)
Texas,2022,4,2022-04,6.532,BTS T-100 (proxy)
Florida,2022,4,2022-04,5.838,BTS T-100 (proxy)
Georgia,2022,4,2022-04,4.8,BTS T-100 (proxy)
Illinois,2022,4,2022-04,4.131,BTS T-100 (proxy)
New York,2022,4,2022-04,3.878,BTS T-100 (proxy)
Colorado,2022,4,2022-04,3.435,BTS T-100 (proxy)
Washington,2022,4,2022-04,3.142,BTS T-100 (proxy)
Nevada,2022,4,2022-04,2.762,BTS T-100 (proxy)
Arizona,2022,4,2022-04,2.605,BTS T-100 (proxy)
North Carolina,2022,4,2022-04,2.214,BTS T-100 (proxy)
Virginia,2022,4,2022-04,2.07,BTS T-100 (proxy)
Michigan,2022,4,2022-04,1.882,BTS T-100 (proxy)
Minnesota,2022,4,2022-04,1.843,BTS T-100 (proxy)
Pennsylvania,2022,4,2022-04,1.75,BTS T-100 (proxy)
Utah,2022,4,2022-04,1.645,BTS T-100 (proxy)
Massachusetts,2022,4,2022-04,1.587,BTS T-100 (proxy)
New Jersey,2022,4,2022-04,1.549,BTS T-100 (proxy)
Oregon,2022,4,2022-04,1.34,BTS T-100 (proxy)
Maryland,2022,4,2022-04,1.1,BTS T-100 (proxy)
Tennessee,2022,4,2022-04,0.956,BTS T-100 (proxy)
Missouri,2022,4,2022-04,1.052,BTS T-100 (proxy)
Wisconsin,2022,4,2022-04,0.851,BTS T-100 (proxy)
Ohio,2022,4,2022-04,0.813,BTS T-100 (proxy)
Indiana,2022,4,2022-04,0.688,BTS T-100 (proxy)
Louisiana,2022,4,2022-04,0.582,BTS T-100 (proxy)
Oklahoma,2022,4,2022-04,0.563,BTS T-100 (proxy)
Kansas,2022,4,2022-04,0.474,BTS T-100 (proxy)
New Mexico,2022,4,2022-04,0.355,BTS T-100 (proxy)
Idaho,2022,4,2022-04,0.239,BTS T-100 (proxy)
Montana,2022,4,2022-04,0.178,BTS T-100 (proxy)
Wyoming,2022,4,2022-04,0.14,BTS T-100 (proxy)
Alaska,2022,4,2022-04,0.423,BTS T-100 (proxy)
Hawaii,2022,4,2022-04,1.107,BTS T-100 (proxy)
California,2022,5,2022-05,8.157,BTS T-100 (proxy)
Texas,2022,5,2022-05,7.115,BTS T-100 (proxy)
Florida,2022,5,2022-05,6.57,BTS T-100 (proxy)
Georgia,2022,5,2022-05,4.66,BTS T-100 (proxy)
Illinois,2022,5,2022-05,4.275,BTS T-100 (proxy)
New York,2022,5,2022-05,3.811,BTS T-100 (proxy)
Colorado,2022,5,2022-05,3.645,BTS T-100 (proxy)
Washington,2022,5,2022-05,2.93,BTS T-100 (proxy)
Nevada,2022,5,2022-05,2.817,BTS T-100 (proxy)
Arizona,2022,5,2022-05,2.662,BTS T-100 (proxy)
North Carolina,2022,5,2022-05,2.38,BTS T-100 (proxy)
Virginia,2022,5,2022-05,2.398,BTS T-100 (proxy)
Michigan,2022,5,2022-05,1.879,BTS T-100 (proxy)
Minnesota,2022,5,2022-05,1.766,BTS T-100 (proxy)
Pennsylvania,2022,5,2022-05,1.959,BTS T-100 (proxy)
Utah,2022,5,2022-05,1.711,BTS T-100 (proxy)
Massachusetts,2022,5,2022-05,1.578,BTS T-100 (proxy)
New Jersey,2022,5,2022-05,1.617,BTS T-100 (proxy)
Oregon,2022,5,2022-05,1.304,BTS T-100 (proxy)
Maryland,2022,5,2022-05,1.363,BTS T-100 (proxy)
Tennessee,2022,5,2022-05,1.192,BTS T-100 (proxy)
Missouri,2022,5,2022-05,1.031,BTS T-100 (proxy)
Wisconsin,2022,5,2022-05,1.064,BTS T-100 (proxy)
Ohio,2022,5,2022-05,0.838,BTS T-100 (proxy)
Indiana,2022,5,2022-05,0.797,BTS T-100 (proxy)
Louisiana,2022,5,2022-05,0.682,BTS T-100 (proxy)
Oklahoma,2022,5,2022-05,0.614,BTS T-100 (proxy)
Kansas,2022,5,2022-05,0.518,BTS T-100 (proxy)
New Mexico,2022,5,2022-05,0.385,BTS T-100 (proxy)
Idaho,2022,5,2022-05,0.277,BTS T-100 (proxy)
Montana,2022,5,2022-05,0.197,BTS T-100 (proxy)
Wyoming,2022,5,2022-05,0.139,BTS T-100 (proxy)
Alaska,2022,5,2022-05,0.529,BTS T-100 (proxy)
Hawaii,2022,5,2022-05,1.16,BTS T-100 (proxy)
California,2022,6,2022-06,8.157,BTS T-100 (proxy)
Texas,2022,6,2022-06,7.103,BTS T-100 (proxy)
Florida,2022,6,2022-06,6.199,BTS T-100 (proxy)
Georgia,2022,6,2022-06,4.743,BTS T-100 (proxy)
Illinois,2022,6,2022-06,4.352,BTS T-100 (proxy)
New York,2022,6,2022-06,3.782,BTS T-100 (proxy)
Colorado,2022,6,2022-06,3.52,BTS T-100 (proxy)
Washington,2022,6,2022-06,3.212,BTS T-100 (proxy)
Nevada,2022,6,2022-06,3.106,BTS T-100 (proxy)
Arizona,2022,6,2022-06,2.937,BTS T-100 (proxy)
North Carolina,2022,6,2022-06,2.565,BTS T-100 (proxy)
Virginia,2022,6,2022-06,2.163,BTS T-100 (proxy)
Michigan,2022,6,2022-06,1.907,BTS T-100 (proxy)
Minnesota,2022,6,2022-06,2.102,BTS T-100 (proxy)
Pennsylvania,2022,6,2022-06,1.827,BTS T-100 (proxy)
Utah,2022,6,2022-06,1.737,BTS T-100 (proxy)
Massachusetts,2022,6,2022-06,1.772,BTS T-100 (proxy)
New Jersey,2022,6,2022-06,1.607,BTS T-100 (proxy)
Oregon,2022,6,2022-06,1.4,BTS T-100 (proxy)
Maryland,2022,6,2022-06,1.408,BTS T-100 (proxy)
Tennessee,2022,6,2022-06,1.135,BTS T-100 (proxy)
Missouri,2022,6,2022-06,1.125,BTS T-100 (proxy)
Wisconsin,2022,6,2022-06,0.98,BTS T-100 (proxy)
Ohio,2022,6,2022-06,0.892,BTS T-100 (proxy)
Indiana,2022,6,2022-06,0.842,BTS T-100 (proxy)
Louisiana,2022,6,2022-06,0.702,BTS T-100 (proxy)
Oklahoma,2022,6,2022-06,0.602,BTS T-100 (proxy)
Kansas,2022,6,2022-06,0.515,BTS T-100 (proxy)
New Mexico,2022,6,2022-06,0.384,BTS T-100 (proxy)
Idaho,2022,6,2022-06,0.281,BTS T-100 (proxy)
Montana,2022,6,2022-06,0.185,BTS T-100 (proxy)
Wyoming,2022,6,2022-06,0.132,BTS T-100 (proxy)
Alaska,2022,6,2022-06,0.539,BTS T-100 (proxy)
Hawaii,2022,6,2022-06,1.108,BTS T-100 (proxy)
California,2022,7,2022-07,8.073,BTS T-100 (proxy)
Texas,2022,7,2022-07,6.819,BTS T-100 (proxy)
Florida,2022,7,2022-07,6.631,BTS T-100 (proxy)
Georgia,2022,7,2022-07,5.098,BTS T-100 (proxy)
Illinois,2022,7,2022-07,4.207,BTS T-100 (proxy)
New York,2022,7,2022-07,3.73,BTS T-100 (proxy)
Colorado,2022,7,2022-07,3.619,BTS T-100 (proxy)
Washington,2022,7,2022-07,3.117,BTS T-100 (proxy)
Nevada,2022,7,2022-07,2.845,BTS T-100 (proxy)
Arizona,2022,7,2022-07,3.009,BTS T-100 (proxy)
North Carolina,2022,7,2022-07,2.46,BTS T-100 (proxy)
Virginia,2022,7,2022-07,2.29,BTS T-100 (proxy)
Michigan,2022,7,2022-07,2.084,BTS T-100 (proxy)
Minnesota,2022,7,2022-07,2.034,BTS T-100 (proxy)
Pennsylvania,2022,7,2022-07,1.841,BTS T-100 (proxy)
Utah,2022,7,2022-07,1.617,BTS T-100 (proxy)
Massachusetts,2022,7,2022-07,1.665,BTS T-100 (proxy)
New Jersey,2022,7,2022-07,1.487,BTS T-100 (proxy)
Oregon,2022,7,2022-07,1.309,BTS T-100 (proxy)
Maryland,2022,7,2022-07,1.285,BTS T-100 (proxy)
Tennessee,2022,7,2022-07,1.224,BTS T-100 (proxy)
Missouri,2022,7,2022-07,1.058,BTS T-100 (proxy)
Wisconsin,2022,7,2022-07,0.975,BTS T-100 (proxy)
Ohio,2022,7,2022-07,0.938,BTS T-100 (proxy)
Indiana,2022,7,2022-07,0.778,BTS T-100 (proxy)
Louisiana,2022,7,2022-07,0.76,BTS T-100 (proxy)
Oklahoma,2022,7,2022-07,0.593,BTS T-100 (proxy)
Kansas,2022,7,2022-07,0.438,BTS T-100 (proxy)
New Mexico,2022,7,2022-07,0.399,BTS T-100 (proxy)
Idaho,2022,7,2022-07,0.294,BTS T-100 (proxy)
Montana,2022,7,2022-07,0.204,BTS T-100 (proxy)
Wyoming,2022,7,2022-07,0.149,BTS T-100 (proxy)
Alaska,2022,7,2022-07,0.477,BTS T-100 (proxy)
Hawaii,2022,7,2022-07,1.082,BTS T-100 (proxy)
California,2022,8,2022-08,7.686,BTS T-100 (proxy)
Texas,2022,8,2022-08,6.299,BTS T-100 (proxy)
Florida,2022,8,2022-08,6.033,BTS T-100 (proxy)
Georgia,2022,8,2022-08,4.797,BTS T-100 (proxy)
Illinois,2022,8,2022-08,4.158,BTS T-100 (proxy)
New York,2022,8,2022-08,3.727,BTS T-100 (proxy)
Colorado,2022,8,2022-08,3.265,BTS T-100 (proxy)
Washington,2022,8,2022-08,2.989,BTS T-100 (proxy)
Nevada,2022,8,2022-08,2.905,BTS T-100 (proxy)
Arizona,2022,8,2022-08,2.569,BTS T-100 (proxy)
North Carolina,2022,8,2022-08,2.269,BTS T-100 (proxy)
Virginia,2022,8,2022-08,2.103,BTS T-100 (proxy)
Michigan,2022,8,2022-08,1.844,BTS T-100 (proxy)
Minnesota,2022,8,2022-08,1.887,BTS T-100 (proxy)
Pennsylvania,2022,8,2022-08,1.726,BTS T-100 (proxy)
Utah,2022,8,2022-08,1.679,BTS T-100 (proxy)
Massachusetts,2022,8,2022-08,1.484,BTS T-100 (proxy)
New Jersey,2022,8,2022-08,1.43,BTS T-100 (proxy)
Oregon,2022,8,2022-08,1.325,BTS T-100 (proxy)
Maryland,2022,8,2022-08,1.166,BTS T-100 (proxy)
Tennessee,2022,8,2022-08,1.191,BTS T-100 (proxy)
Missouri,2022,8,2022-08,0.985,BTS T-100 (proxy)
Wisconsin,2022,8,2022-08,0.924,BTS T-100 (proxy)
Ohio,2022,8,2022-08,0.861,BTS T-100 (proxy)
Indiana,2022,8,2022-08,0.679,BTS T-100 (proxy)
Louisiana,2022,8,2022-08,0.583,BTS T-100 (proxy)
Oklahoma,2022,8,2022-08,0.506,BTS T-100 (proxy)
Kansas,2022,8,2022-08,0.486,BTS T-100 (proxy)
New Mexico,2022,8,2022-08,0.355,BTS T-100 (proxy)
Idaho,2022,8,2022-08,0.309,BTS T-100 (proxy)
Montana,2022,8,2022-08,0.178,BTS T-100 (proxy)
Wyoming,2022,8,2022-08,0.138,BTS T-100 (proxy)
Alaska,2022,8,2022-08,0.492,BTS T-100 (proxy)
Hawaii,2022,8,2022-08,1.206,BTS T-100 (proxy)
California,2022,9,2022-09,7.97,BTS T-100 (proxy)
Texas,2022,9,2022-09,6.49,BTS T-100 (proxy)
Florida,2022,9,2022-09,6.076,BTS T-100 (proxy)
Georgia,2022,9,2022-09,4.463,BTS T-100 (proxy)
Illinois,2022,9,2022-09,3.709,BTS T-100 (proxy)
New York,2022,9,2022-09,3.306,BTS T-100 (proxy)
Colorado,2022,9,2022-09,3.098,BTS T-100 (proxy)
Washington,2022,9,2022-09,2.72,BTS T-100 (proxy)
Nevada,2022,9,2022-09,2.528,BTS T-100 (proxy)
Arizona,2022,9,2022-09,2.409,BTS T-100 (proxy)
North Carolina,2022,9,2022-09,2.199,BTS T-100 (proxy)
Virginia,2022,9,2022-09,2.048,BTS T-100 (proxy)
Michigan,2022,9,2022-09,1.793,BTS T-100 (proxy)
Minnesota,2022,9,2022-09,1.826,BTS T-100 (proxy)
Pennsylvania,2022,9,2022-09,1.523,BTS T-100 (proxy)
Utah,2022,9,2022-09,1.515,BTS T-100 (proxy)
Massachusetts,2022,9,2022-09,1.393,BTS T-100 (proxy)
New Jersey,2022,9,2022-09,1.233,BTS T-100 (proxy)
Oregon,2022,9,2022-09,1.185,BTS T-100 (proxy)
Maryland,2022,9,2022-09,1.098,BTS T-100 (proxy)
Tennessee,2022,9,2022-09,1.097,BTS T-100 (proxy)
Missouri,2022,9,2022-09,0.964,BTS T-100 (proxy)
Wisconsin,2022,9,2022-09,0.806,BTS T-100 (proxy)
Ohio,2022,9,2022-09,0.836,BTS T-100 (proxy)
Indiana,2022,9,2022-09,0.722,BTS T-100 (proxy)
Louisiana,2022,9,2022-09,0.612,BTS T-100 (proxy)
Oklahoma,2022,9,2022-09,0.504,BTS T-100 (proxy)
Kansas,2022,9,2022-09,0.405,BTS T-100 (proxy)
New Mexico,2022,9,2022-09,0.334,BTS T-100 (proxy)
Idaho,2022,9,2022-09,0.269,BTS T-100 (proxy)
Montana,2022,9,2022-09,0.186,BTS T-100 (proxy)
Wyoming,2022,9,2022-09,0.137,BTS T-100 (proxy)
Alaska,2022,9,2022-09,0.415,BTS T-100 (proxy)
Hawaii,2022,9,2022-09,0.963,BTS T-100 (proxy)
California,2022,10,2022-10,6.73,BTS T-100 (proxy)
Texas,2022,10,2022-10,5.16,BTS T-100 (proxy)
Florida,2022,10,2022-10,5.433,BTS T-100 (proxy)
Georgia,2022,10,2022-10,3.98,BTS T-100 (proxy)
Illinois,2022,10,2022-10,3.225,BTS T-100 (proxy)
New York,2022,10,2022-10,2.894,BTS T-100 (proxy)
Colorado,2022,10,2022-10,3.064,BTS T-100 (proxy)
Washington,2022,10,2022-10,2.449,BTS T-100 (proxy)
Nevada,2022,10,2022-10,2.221,BTS T-100 (proxy)
Arizona,2022,10,2022-10,1.953,BTS T-100 (proxy)
North Carolina,2022,10,2022-10,1.963,BTS T-100 (proxy)
Virginia,2022,10,2022-10,1.969,BTS T-100 (proxy)
Michigan,2022,10,2022-10,1.788,BTS T-100 (proxy)
Minnesota,2022,10,2022-10,1.537,BTS T-100 (proxy)
Pennsylvania,2022,10,2022-10,1.449,BTS T-100 (proxy)
Utah,2022,10,2022-10,1.448,BTS T-100 (proxy)
Massachusetts,2022,10,2022-10,1.27,BTS T-100 (proxy)
New Jersey,2022,10,2022-10,1.277,BTS T-100 (proxy)
Oregon,2022,10,2022-10,1.143,BTS T-100 (proxy)
Maryland,2022,10,2022-10,1.085,BTS T-100 (proxy)
Tennessee,2022,10,2022-10,0.939,BTS T-100 (proxy)
Missouri,2022,10,2022-10,0.856,BTS T-100 (proxy)
Wisconsin,2022,10,2022-10,0.752,BTS T-100 (proxy)
Ohio,2022,10,2022-10,0.678,BTS T-100 (proxy)
Indiana,2022,10,2022-10,0.622,BTS T-100 (proxy)
Louisiana,2022,10,2022-10,0.56,BTS T-100 (proxy)
Oklahoma,2022,10,2022-10,0.493,BTS T-100 (proxy)
Kansas,2022,10,2022-10,0.377,BTS T-100 (proxy)
New Mexico,2022,10,2022-10,0.338,BTS T-100 (proxy)
Idaho,2022,10,2022-10,0.233,BTS T-100 (proxy)
Montana,2022,10,2022-10,0.157,BTS T-100 (proxy)
Wyoming,2022,10,2022-10,0.114,BTS T-100 (proxy)
Alaska,2022,10,2022-10,0.345,BTS T-100 (proxy)
Hawaii,2022,10,2022-10,0.985,BTS T-100 (proxy)
California,2022,11,2022-11,6.518,BTS T-100 (proxy)
Texas,2022,11,2022-11,5.25,BTS T-100 (proxy)
Florida,2022,11,2022-11,5.046,BTS T-100 (proxy)
Georgia,2022,11,2022-11,3.869,BTS T-100 (proxy)
Illinois,2022,11,2022-11,2.864,BTS T-100 (proxy)
New York,2022,11,2022-11,2.88,BTS T-100 (proxy)
Colorado,2022,11,2022-11,2.922,BTS T-100 (proxy)
Washington,2022,11,2022-11,2.218,BTS T-100 (proxy)
Nevada,2022,11,2022-11,2.251,BTS T-100 (proxy)
Arizona,2022,11,2022-11,1.999,BTS T-100 (proxy)
North Carolina,2022,11,2022-11,1.892,BTS T-100 (proxy)
Virginia,2022,11,2022-11,1.698,BTS T-100 (proxy)
Michigan,2022,11,2022-11,1.428,BTS T-100 (proxy)
Minnesota,2022,11,2022-11,1.565,BTS T-100 (proxy)
Pennsylvania,2022,11,2022-11,1.354,BTS T-100 (proxy)
Utah,2022,11,2022-11,1.277,BTS T-100 (proxy)
Massachusetts,2022,11,2022-11,1.27,BTS T-100 (proxy)
New Jersey,2022,11,2022-11,1.251,BTS T-100 (proxy)
Oregon,2022,11,2022-11,0.983,BTS T-100 (proxy)
Maryland,2022,11,2022-11,0.964,BTS T-100 (proxy)
Tennessee,2022,11,2022-11,0.907,BTS T-100 (proxy)
Missouri,2022,11,2022-11,0.842,BTS T-100 (proxy)
Wisconsin,2022,11,2022-11,0.746,BTS T-100 (proxy)
Ohio,2022,11,2022-11,0.653,BTS T-100 (proxy)
Indiana,2022,11,2022-11,0.567,BTS T-100 (proxy)
Louisiana,2022,11,2022-11,0.52,BTS T-100 (proxy)
Oklahoma,2022,11,2022-11,0.42,BTS T-100 (proxy)
Kansas,2022,11,2022-11,0.316,BTS T-100 (proxy)
New Mexico,2022,11,2022-11,0.302,BTS T-100 (proxy)
Idaho,2022,11,2022-11,0.232,BTS T-100 (proxy)
Montana,2022,11,2022-11,0.13,BTS T-100 (proxy)
Wyoming,2022,11,2022-11,0.105,BTS T-100 (proxy)
Alaska,2022,11,2022-11,0.381,BTS T-100 (proxy)
Hawaii,2022,11,2022-11,0.979,BTS T-100 (proxy)
California,2022,12,2022-12,6.148,BTS T-100 (proxy)
Texas,2022,12,2022-12,5.013,BTS T-100 (proxy)
Florida,2022,12,2022-12,4.868,BTS T-100 (proxy)
Georgia,2022,12,2022-12,3.938,BTS T-100 (proxy)
Illinois,2022,12,2022-12,2.936,BTS T-100 (proxy)
New York,2022,12,2022-12,2.775,BTS T-100 (proxy)
Colorado,2022,12,2022-12,2.679,BTS T-100 (proxy)
Washington,2022,12,2022-12,2.202,BTS T-100 (proxy)
Nevada,2022,12,2022-12,2.181,BTS T-100 (proxy)
Arizona,2022,12,2022-12,2.265,BTS T-100 (proxy)
North Carolina,2022,12,2022-12,1.835,BTS T-100 (proxy)
Virginia,2022,12,2022-12,1.641,BTS T-100 (proxy)
Michigan,2022,12,2022-12,1.495,BTS T-100 (proxy)
Minnesota,2022,12,2022-12,1.332,BTS T-100 (proxy)
Pennsylvania,2022,12,2022-12,1.433,BTS T-100 (proxy)
Utah,2022,12,2022-12,1.295,BTS T-100 (proxy)
Massachusetts,2022,12,2022-12,1.217,BTS T-100 (proxy)
New Jersey,2022,12,2022-12,1.341,BTS T-100 (proxy)
Oregon,2022,12,2022-12,1.027,BTS T-100 (proxy)
Maryland,2022,12,2022-12,0.904,BTS T-100 (proxy)
Tennessee,2022,12,2022-12,0.849,BTS T-100 (proxy)
Missouri,2022,12,2022-12,0.84,BTS T-100 (proxy)
Wisconsin,2022,12,2022-12,0.727,BTS T-100 (proxy)
Ohio,2022,12,2022-12,0.603,BTS T-100 (proxy)
Indiana,2022,12,2022-12,0.605,BTS T-100 (proxy)
Louisiana,2022,12,2022-12,0.489,BTS T-100 (proxy)
Oklahoma,2022,12,2022-12,0.474,BTS T-100 (proxy)
Kansas,2022,12,2022-12,0.381,BTS T-100 (proxy)
New Mexico,2022,12,2022-12,0.283,BTS T-100 (proxy)
Idaho,2022,12,2022-12,0.231,BTS T-100 (proxy)
Montana,2022,12,2022-12,0.145,BTS T-100 (proxy)
Wyoming,2022,12,2022-12,0.113,BTS T-100 (proxy)
Alaska,2022,12,2022-12,0.37,BTS T-100 (proxy)
Hawaii,2022,12,2022-12,0.83,BTS T-100 (proxy)
California,2023,1,2023-01,7.158,BTS T-100 (proxy)
Texas,2023,1,2023-01,6.587,BTS T-100 (proxy)
Florida,2023,1,2023-01,5.818,BTS T-100 (proxy)
Georgia,2023,1,2023-01,4.348,BTS T-100 (proxy)
Illinois,2023,1,2023-01,3.48,BTS T-100 (proxy)
New York,2023,1,2023-01,3.554,BTS T-100 (proxy)
Colorado,2023,1,2023-01,3.647,BTS T-100 (proxy)
Washington,2023,1,2023-01,2.636,BTS T-100 (proxy)
Nevada,2023,1,2023-01,2.613,BTS T-100 (proxy)
Arizona,2023,1,2023-01,2.701,BTS T-100 (proxy)
North Carolina,2023,1,2023-01,2.167,BTS T-100 (proxy)
Virginia,2023,1,2023-01,2.046,BTS T-100 (proxy)
Michigan,2023,1,2023-01,1.73,BTS T-100 (proxy)
Minnesota,2023,1,2023-01,1.777,BTS T-100 (proxy)
Pennsylvania,2023,1,2023-01,1.638,BTS T-100 (proxy)
Utah,2023,1,2023-01,1.643,BTS T-100 (proxy)
Massachusetts,2023,1,2023-01,1.567,BTS T-100 (proxy)
New Jersey,2023,1,2023-01,1.572,BTS T-100 (proxy)
Oregon,2023,1,2023-01,1.253,BTS T-100 (proxy)
Maryland,2023,1,2023-01,1.15,BTS T-100 (proxy)
Tennessee,2023,1,2023-01,1.054,BTS T-100 (proxy)
Missouri,2023,1,2023-01,0.94,BTS T-100 (proxy)
Wisconsin,2023,1,2023-01,0.885,BTS T-100 (proxy)
Ohio,2023,1,2023-01,0.772,BTS T-100 (proxy)
Indiana,2023,1,2023-01,0.702,BTS T-100 (proxy)
Louisiana,2023,1,2023-01,0.649,BTS T-100 (proxy)
Oklahoma,2023,1,2023-01,0.496,BTS T-100 (proxy)
Kansas,2023,1,2023-01,0.46,BTS T-100 (proxy)
New Mexico,2023,1,2023-01,0.371,BTS T-100 (proxy)
Idaho,2023,1,2023-01,0.259,BTS T-100 (proxy)
Montana,2023,1,2023-01,0.156,BTS T-100 (proxy)
Wyoming,2023,1,2023-01,0.127,BTS T-100 (proxy)
Alaska,2023,1,2023-01,0.463,BTS T-100 (proxy)
Hawaii,2023,1,2023-01,1.043,BTS T-100 (proxy)
California,2023,2,2023-02,7.47,BTS T-100 (proxy)
Texas,2023,2,2023-02,6.492,BTS T-100 (proxy)
Florida,2023,2,2023-02,6.554,BTS T-100 (proxy)
Georgia,2023,2,2023-02,4.846,BTS T-100 (proxy)
Illinois,2023,2,2023-02,3.839,BTS T-100 (proxy)
New York,2023,2,2023-02,3.632,BTS T-100 (proxy)
Colorado,2023,2,2023-02,3.446,BTS T-100 (proxy)
Washington,2023,2,2023-02,2.823,BTS T-100 (proxy)
Nevada,2023,2,2023-02,2.999,BTS T-100 (proxy)
Arizona,2023,2,2023-02,2.639,BTS T-100 (proxy)
North Carolina,2023,2,2023-02,2.453,BTS T-100 (proxy)
Virginia,2023,2,2023-02,2.289,BTS T-100 (proxy)
Michigan,2023,2,2023-02,2.039,BTS T-100 (proxy)
Minnesota,2023,2,2023-02,1.81,BTS T-100 (proxy)
Pennsylvania,2023,2,2023-02,1.793,BTS T-100 (proxy)
Utah,2023,2,2023-02,1.663,BTS T-100 (proxy)
Massachusetts,2023,2,2023-02,1.501,BTS T-100 (proxy)
New Jersey,2023,2,2023-02,1.504,BTS T-100 (proxy)
Oregon,2023,2,2023-02,1.219,BTS T-100 (proxy)
Maryland,2023,2,2023-02,1.274,BTS T-100 (proxy)
Tennessee,2023,2,2023-02,1.084,BTS T-100 (proxy)
Missouri,2023,2,2023-02,1.028,BTS T-100 (proxy)
Wisconsin,2023,2,2023-02,0.938,BTS T-100 (proxy)
Ohio,2023,2,2023-02,0.822,BTS T-100 (proxy)
Indiana,2023,2,2023-02,0.762,BTS T-100 (proxy)
Louisiana,2023,2,2023-02,0.632,BTS T-100 (proxy)
Oklahoma,2023,2,2023-02,0.579,BTS T-100 (proxy)
Kansas,2023,2,2023-02,0.431,BTS T-100 (proxy)
New Mexico,2023,2,2023-02,0.372,BTS T-100 (proxy)
Idaho,2023,2,2023-02,0.304,BTS T-100 (proxy)
Montana,2023,2,2023-02,0.176,BTS T-100 (proxy)
Wyoming,2023,2,2023-02,0.134,BTS T-100 (proxy)
Alaska,2023,2,2023-02,0.474,BTS T-100 (proxy)
Hawaii,2023,2,2023-02,1.12,BTS T-100 (proxy)
California,2023,3,2023-03,8.649,BTS T-100 (proxy)
Texas,2023,3,2023-03,7.376,BTS T-100 (proxy)
Florida,2023,3,2023-03,7.016,BTS T-100 (proxy)
Georgia,2023,3,2023-03,5.383,BTS T-100 (proxy)
Illinois,2023,3,2023-03,4.286,BTS T-100 (proxy)
New York,2023,3,2023-03,3.952,BTS T-100 (proxy)
Colorado,2023,3,2023-03,3.928,BTS T-100 (proxy)
Washington,2023,3,2023-03,3.504,BTS T-100 (proxy)
Nevada,2023,3,2023-03,2.98,BTS T-100 (proxy)
Arizona,2023,3,2023-03,2.759,BTS T-100 (proxy)
North Carolina,2023,3,2023-03,2.638,BTS T-100 (proxy)
Virginia,2023,3,2023-03,2.286,BTS T-100 (proxy)
Michigan,2023,3,2023-03,1.872,BTS T-100 (proxy)
Minnesota,2023,3,2023-03,2.085,BTS T-100 (proxy)
Pennsylvania,2023,3,2023-03,1.849,BTS T-100 (proxy)
Utah,2023,3,2023-03,1.792,BTS T-100 (proxy)
Massachusetts,2023,3,2023-03,1.728,BTS T-100 (proxy)
New Jersey,2023,3,2023-03,1.615,BTS T-100 (proxy)
Oregon,2023,3,2023-03,1.45,BTS T-100 (proxy)
Maryland,2023,3,2023-03,1.272,BTS T-100 (proxy)
Tennessee,2023,3,2023-03,1.231,BTS T-100 (proxy)
Missouri,2023,3,2023-03,1.086,BTS T-100 (proxy)
Wisconsin,2023,3,2023-03,1.037,BTS T-100 (proxy)
Ohio,2023,3,2023-03,0.928,BTS T-100 (proxy)
Indiana,2023,3,2023-03,0.763,BTS T-100 (proxy)
Louisiana,2023,3,2023-03,0.738,BTS T-100 (proxy)
Oklahoma,2023,3,2023-03,0.584,BTS T-100 (proxy)
Kansas,2023,3,2023-03,0.52,BTS T-100 (proxy)
New Mexico,2023,3,2023-03,0.407,BTS T-100 (proxy)
Idaho,2023,3,2023-03,0.328,BTS T-100 (proxy)
Montana,2023,3,2023-03,0.198,BTS T-100 (proxy)
Wyoming,2023,3,2023-03,0.147,BTS T-100 (proxy)
Alaska,2023,3,2023-03,0.5,BTS T-100 (proxy)
Hawaii,2023,3,2023-03,1.182,BTS T-100 (proxy)
California,2023,4,2023-04,9.503,BTS T-100 (proxy)
Texas,2023,4,2023-04,7.114,BTS T-100 (proxy)
Florida,2023,4,2023-04,6.925,BTS T-100 (proxy)
Georgia,2023,4,2023-04,5.19,BTS T-100 (proxy)
Illinois,2023,4,2023-04,4.73,BTS T-100 (proxy)
New York,2023,4,2023-04,4.668,BTS T-100 (proxy)
Colorado,2023,4,2023-04,4.064,BTS T-100 (proxy)
Washington,2023,4,2023-04,3.411,BTS T-100 (proxy)
Nevada,2023,4,2023-04,3.236,BTS T-100 (proxy)
Arizona,2023,4,2023-04,3.299,BTS T-100 (proxy)
North Carolina,2023,4,2023-04,2.563,BTS T-100 (proxy)
Virginia,2023,4,2023-04,2.502,BTS T-100 (proxy)
Michigan,2023,4,2023-04,2.368,BTS T-100 (proxy)
Minnesota,2023,4,2023-04,2.204,BTS T-100 (proxy)
Pennsylvania,2023,4,2023-04,2.062,BTS T-100 (proxy)
Utah,2023,4,2023-04,2.032,BTS T-100 (proxy)
Massachusetts,2023,4,2023-04,1.58,BTS T-100 (proxy)
New Jersey,2023,4,2023-04,1.778,BTS T-100 (proxy)
Oregon,2023,4,2023-04,1.456,BTS T-100 (proxy)
Maryland,2023,4,2023-04,1.27,BTS T-100 (proxy)
Tennessee,2023,4,2023-04,1.323,BTS T-100 (proxy)
Missouri,2023,4,2023-04,1.264,BTS T-100 (proxy)
Wisconsin,2023,4,2023-04,1.068,BTS T-100 (proxy)
Ohio,2023,4,2023-04,1.014,BTS T-100 (proxy)
Indiana,2023,4,2023-04,0.929,BTS T-100 (proxy)
Louisiana,2023,4,2023-04,0.802,BTS T-100 (proxy)
Oklahoma,2023,4,2023-04,0.698,BTS T-100 (proxy)
Kansas,2023,4,2023-04,0.557,BTS T-100 (proxy)
New Mexico,2023,4,2023-04,0.432,BTS T-100 (proxy)
Idaho,2023,4,2023-04,0.297,BTS T-100 (proxy)
Montana,2023,4,2023-04,0.212,BTS T-100 (proxy)
Wyoming,2023,4,2023-04,0.154,BTS T-100 (proxy)
Alaska,2023,4,2023-04,0.596,BTS T-100 (proxy)
Hawaii,2023,4,2023-04,1.279,BTS T-100 (proxy)
California,2023,5,2023-05,9.663,BTS T-100 (proxy)
Texas,2023,5,2023-05,8.36,BTS T-100 (proxy)
Florida,2023,5,2023-05,7.7,BTS T-100 (proxy)
Georgia,2023,5,2023-05,6.251,BTS T-100 (proxy)
Illinois,2023,5,2023-05,4.598,BTS T-100 (proxy)
New York,2023,5,2023-05,4.564,BTS T-100 (proxy)
Colorado,2023,5,2023-05,4.134,BTS T-100 (proxy)
Washington,2023,5,2023-05,3.377,BTS T-100 (proxy)
Nevada,2023,5,2023-05,3.286,BTS T-100 (proxy)
Arizona,2023,5,2023-05,3.271,BTS T-100 (proxy)
North Carolina,2023,5,2023-05,2.764,BTS T-100 (proxy)
Virginia,2023,5,2023-05,2.509,BTS T-100 (proxy)
Michigan,2023,5,2023-05,2.206,BTS T-100 (proxy)
Minnesota,2023,5,2023-05,2.25,BTS T-100 (proxy)
Pennsylvania,2023,5,2023-05,1.985,BTS T-100 (proxy)
Utah,2023,5,2023-05,2.111,BTS T-100 (proxy)
Massachusetts,2023,5,2023-05,1.929,BTS T-100 (proxy)
New Jersey,2023,5,2023-05,1.676,BTS T-100 (proxy)
Oregon,2023,5,2023-05,1.557,BTS T-100 (proxy)
Maryland,2023,5,2023-05,1.414,BTS T-100 (proxy)
Tennessee,2023,5,2023-05,1.378,BTS T-100 (proxy)
Missouri,2023,5,2023-05,1.326,BTS T-100 (proxy)
Wisconsin,2023,5,2023-05,1.024,BTS T-100 (proxy)
Ohio,2023,5,2023-05,1.023,BTS T-100 (proxy)
Indiana,2023,5,2023-05,0.897,BTS T-100 (proxy)
Louisiana,2023,5,2023-05,0.817,BTS T-100 (proxy)
Oklahoma,2023,5,2023-05,0.685,BTS T-100 (proxy)
Kansas,2023,5,2023-05,0.544,BTS T-100 (proxy)
New Mexico,2023,5,2023-05,0.445,BTS T-100 (proxy)
Idaho,2023,5,2023-05,0.325,BTS T-100 (proxy)
Montana,2023,5,2023-05,0.238,BTS T-100 (proxy)
Wyoming,2023,5,2023-05,0.17,BTS T-100 (proxy)
Alaska,2023,5,2023-05,0.619,BTS T-100 (proxy)
Hawaii,2023,5,2023-05,1.352,BTS T-100 (proxy)
California,2023,6,2023-06,9.429,BTS T-100 (proxy)
Texas,2023,6,2023-06,7.653,BTS T-100 (proxy)
Florida,2023,6,2023-06,7.115,BTS T-100 (proxy)
Georgia,2023,6,2023-06,5.4,BTS T-100 (proxy)
Illinois,2023,6,2023-06,4.895,BTS T-100 (proxy)
New York,2023,6,2023-06,4.717,BTS T-100 (proxy)
Colorado,2023,6,2023-06,4.025,BTS T-100 (proxy)
Washington,2023,6,2023-06,3.845,BTS T-100 (proxy)
Nevada,2023,6,2023-06,3.367,BTS T-100 (proxy)
Arizona,2023,6,2023-06,3.359,BTS T-100 (proxy)
North Carolina,2023,6,2023-06,3.107,BTS T-100 (proxy)
Virginia,2023,6,2023-06,2.764,BTS T-100 (proxy)
Michigan,2023,6,2023-06,2.383,BTS T-100 (proxy)
Minnesota,2023,6,2023-06,2.198,BTS T-100 (proxy)
Pennsylvania,2023,6,2023-06,1.95,BTS T-100 (proxy)
Utah,2023,6,2023-06,1.996,BTS T-100 (proxy)
Massachusetts,2023,6,2023-06,1.934,BTS T-100 (proxy)
New Jersey,2023,6,2023-06,1.749,BTS T-100 (proxy)
Oregon,2023,6,2023-06,1.599,BTS T-100 (proxy)
Maryland,2023,6,2023-06,1.501,BTS T-100 (proxy)
Tennessee,2023,6,2023-06,1.364,BTS T-100 (proxy)
Missouri,2023,6,2023-06,1.224,BTS T-100 (proxy)
Wisconsin,2023,6,2023-06,1.16,BTS T-100 (proxy)
Ohio,2023,6,2023-06,1.058,BTS T-100 (proxy)
Indiana,2023,6,2023-06,0.87,BTS T-100 (proxy)
Louisiana,2023,6,2023-06,0.862,BTS T-100 (proxy)
Oklahoma,2023,6,2023-06,0.687,BTS T-100 (proxy)
Kansas,2023,6,2023-06,0.576,BTS T-100 (proxy)
New Mexico,2023,6,2023-06,0.476,BTS T-100 (proxy)
Idaho,2023,6,2023-06,0.349,BTS T-100 (proxy)
Montana,2023,6,2023-06,0.241,BTS T-100 (proxy)
Wyoming,2023,6,2023-06,0.175,BTS T-100 (proxy)
Alaska,2023,6,2023-06,0.557,BTS T-100 (proxy)
Hawaii,2023,6,2023-06,1.405,BTS T-100 (proxy)
California,2023,7,2023-07,9.055,BTS T-100 (proxy)
Texas,2023,7,2023-07,8.179,BTS T-100 (proxy)
Florida,2023,7,2023-07,7.671,BTS T-100 (proxy)
Georgia,2023,7,2023-07,5.703,BTS T-100 (proxy)
Illinois,2023,7,2023-07,4.715,BTS T-100 (proxy)
New York,2023,7,2023-07,4.094,BTS T-100 (proxy)
Colorado,2023,7,2023-07,4.176,BTS T-100 (proxy)
Washington,2023,7,2023-07,3.632,BTS T-100 (proxy)
Nevada,2023,7,2023-07,3.417,BTS T-100 (proxy)
Arizona,2023,7,2023-07,3.108,BTS T-100 (proxy)
North Carolina,2023,7,2023-07,3.004,BTS T-100 (proxy)
Virginia,2023,7,2023-07,2.486,BTS T-100 (proxy)
Michigan,2023,7,2023-07,2.488,BTS T-100 (proxy)
Minnesota,2023,7,2023-07,2.308,BTS T-100 (proxy)
Pennsylvania,2023,7,2023-07,2.077,BTS T-100 (proxy)
Utah,2023,7,2023-07,2.214,BTS T-100 (proxy)
Massachusetts,2023,7,2023-07,1.806,BTS T-100 (proxy)
New Jersey,2023,7,2023-07,1.891,BTS T-100 (proxy)
Oregon,2023,7,2023-07,1.661,BTS T-100 (proxy)
Maryland,2023,7,2023-07,1.42,BTS T-100 (proxy)
Tennessee,2023,7,2023-07,1.45,BTS T-100 (proxy)
Missouri,2023,7,2023-07,1.227,BTS T-100 (proxy)
Wisconsin,2023,7,2023-07,1.146,BTS T-100 (proxy)
Ohio,2023,7,2023-07,1.03,BTS T-100 (proxy)
Indiana,2023,7,2023-07,0.898,BTS T-100 (proxy)
Louisiana,2023,7,2023-07,0.823,BTS T-100 (proxy)
Oklahoma,2023,7,2023-07,0.705,BTS T-100 (proxy)
Kansas,2023,7,2023-07,0.516,BTS T-100 (proxy)
New Mexico,2023,7,2023-07,0.481,BTS T-100 (proxy)
Idaho,2023,7,2023-07,0.311,BTS T-100 (proxy)
Montana,2023,7,2023-07,0.238,BTS T-100 (proxy)
Wyoming,2023,7,2023-07,0.179,BTS T-100 (proxy)
Alaska,2023,7,2023-07,0.534,BTS T-100 (proxy)
Hawaii,2023,7,2023-07,1.328,BTS T-100 (proxy)
California,2023,8,2023-08,8.632,BTS T-100 (proxy)
Texas,2023,8,2023-08,7.657,BTS T-100 (proxy)
Florida,2023,8,2023-08,7.197,BTS T-100 (proxy)
Georgia,2023,8,2023-08,5.696,BTS T-100 (proxy)
Illinois,2023,8,2023-08,4.811,BTS T-100 (proxy)
New York,2023,8,2023-08,4.6,BTS T-100 (proxy)
Colorado,2023,8,2023-08,3.97,BTS T-100 (proxy)
Washington,2023,8,2023-08,3.404,BTS T-100 (proxy)
Nevada,2023,8,2023-08,2.954,BTS T-100 (proxy)
Arizona,2023,8,2023-08,2.992,BTS T-100 (proxy)
North Carolina,2023,8,2023-08,2.817,BTS T-100 (proxy)
Virginia,2023,8,2023-08,2.672,BTS T-100 (proxy)
Michigan,2023,8,2023-08,2.118,BTS T-100 (proxy)
Minnesota,2023,8,2023-08,2.086,BTS T-100 (proxy)
Pennsylvania,2023,8,2023-08,2.04,BTS T-100 (proxy)
Utah,2023,8,2023-08,1.962,BTS T-100 (proxy)
Massachusetts,2023,8,2023-08,1.754,BTS T-100 (proxy)
New Jersey,2023,8,2023-08,1.756,BTS T-100 (proxy)
Oregon,2023,8,2023-08,1.469,BTS T-100 (proxy)
Maryland,2023,8,2023-08,1.396,BTS T-100 (proxy)
Tennessee,2023,8,2023-08,1.325,BTS T-100 (proxy)
Missouri,2023,8,2023-08,1.183,BTS T-100 (proxy)
Wisconsin,2023,8,2023-08,1.052,BTS T-100 (proxy)
Ohio,2023,8,2023-08,0.962,BTS T-100 (proxy)
Indiana,2023,8,2023-08,0.856,BTS T-100 (proxy)
Louisiana,2023,8,2023-08,0.739,BTS T-100 (proxy)
Oklahoma,2023,8,2023-08,0.637,BTS T-100 (proxy)
Kansas,2023,8,2023-08,0.58,BTS T-100 (proxy)
New Mexico,2023,8,2023-08,0.442,BTS T-100 (proxy)
Idaho,2023,8,2023-08,0.318,BTS T-100 (proxy)
Montana,2023,8,2023-08,0.222,BTS T-100 (proxy)
Wyoming,2023,8,2023-08,0.159,BTS T-100 (proxy)
Alaska,2023,8,2023-08,0.569,BTS T-100 (proxy)
Hawaii,2023,8,2023-08,1.314,BTS T-100 (proxy)
California,2023,9,2023-09,8.454,BTS T-100 (proxy)
Texas,2023,9,2023-09,7.361,BTS T-100 (proxy)
Florida,2023,9,2023-09,6.266,BTS T-100 (proxy)
Georgia,2023,9,2023-09,4.813,BTS T-100 (proxy)
Illinois,2023,9,2023-09,3.949,BTS T-100 (proxy)
New York,2023,9,2023-09,4.029,BTS T-100 (proxy)
Colorado,2023,9,2023-09,4.129,BTS T-100 (proxy)
Washington,2023,9,2023-09,3.557,BTS T-100 (proxy)
Nevada,2023,9,2023-09,3.096,BTS T-100 (proxy)
Arizona,2023,9,2023-09,2.973,BTS T-100 (proxy)
North Carolina,2023,9,2023-09,2.275,BTS T-100 (proxy)
Virginia,2023,9,2023-09,2.238,BTS T-100 (proxy)
Michigan,2023,9,2023-09,2.017,BTS T-100 (proxy)
Minnesota,2023,9,2023-09,1.938,BTS T-100 (proxy)
Pennsylvania,2023,9,2023-09,1.884,BTS T-100 (proxy)
Utah,2023,9,2023-09,1.758,BTS T-100 (proxy)
Massachusetts,2023,9,2023-09,1.532,BTS T-100 (proxy)
New Jersey,2023,9,2023-09,1.66,BTS T-100 (proxy)
Oregon,2023,9,2023-09,1.325,BTS T-100 (proxy)
Maryland,2023,9,2023-09,1.316,BTS T-100 (proxy)
Tennessee,2023,9,2023-09,1.324,BTS T-100 (proxy)
Missouri,2023,9,2023-09,1.049,BTS T-100 (proxy)
Wisconsin,2023,9,2023-09,0.873,BTS T-100 (proxy)
Ohio,2023,9,2023-09,0.887,BTS T-100 (proxy)
Indiana,2023,9,2023-09,0.844,BTS T-100 (proxy)
Louisiana,2023,9,2023-09,0.769,BTS T-100 (proxy)
Oklahoma,2023,9,2023-09,0.563,BTS T-100 (proxy)
Kansas,2023,9,2023-09,0.512,BTS T-100 (proxy)
New Mexico,2023,9,2023-09,0.391,BTS T-100 (proxy)
Idaho,2023,9,2023-09,0.298,BTS T-100 (proxy)
Montana,2023,9,2023-09,0.226,BTS T-100 (proxy)
Wyoming,2023,9,2023-09,0.139,BTS T-100 (proxy)
Alaska,2023,9,2023-09,0.506,BTS T-100 (proxy)
Hawaii,2023,9,2023-09,1.228,BTS T-100 (proxy)
California,2023,10,2023-10,8.289,BTS T-100 (proxy)
Texas,2023,10,2023-10,6.693,BTS T-100 (proxy)
Florida,2023,10,2023-10,6.387,BTS T-100 (proxy)
Georgia,2023,10,2023-10,4.625,BTS T-100 (proxy)
Illinois,2023,10,2023-10,3.937,BTS T-100 (proxy)
New York,2023,10,2023-10,3.637,BTS T-100 (proxy)
Colorado,2023,10,2023-10,3.624,BTS T-100 (proxy)
Washington,2023,10,2023-10,2.905,BTS T-100 (proxy)
Nevada,2023,10,2023-10,2.827,BTS T-100 (proxy)
Arizona,2023,10,2023-10,2.679,BTS T-100 (proxy)
North Carolina,2023,10,2023-10,2.443,BTS T-100 (proxy)
Virginia,2023,10,2023-10,2.122,BTS T-100 (proxy)
Michigan,2023,10,2023-10,1.77,BTS T-100 (proxy)
Minnesota,2023,10,2023-10,1.967,BTS T-100 (proxy)
Pennsylvania,2023,10,2023-10,1.678,BTS T-100 (proxy)
Utah,2023,10,2023-10,1.611,BTS T-100 (proxy)
Massachusetts,2023,10,2023-10,1.526,BTS T-100 (proxy)
New Jersey,2023,10,2023-10,1.582,BTS T-100 (proxy)
Oregon,2023,10,2023-10,1.157,BTS T-100 (proxy)
Maryland,2023,10,2023-10,1.391,BTS T-100 (proxy)
Tennessee,2023,10,2023-10,1.169,BTS T-100 (proxy)
Missouri,2023,10,2023-10,1.029,BTS T-100 (proxy)
Wisconsin,2023,10,2023-10,0.922,BTS T-100 (proxy)
Ohio,2023,10,2023-10,0.844,BTS T-100 (proxy)
Indiana,2023,10,2023-10,0.759,BTS T-100 (proxy)
Louisiana,2023,10,2023-10,0.668,BTS T-100 (proxy)
Oklahoma,2023,10,2023-10,0.57,BTS T-100 (proxy)
Kansas,2023,10,2023-10,0.465,BTS T-100 (proxy)
New Mexico,2023,10,2023-10,0.366,BTS T-100 (proxy)
Idaho,2023,10,2023-10,0.275,BTS T-100 (proxy)
Montana,2023,10,2023-10,0.183,BTS T-100 (proxy)
Wyoming,2023,10,2023-10,0.147,BTS T-100 (proxy)
Alaska,2023,10,2023-10,0.476,BTS T-100 (proxy)
Hawaii,2023,10,2023-10,0.947,BTS T-100 (proxy)
California,2023,11,2023-11,7.638,BTS T-100 (proxy)
Texas,2023,11,2023-11,6.326,BTS T-100 (proxy)
Florida,2023,11,2023-11,5.911,BTS T-100 (proxy)
Georgia,2023,11,2023-11,4.351,BTS T-100 (proxy)
Illinois,2023,11,2023-11,3.86,BTS T-100 (proxy)
New York,2023,11,2023-11,3.645,BTS T-100 (proxy)
Colorado,2023,11,2023-11,3.179,BTS T-100 (proxy)
Washington,2023,11,2023-11,2.841,BTS T-100 (proxy)
Nevada,2023,11,2023-11,2.483,BTS T-100 (proxy)
Arizona,2023,11,2023-11,2.349,BTS T-100 (proxy)
North Carolina,2023,11,2023-11,2.107,BTS T-100 (proxy)
Virginia,2023,11,2023-11,2.088,BTS T-100 (proxy)
Michigan,2023,11,2023-11,1.914,BTS T-100 (proxy)
Minnesota,2023,11,2023-11,1.785,BTS T-100 (proxy)
Pennsylvania,2023,11,2023-11,1.713,BTS T-100 (proxy)
Utah,2023,11,2023-11,1.607,BTS T-100 (proxy)
Massachusetts,2023,11,2023-11,1.432,BTS T-100 (proxy)
New Jersey,2023,11,2023-11,1.422,BTS T-100 (proxy)
Oregon,2023,11,2023-11,1.267,BTS T-100 (proxy)
Maryland,2023,11,2023-11,1.174,BTS T-100 (proxy)
Tennessee,2023,11,2023-11,1.106,BTS T-100 (proxy)
Missouri,2023,11,2023-11,0.991,BTS T-100 (proxy)
Wisconsin,2023,11,2023-11,0.885,BTS T-100 (proxy)
Ohio,2023,11,2023-11,0.825,BTS T-100 (proxy)
Indiana,2023,11,2023-11,0.695,BTS T-100 (proxy)
Louisiana,2023,11,2023-11,0.582,BTS T-100 (proxy)
Oklahoma,2023,11,2023-11,0.518,BTS T-100 (proxy)
Kansas,2023,11,2023-11,0.419,BTS T-100 (proxy)
New Mexico,2023,11,2023-11,0.336,BTS T-100 (proxy)
Idaho,2023,11,2023-11,0.259,BTS T-100 (proxy)
Montana,2023,11,2023-11,0.167,BTS T-100 (proxy)
Wyoming,2023,11,2023-11,0.129,BTS T-100 (proxy)
Alaska,2023,11,2023-11,0.394,BTS T-100 (proxy)
Hawaii,2023,11,2023-11,1.055,BTS T-100 (proxy)
California,2023,12,2023-12,7.225,BTS T-100 (proxy)
Texas,2023,12,2023-12,5.87,BTS T-100 (proxy)
Florida,2023,12,2023-12,5.971,BTS T-100 (proxy)
Georgia,2023,12,2023-12,4.538,BTS T-100 (proxy)
Illinois,2023,12,2023-12,3.283,BTS T-100 (proxy)
New York,2023,12,2023-12,3.27,BTS T-100 (proxy)
Colorado,2023,12,2023-12,3.106,BTS T-100 (proxy)
Washington,2023,12,2023-12,2.592,BTS T-100 (proxy)
Nevada,2023,12,2023-12,2.656,BTS T-100 (proxy)
Arizona,2023,12,2023-12,2.441,BTS T-100 (proxy)
North Carolina,2023,12,2023-12,2.097,BTS T-100 (proxy)
Virginia,2023,12,2023-12,1.759,BTS T-100 (proxy)
Michigan,2023,12,2023-12,1.842,BTS T-100 (proxy)
Minnesota,2023,12,2023-12,1.595,BTS T-100 (proxy)
Pennsylvania,2023,12,2023-12,1.62,BTS T-100 (proxy)
Utah,2023,12,2023-12,1.551,BTS T-100 (proxy)
Massachusetts,2023,12,2023-12,1.543,BTS T-100 (proxy)
New Jersey,2023,12,2023-12,1.271,BTS T-100 (proxy)
Oregon,2023,12,2023-12,1.01,BTS T-100 (proxy)
Maryland,2023,12,2023-12,1.115,BTS T-100 (proxy)
Tennessee,2023,12,2023-12,1.112,BTS T-100 (proxy)
Missouri,2023,12,2023-12,0.993,BTS T-100 (proxy)
Wisconsin,2023,12,2023-12,0.859,BTS T-100 (proxy)
Ohio,2023,12,2023-12,0.746,BTS T-100 (proxy)
Indiana,2023,12,2023-12,0.707,BTS T-100 (proxy)
Louisiana,2023,12,2023-12,0.566,BTS T-100 (proxy)
Oklahoma,2023,12,2023-12,0.522,BTS T-100 (proxy)
Kansas,2023,12,2023-12,0.436,BTS T-100 (proxy)
New Mexico,2023,12,2023-12,0.358,BTS T-100 (proxy)
Idaho,2023,12,2023-12,0.29,BTS T-100 (proxy)
Montana,2023,12,2023-12,0.173,BTS T-100 (proxy)
Wyoming,2023,12,2023-12,0.124,BTS T-100 (proxy)
Alaska,2023,12,2023-12,0.424,BTS T-100 (proxy)
Hawaii,2023,12,2023-12,0.93,BTS T-100 (proxy)
California,2024,1,2024-01,7.139,BTS T-100 (proxy)
Texas,2024,1,2024-01,6.136,BTS T-100 (proxy)
Florida,2024,1,2024-01,5.762,BTS T-100 (proxy)
Georgia,2024,1,2024-01,4.471,BTS T-100 (proxy)
Illinois,2024,1,2024-01,3.504,BTS T-100 (proxy)
New York,2024,1,2024-01,3.675,BTS T-100 (proxy)
Colorado,2024,1,2024-01,3.306,BTS T-100 (proxy)
Washington,2024,1,2024-01,2.783,BTS T-100 (proxy)
Nevada,2024,1,2024-01,2.567,BTS T-100 (proxy)
Arizona,2024,1,2024-01,2.543,BTS T-100 (proxy)
North Carolina,2024,1,2024-01,2.265,BTS T-100 (proxy)
Virginia,2024,1,2024-01,1.914,BTS T-100 (proxy)
Michigan,2024,1,2024-01,1.767,BTS T-100 (proxy)
Minnesota,2024,1,2024-01,1.714,BTS T-100 (proxy)
Pennsylvania,2024,1,2024-01,1.542,BTS T-100 (proxy)
Utah,2024,1,2024-01,1.502,BTS T-100 (proxy)
Massachusetts,2024,1,2024-01,1.444,BTS T-100 (proxy)
New Jersey,2024,1,2024-01,1.453,BTS T-100 (proxy)
Oregon,2024,1,2024-01,1.234,BTS T-100 (proxy)
Maryland,2024,1,2024-01,1.142,BTS T-100 (proxy)
Tennessee,2024,1,2024-01,1.089,BTS T-100 (proxy)
Missouri,2024,1,2024-01,0.951,BTS T-100 (proxy)
Wisconsin,2024,1,2024-01,0.887,BTS T-100 (proxy)
Ohio,2024,1,2024-01,0.779,BTS T-100 (proxy)
Indiana,2024,1,2024-01,0.705,BTS T-100 (proxy)
Louisiana,2024,1,2024-01,0.591,BTS T-100 (proxy)
Oklahoma,2024,1,2024-01,0.458,BTS T-100 (proxy)
Kansas,2024,1,2024-01,0.432,BTS T-100 (proxy)
New Mexico,2024,1,2024-01,0.373,BTS T-100 (proxy)
Idaho,2024,1,2024-01,0.273,BTS T-100 (proxy)
Montana,2024,1,2024-01,0.182,BTS T-100 (proxy)
Wyoming,2024,1,2024-01,0.139,BTS T-100 (proxy)
Alaska,2024,1,2024-01,0.437,BTS T-100 (proxy)
Hawaii,2024,1,2024-01,1.054,BTS T-100 (proxy)
California,2024,2,2024-02,7.62,BTS T-100 (proxy)
Texas,2024,2,2024-02,6.555,BTS T-100 (proxy)
Florida,2024,2,2024-02,6.484,BTS T-100 (proxy)
Georgia,2024,2,2024-02,5.001,BTS T-100 (proxy)
Illinois,2024,2,2024-02,3.858,BTS T-100 (proxy)
New York,2024,2,2024-02,3.617,BTS T-100 (proxy)
Colorado,2024,2,2024-02,3.515,BTS T-100 (proxy)
Washington,2024,2,2024-02,3.049,BTS T-100 (proxy)
Nevada,2024,2,2024-02,2.575,BTS T-100 (proxy)
Arizona,2024,2,2024-02,2.375,BTS T-100 (proxy)
North Carolina,2024,2,2024-02,2.249,BTS T-100 (proxy)
Virginia,2024,2,2024-02,1.998,BTS T-100 (proxy)
Michigan,2024,2,2024-02,1.893,BTS T-100 (proxy)
Minnesota,2024,2,2024-02,1.836,BTS T-100 (proxy)
Pennsylvania,2024,2,2024-02,1.718,BTS T-100 (proxy)
Utah,2024,2,2024-02,1.786,BTS T-100 (proxy)
Massachusetts,2024,2,2024-02,1.598,BTS T-100 (proxy)
New Jersey,2024,2,2024-02,1.502,BTS T-100 (proxy)
Oregon,2024,2,2024-02,1.335,BTS T-100 (proxy)
Maryland,2024,2,2024-02,1.134,BTS T-100 (proxy)
Tennessee,2024,2,2024-02,1.168,BTS T-100 (proxy)
Missouri,2024,2,2024-02,1.014,BTS T-100 (proxy)
Wisconsin,2024,2,2024-02,0.956,BTS T-100 (proxy)
Ohio,2024,2,2024-02,0.788,BTS T-100 (proxy)
Indiana,2024,2,2024-02,0.683,BTS T-100 (proxy)
Louisiana,2024,2,2024-02,0.674,BTS T-100 (proxy)
Oklahoma,2024,2,2024-02,0.565,BTS T-100 (proxy)
Kansas,2024,2,2024-02,0.442,BTS T-100 (proxy)
New Mexico,2024,2,2024-02,0.354,BTS T-100 (proxy)
Idaho,2024,2,2024-02,0.293,BTS T-100 (proxy)
Montana,2024,2,2024-02,0.174,BTS T-100 (proxy)
Wyoming,2024,2,2024-02,0.15,BTS T-100 (proxy)
Alaska,2024,2,2024-02,0.442,BTS T-100 (proxy)
Hawaii,2024,2,2024-02,1.145,BTS T-100 (proxy)
California,2024,3,2024-03,8.36,BTS T-100 (proxy)
Texas,2024,3,2024-03,7.417,BTS T-100 (proxy)
Florida,2024,3,2024-03,6.615,BTS T-100 (proxy)
Georgia,2024,3,2024-03,5.058,BTS T-100 (proxy)
Illinois,2024,3,2024-03,4.209,BTS T-100 (proxy)
New York,2024,3,2024-03,3.8,BTS T-100 (proxy)
Colorado,2024,3,2024-03,3.941,BTS T-100 (proxy)
Washington,2024,3,2024-03,3.118,BTS T-100 (proxy)
Nevada,2024,3,2024-03,2.966,BTS T-100 (proxy)
Arizona,2024,3,2024-03,2.756,BTS T-100 (proxy)
North Carolina,2024,3,2024-03,2.18,BTS T-100 (proxy)
Virginia,2024,3,2024-03,2.278,BTS T-100 (proxy)
Michigan,2024,3,2024-03,2.353,BTS T-100 (proxy)
Minnesota,2024,3,2024-03,2.078,BTS T-100 (proxy)
Pennsylvania,2024,3,2024-03,1.898,BTS T-100 (proxy)
Utah,2024,3,2024-03,1.776,BTS T-100 (proxy)
Massachusetts,2024,3,2024-03,1.702,BTS T-100 (proxy)
New Jersey,2024,3,2024-03,1.644,BTS T-100 (proxy)
Oregon,2024,3,2024-03,1.317,BTS T-100 (proxy)
Maryland,2024,3,2024-03,1.372,BTS T-100 (proxy)
Tennessee,2024,3,2024-03,1.243,BTS T-100 (proxy)
Missouri,2024,3,2024-03,1.14,BTS T-100 (proxy)
Wisconsin,2024,3,2024-03,1.022,BTS T-100 (proxy)
Ohio,2024,3,2024-03,0.901,BTS T-100 (proxy)
Indiana,2024,3,2024-03,0.827,BTS T-100 (proxy)
Louisiana,2024,3,2024-03,0.721,BTS T-100 (proxy)
Oklahoma,2024,3,2024-03,0.589,BTS T-100 (proxy)
Kansas,2024,3,2024-03,0.486,BTS T-100 (proxy)
New Mexico,2024,3,2024-03,0.402,BTS T-100 (proxy)
Idaho,2024,3,2024-03,0.323,BTS T-100 (proxy)
Montana,2024,3,2024-03,0.188,BTS T-100 (proxy)
Wyoming,2024,3,2024-03,0.139,BTS T-100 (proxy)
Alaska,2024,3,2024-03,0.504,BTS T-100 (proxy)
Hawaii,2024,3,2024-03,1.203,BTS T-100 (proxy)
California,2024,4,2024-04,9.217,BTS T-100 (proxy)
Texas,2024,4,2024-04,7.834,BTS T-100 (proxy)
Florida,2024,4,2024-04,7.228,BTS T-100 (proxy)
Georgia,2024,4,2024-04,5.891,BTS T-100 (proxy)
Illinois,2024,4,2024-04,4.154,BTS T-100 (proxy)
New York,2024,4,2024-04,4.122,BTS T-100 (proxy)
Colorado,2024,4,2024-04,4.064,BTS T-100 (proxy)
Washington,2024,4,2024-04,3.157,BTS T-100 (proxy)
Nevada,2024,4,2024-04,3.197,BTS T-100 (proxy)
Arizona,2024,4,2024-04,3.376,BTS T-100 (proxy)
North Carolina,2024,4,2024-04,2.69,BTS T-100 (proxy)
Virginia,2024,4,2024-04,2.501,BTS T-100 (proxy)
Michigan,2024,4,2024-04,2.115,BTS T-100 (proxy)
Minnesota,2024,4,2024-04,2.084,BTS T-100 (proxy)
Pennsylvania,2024,4,2024-04,2.004,BTS T-100 (proxy)
Utah,2024,4,2024-04,1.904,BTS T-100 (proxy)
Massachusetts,2024,4,2024-04,1.945,BTS T-100 (proxy)
New Jersey,2024,4,2024-04,1.768,BTS T-100 (proxy)
Oregon,2024,4,2024-04,1.421,BTS T-100 (proxy)
Maryland,2024,4,2024-04,1.415,BTS T-100 (proxy)
Tennessee,2024,4,2024-04,1.322,BTS T-100 (proxy)
Missouri,2024,4,2024-04,1.25,BTS T-100 (proxy)
Wisconsin,2024,4,2024-04,1.16,BTS T-100 (proxy)
Ohio,2024,4,2024-04,0.918,BTS T-100 (proxy)
Indiana,2024,4,2024-04,0.825,BTS T-100 (proxy)
Louisiana,2024,4,2024-04,0.705,BTS T-100 (proxy)
Oklahoma,2024,4,2024-04,0.637,BTS T-100 (proxy)
Kansas,2024,4,2024-04,0.55,BTS T-100 (proxy)
New Mexico,2024,4,2024-04,0.451,BTS T-100 (proxy)
Idaho,2024,4,2024-04,0.321,BTS T-100 (proxy)
Montana,2024,4,2024-04,0.212,BTS T-100 (proxy)
Wyoming,2024,4,2024-04,0.162,BTS T-100 (proxy)
Alaska,2024,4,2024-04,0.515,BTS T-100 (proxy)
Hawaii,2024,4,2024-04,1.425,BTS T-100 (proxy)
California,2024,5,2024-05,8.832,BTS T-100 (proxy)
Texas,2024,5,2024-05,8.21,BTS T-100 (proxy)
Florida,2024,5,2024-05,8.461,BTS T-100 (proxy)
Georgia,2024,5,2024-05,5.764,BTS T-100 (proxy)
Illinois,2024,5,2024-05,4.701,BTS T-100 (proxy)
New York,2024,5,2024-05,4.439,BTS T-100 (proxy)
Colorado,2024,5,2024-05,4.255,BTS T-100 (proxy)
Washington,2024,5,2024-05,3.864,BTS T-100 (proxy)
Nevada,2024,5,2024-05,3.015,BTS T-100 (proxy)
Arizona,2024,5,2024-05,3.528,BTS T-100 (proxy)
North Carolina,2024,5,2024-05,2.624,BTS T-100 (proxy)
Virginia,2024,5,2024-05,2.564,BTS T-100 (proxy)
Michigan,2024,5,2024-05,2.322,BTS T-100 (proxy)
Minnesota,2024,5,2024-05,2.326,BTS T-100 (proxy)
Pennsylvania,2024,5,2024-05,1.975,BTS T-100 (proxy)
Utah,2024,5,2024-05,2.081,BTS T-100 (proxy)
Massachusetts,2024,5,2024-05,2.115,BTS T-100 (proxy)
New Jersey,2024,5,2024-05,1.685,BTS T-100 (proxy)
Oregon,2024,5,2024-05,1.597,BTS T-100 (proxy)
Maryland,2024,5,2024-05,1.42,BTS T-100 (proxy)
Tennessee,2024,5,2024-05,1.385,BTS T-100 (proxy)
Missouri,2024,5,2024-05,1.244,BTS T-100 (proxy)
Wisconsin,2024,5,2024-05,1.094,BTS T-100 (proxy)
Ohio,2024,5,2024-05,1.042,BTS T-100 (proxy)
Indiana,2024,5,2024-05,0.985,BTS T-100 (proxy)
Louisiana,2024,5,2024-05,0.783,BTS T-100 (proxy)
Oklahoma,2024,5,2024-05,0.702,BTS T-100 (proxy)
Kansas,2024,5,2024-05,0.528,BTS T-100 (proxy)
New Mexico,2024,5,2024-05,0.43,BTS T-100 (proxy)
Idaho,2024,5,2024-05,0.347,BTS T-100 (proxy)
Montana,2024,5,2024-05,0.243,BTS T-100 (proxy)
Wyoming,2024,5,2024-05,0.172,BTS T-100 (proxy)
Alaska,2024,5,2024-05,0.556,BTS T-100 (proxy)
Hawaii,2024,5,2024-05,1.356,BTS T-100 (proxy)
California,2024,6,2024-06,9.164,BTS T-100 (proxy)
Texas,2024,6,2024-06,8.53,BTS T-100 (proxy)
Florida,2024,6,2024-06,8.165,BTS T-100 (proxy)
Georgia,2024,6,2024-06,5.732,BTS T-100 (proxy)
Illinois,2024,6,2024-06,4.716,BTS T-100 (proxy)
New York,2024,6,2024-06,4.661,BTS T-100 (proxy)
Colorado,2024,6,2024-06,4.275,BTS T-100 (proxy)
Washington,2024,6,2024-06,3.668,BTS T-100 (proxy)
Nevada,2024,6,2024-06,3.812,BTS T-100 (proxy)
Arizona,2024,6,2024-06,3.294,BTS T-100 (proxy)
North Carolina,2024,6,2024-06,2.823,BTS T-100 (proxy)
Virginia,2024,6,2024-06,2.559,BTS T-100 (proxy)
Michigan,2024,6,2024-06,2.505,BTS T-100 (proxy)
Minnesota,2024,6,2024-06,2.279,BTS T-100 (proxy)
Pennsylvania,2024,6,2024-06,2.114,BTS T-100 (proxy)
Utah,2024,6,2024-06,2.207,BTS T-100 (proxy)
Massachusetts,2024,6,2024-06,2.094,BTS T-100 (proxy)
New Jersey,2024,6,2024-06,1.785,BTS T-100 (proxy)
Oregon,2024,6,2024-06,1.46,BTS T-100 (proxy)
Maryland,2024,6,2024-06,1.57,BTS T-100 (proxy)
Tennessee,2024,6,2024-06,1.333,BTS T-100 (proxy)
Missouri,2024,6,2024-06,1.315,BTS T-100 (proxy)
Wisconsin,2024,6,2024-06,1.037,BTS T-100 (proxy)
Ohio,2024,6,2024-06,1.081,BTS T-100 (proxy)
Indiana,2024,6,2024-06,0.864,BTS T-100 (proxy)
Louisiana,2024,6,2024-06,0.834,BTS T-100 (proxy)
Oklahoma,2024,6,2024-06,0.69,BTS T-100 (proxy)
Kansas,2024,6,2024-06,0.548,BTS T-100 (proxy)
New Mexico,2024,6,2024-06,0.451,BTS T-100 (proxy)
Idaho,2024,6,2024-06,0.357,BTS T-100 (proxy)
Montana,2024,6,2024-06,0.231,BTS T-100 (proxy)
Wyoming,2024,6,2024-06,0.178,BTS T-100 (proxy)
Alaska,2024,6,2024-06,0.632,BTS T-100 (proxy)
Hawaii,2024,6,2024-06,1.272,BTS T-100 (proxy)
California,2024,7,2024-07,10.381,BTS T-100 (proxy)
Texas,2024,7,2024-07,8.178,BTS T-100 (proxy)
Florida,2024,7,2024-07,7.338,BTS T-100 (proxy)
Georgia,2024,7,2024-07,5.379,BTS T-100 (proxy)
Illinois,2024,7,2024-07,4.701,BTS T-100 (proxy)
New York,2024,7,2024-07,4.728,BTS T-100 (proxy)
Colorado,2024,7,2024-07,4.266,BTS T-100 (proxy)
Washington,2024,7,2024-07,3.889,BTS T-100 (proxy)
Nevada,2024,7,2024-07,3.144,BTS T-100 (proxy)
Arizona,2024,7,2024-07,3.275,BTS T-100 (proxy)
North Carolina,2024,7,2024-07,2.648,BTS T-100 (proxy)
Virginia,2024,7,2024-07,2.646,BTS T-100 (proxy)
Michigan,2024,7,2024-07,2.478,BTS T-100 (proxy)
Minnesota,2024,7,2024-07,2.212,BTS T-100 (proxy)
Pennsylvania,2024,7,2024-07,1.867,BTS T-100 (proxy)
Utah,2024,7,2024-07,2.054,BTS T-100 (proxy)
Massachusetts,2024,7,2024-07,1.963,BTS T-100 (proxy)
New Jersey,2024,7,2024-07,1.844,BTS T-100 (proxy)
Oregon,2024,7,2024-07,1.68,BTS T-100 (proxy)
Maryland,2024,7,2024-07,1.39,BTS T-100 (proxy)
Tennessee,2024,7,2024-07,1.402,BTS T-100 (proxy)
Missouri,2024,7,2024-07,1.317,BTS T-100 (proxy)
Wisconsin,2024,7,2024-07,1.029,BTS T-100 (proxy)
Ohio,2024,7,2024-07,1.033,BTS T-100 (proxy)
Indiana,2024,7,2024-07,0.881,BTS T-100 (proxy)
Louisiana,2024,7,2024-07,0.788,BTS T-100 (proxy)
Oklahoma,2024,7,2024-07,0.69,BTS T-100 (proxy)
Kansas,2024,7,2024-07,0.551,BTS T-100 (proxy)
New Mexico,2024,7,2024-07,0.437,BTS T-100 (proxy)
Idaho,2024,7,2024-07,0.34,BTS T-100 (proxy)
Montana,2024,7,2024-07,0.214,BTS T-100 (proxy)
Wyoming,2024,7,2024-07,0.16,BTS T-100 (proxy)
Alaska,2024,7,2024-07,0.584,BTS T-100 (proxy)
Hawaii,2024,7,2024-07,1.278,BTS T-100 (proxy)
California,2024,8,2024-08,9.442,BTS T-100 (proxy)
Texas,2024,8,2024-08,7.919,BTS T-100 (proxy)
Florida,2024,8,2024-08,6.679,BTS T-100 (proxy)
Georgia,2024,8,2024-08,5.297,BTS T-100 (proxy)
Illinois,2024,8,2024-08,4.785,BTS T-100 (proxy)
New York,2024,8,2024-08,4.089,BTS T-100 (proxy)
Colorado,2024,8,2024-08,3.99,BTS T-100 (proxy)
Washington,2024,8,2024-08,3.519,BTS T-100 (proxy)
Nevada,2024,8,2024-08,3.351,BTS T-100 (proxy)
Arizona,2024,8,2024-08,3.078,BTS T-100 (proxy)
North Carolina,2024,8,2024-08,2.607,BTS T-100 (proxy)
Virginia,2024,8,2024-08,2.648,BTS T-100 (proxy)
Michigan,2024,8,2024-08,2.454,BTS T-100 (proxy)
Minnesota,2024,8,2024-08,2.255,BTS T-100 (proxy)
Pennsylvania,2024,8,2024-08,2.051,BTS T-100 (proxy)
Utah,2024,8,2024-08,1.857,BTS T-100 (proxy)
Massachusetts,2024,8,2024-08,1.752,BTS T-100 (proxy)
New Jersey,2024,8,2024-08,1.765,BTS T-100 (proxy)
Oregon,2024,8,2024-08,1.536,BTS T-100 (proxy)
Maryland,2024,8,2024-08,1.495,BTS T-100 (proxy)
Tennessee,2024,8,2024-08,1.332,BTS T-100 (proxy)
Missouri,2024,8,2024-08,1.094,BTS T-100 (proxy)
Wisconsin,2024,8,2024-08,1.132,BTS T-100 (proxy)
Ohio,2024,8,2024-08,0.919,BTS T-100 (proxy)
Indiana,2024,8,2024-08,0.843,BTS T-100 (proxy)
Louisiana,2024,8,2024-08,0.762,BTS T-100 (proxy)
Oklahoma,2024,8,2024-08,0.709,BTS T-100 (proxy)
Kansas,2024,8,2024-08,0.621,BTS T-100 (proxy)
New Mexico,2024,8,2024-08,0.443,BTS T-100 (proxy)
Idaho,2024,8,2024-08,0.32,BTS T-100 (proxy)
Montana,2024,8,2024-08,0.221,BTS T-100 (proxy)
Wyoming,2024,8,2024-08,0.168,BTS T-100 (proxy)
Alaska,2024,8,2024-08,0.529,BTS T-100 (proxy)
Hawaii,2024,8,2024-08,1.406,BTS T-100 (proxy)
California,2024,9,2024-09,8.598,BTS T-100 (proxy)
Texas,2024,9,2024-09,7.379,BTS T-100 (proxy)
Florida,2024,9,2024-09,7.026,BTS T-100 (proxy)
Georgia,2024,9,2024-09,5.208,BTS T-100 (proxy)
Illinois,2024,9,2024-09,4.376,BTS T-100 (proxy)
New York,2024,9,2024-09,3.877,BTS T-100 (proxy)
Colorado,2024,9,2024-09,3.694,BTS T-100 (proxy)
Washington,2024,9,2024-09,3.024,BTS T-100 (proxy)
Nevada,2024,9,2024-09,3.066,BTS T-100 (proxy)
Arizona,2024,9,2024-09,3.013,BTS T-100 (proxy)
North Carolina,2024,9,2024-09,2.557,BTS T-100 (proxy)
Virginia,2024,9,2024-09,2.493,BTS T-100 (proxy)
Michigan,2024,9,2024-09,2.099,BTS T-100 (proxy)
Minnesota,2024,9,2024-09,2.067,BTS T-100 (proxy)
Pennsylvania,2024,9,2024-09,1.796,BTS T-100 (proxy)
Utah,2024,9,2024-09,1.765,BTS T-100 (proxy)
Massachusetts,2024,9,2024-09,1.759,BTS T-100 (proxy)
New Jersey,2024,9,2024-09,1.668,BTS T-100 (proxy)
Oregon,2024,9,2024-09,1.379,BTS T-100 (proxy)
Maryland,2024,9,2024-09,1.295,BTS T-100 (proxy)
Tennessee,2024,9,2024-09,1.109,BTS T-100 (proxy)
Missouri,2024,9,2024-09,1.08,BTS T-100 (proxy)
Wisconsin,2024,9,2024-09,1.045,BTS T-100 (proxy)
Ohio,2024,9,2024-09,0.926,BTS T-100 (proxy)
Indiana,2024,9,2024-09,0.82,BTS T-100 (proxy)
Louisiana,2024,9,2024-09,0.702,BTS T-100 (proxy)
Oklahoma,2024,9,2024-09,0.6,BTS T-100 (proxy)
Kansas,2024,9,2024-09,0.483,BTS T-100 (proxy)
New Mexico,2024,9,2024-09,0.414,BTS T-100 (proxy)
Idaho,2024,9,2024-09,0.306,BTS T-100 (proxy)
Montana,2024,9,2024-09,0.205,BTS T-100 (proxy)
Wyoming,2024,9,2024-09,0.146,BTS T-100 (proxy)
Alaska,2024,9,2024-09,0.446,BTS T-100 (proxy)
Hawaii,2024,9,2024-09,1.266,BTS T-100 (proxy)
California,2024,10,2024-10,7.674,BTS T-100 (proxy)
Texas,2024,10,2024-10,6.373,BTS T-100 (proxy)
Florida,2024,10,2024-10,6.508,BTS T-100 (proxy)
Georgia,2024,10,2024-10,4.625,BTS T-100 (proxy)
Illinois,2024,10,2024-10,4.091,BTS T-100 (proxy)
New York,2024,10,2024-10,3.814,BTS T-100 (proxy)
Colorado,2024,10,2024-10,3.635,BTS T-100 (proxy)
Washington,2024,10,2024-10,2.758,BTS T-100 (proxy)
Nevada,2024,10,2024-10,2.943,BTS T-100 (proxy)
Arizona,2024,10,2024-10,2.718,BTS T-100 (proxy)
North Carolina,2024,10,2024-10,2.27,BTS T-100 (proxy)
Virginia,2024,10,2024-10,2.143,BTS T-100 (proxy)
Michigan,2024,10,2024-10,1.77,BTS T-100 (proxy)
Minnesota,2024,10,2024-10,1.888,BTS T-100 (proxy)
Pennsylvania,2024,10,2024-10,1.667,BTS T-100 (proxy)
Utah,2024,10,2024-10,1.552,BTS T-100 (proxy)
Massachusetts,2024,10,2024-10,1.453,BTS T-100 (proxy)
New Jersey,2024,10,2024-10,1.562,BTS T-100 (proxy)
Oregon,2024,10,2024-10,1.254,BTS T-100 (proxy)
Maryland,2024,10,2024-10,1.295,BTS T-100 (proxy)
Tennessee,2024,10,2024-10,1.08,BTS T-100 (proxy)
Missouri,2024,10,2024-10,0.931,BTS T-100 (proxy)
Wisconsin,2024,10,2024-10,0.873,BTS T-100 (proxy)
Ohio,2024,10,2024-10,0.884,BTS T-100 (proxy)
Indiana,2024,10,2024-10,0.734,BTS T-100 (proxy)
Louisiana,2024,10,2024-10,0.63,BTS T-100 (proxy)
Oklahoma,2024,10,2024-10,0.559,BTS T-100 (proxy)
Kansas,2024,10,2024-10,0.474,BTS T-100 (proxy)
New Mexico,2024,10,2024-10,0.391,BTS T-100 (proxy)
Idaho,2024,10,2024-10,0.298,BTS T-100 (proxy)
Montana,2024,10,2024-10,0.182,BTS T-100 (proxy)
Wyoming,2024,10,2024-10,0.13,BTS T-100 (proxy)
Alaska,2024,10,2024-10,0.453,BTS T-100 (proxy)
Hawaii,2024,10,2024-10,1.124,BTS T-100 (proxy)
California,2024,11,2024-11,7.039,BTS T-100 (proxy)
Texas,2024,11,2024-11,5.965,BTS T-100 (proxy)
Florida,2024,11,2024-11,6.018,BTS T-100 (proxy)
Georgia,2024,11,2024-11,4.427,BTS T-100 (proxy)
Illinois,2024,11,2024-11,3.66,BTS T-100 (proxy)
New York,2024,11,2024-11,3.348,BTS T-100 (proxy)
Colorado,2024,11,2024-11,3.268,BTS T-100 (proxy)
Washington,2024,11,2024-11,2.656,BTS T-100 (proxy)
Nevada,2024,11,2024-11,2.726,BTS T-100 (proxy)
Arizona,2024,11,2024-11,2.654,BTS T-100 (proxy)
North Carolina,2024,11,2024-11,1.974,BTS T-100 (proxy)
Virginia,2024,11,2024-11,1.908,BTS T-100 (proxy)
Michigan,2024,11,2024-11,1.69,BTS T-100 (proxy)
Minnesota,2024,11,2024-11,1.684,BTS T-100 (proxy)
Pennsylvania,2024,11,2024-11,1.646,BTS T-100 (proxy)
Utah,2024,11,2024-11,1.453,BTS T-100 (proxy)
Massachusetts,2024,11,2024-11,1.411,BTS T-100 (proxy)
New Jersey,2024,11,2024-11,1.322,BTS T-100 (proxy)
Oregon,2024,11,2024-11,1.231,BTS T-100 (proxy)
Maryland,2024,11,2024-11,1.135,BTS T-100 (proxy)
Tennessee,2024,11,2024-11,1.006,BTS T-100 (proxy)
Missouri,2024,11,2024-11,0.966,BTS T-100 (proxy)
Wisconsin,2024,11,2024-11,0.846,BTS T-100 (proxy)
Ohio,2024,11,2024-11,0.772,BTS T-100 (proxy)
Indiana,2024,11,2024-11,0.754,BTS T-100 (proxy)
Louisiana,2024,11,2024-11,0.65,BTS T-100 (proxy)
Oklahoma,2024,11,2024-11,0.488,BTS T-100 (proxy)
Kansas,2024,11,2024-11,0.453,BTS T-100 (proxy)
New Mexico,2024,11,2024-11,0.362,BTS T-100 (proxy)
Idaho,2024,11,2024-11,0.246,BTS T-100 (proxy)
Montana,2024,11,2024-11,0.181,BTS T-100 (proxy)
Wyoming,2024,11,2024-11,0.141,BTS T-100 (proxy)
Alaska,2024,11,2024-11,0.411,BTS T-100 (proxy)
Hawaii,2024,11,2024-11,0.996,BTS T-100 (proxy)
California,2024,12,2024-12,7.593,BTS T-100 (proxy)
Texas,2024,12,2024-12,6.203,BTS T-100 (proxy)
Florida,2024,12,2024-12,5.939,BTS T-100 (proxy)
Georgia,2024,12,2024-12,4.409,BTS T-100 (proxy)
Illinois,2024,12,2024-12,3.64,BTS T-100 (proxy)
New York,2024,12,2024-12,3.174,BTS T-100 (proxy)
Colorado,2024,12,2024-12,3.399,BTS T-100 (proxy)
Washington,2024,12,2024-12,2.879,BTS T-100 (proxy)
Nevada,2024,12,2024-12,2.521,BTS T-100 (proxy)
Arizona,2024,12,2024-12,2.46,BTS T-100 (proxy)
North Carolina,2024,12,2024-12,1.962,BTS T-100 (proxy)
Virginia,2024,12,2024-12,2.005,BTS T-100 (proxy)
Michigan,2024,12,2024-12,1.836,BTS T-100 (proxy)
Minnesota,2024,12,2024-12,1.695,BTS T-100 (proxy)
Pennsylvania,2024,12,2024-12,1.706,BTS T-100 (proxy)
Utah,2024,12,2024-12,1.504,BTS T-100 (proxy)
Massachusetts,2024,12,2024-12,1.486,BTS T-100 (proxy)
New Jersey,2024,12,2024-12,1.291,BTS T-100 (proxy)
Oregon,2024,12,2024-12,1.189,BTS T-100 (proxy)
Maryland,2024,12,2024-12,1.095,BTS T-100 (proxy)
Tennessee,2024,12,2024-12,1.031,BTS T-100 (proxy)
Missouri,2024,12,2024-12,0.918,BTS T-100 (proxy)
Wisconsin,2024,12,2024-12,0.844,BTS T-100 (proxy)
Ohio,2024,12,2024-12,0.797,BTS T-100 (proxy)
Indiana,2024,12,2024-12,0.665,BTS T-100 (proxy)
Louisiana,2024,12,2024-12,0.547,BTS T-100 (proxy)
Oklahoma,2024,12,2024-12,0.555,BTS T-100 (proxy)
Kansas,2024,12,2024-12,0.454,BTS T-100 (proxy)
New Mexico,2024,12,2024-12,0.318,BTS T-100 (proxy)
Idaho,2024,12,2024-12,0.264,BTS T-100 (proxy)
Montana,2024,12,2024-12,0.166,BTS T-100 (proxy)
Wyoming,2024,12,2024-12,0.129,BTS T-100 (proxy)
Alaska,2024,12,2024-12,0.431,BTS T-100 (proxy)
Hawaii,2024,12,2024-12,1.008,BTS T-100 (proxy)
California,2025,1,2025-01,7.106,BTS T-100 (proxy)
Texas,2025,1,2025-01,6.048,BTS T-100 (proxy)
Florida,2025,1,2025-01,5.646,BTS T-100 (proxy)
Georgia,2025,1,2025-01,4.253,BTS T-100 (proxy)
Illinois,2025,1,2025-01,3.642,BTS T-100 (proxy)
New York,2025,1,2025-01,3.356,BTS T-100 (proxy)
Colorado,2025,1,2025-01,3.419,BTS T-100 (proxy)
Washington,2025,1,2025-01,2.991,BTS T-100 (proxy)
Nevada,2025,1,2025-01,2.535,BTS T-100 (proxy)
Arizona,2025,1,2025-01,2.553,BTS T-100 (proxy)
North Carolina,2025,1,2025-01,2.23,BTS T-100 (proxy)
Virginia,2025,1,2025-01,2.048,BTS T-100 (proxy)
Michigan,2025,1,2025-01,1.834,BTS T-100 (proxy)
Minnesota,2025,1,2025-01,1.805,BTS T-100 (proxy)
Pennsylvania,2025,1,2025-01,1.693,BTS T-100 (proxy)
Utah,2025,1,2025-01,1.469,BTS T-100 (proxy)
Massachusetts,2025,1,2025-01,1.543,BTS T-100 (proxy)
New Jersey,2025,1,2025-01,1.454,BTS T-100 (proxy)
Oregon,2025,1,2025-01,1.172,BTS T-100 (proxy)
Maryland,2025,1,2025-01,1.133,BTS T-100 (proxy)
Tennessee,2025,1,2025-01,1.08,BTS T-100 (proxy)
Missouri,2025,1,2025-01,0.947,BTS T-100 (proxy)
Wisconsin,2025,1,2025-01,0.917,BTS T-100 (proxy)
Ohio,2025,1,2025-01,0.876,BTS T-100 (proxy)
Indiana,2025,1,2025-01,0.669,BTS T-100 (proxy)
Louisiana,2025,1,2025-01,0.567,BTS T-100 (proxy)
Oklahoma,2025,1,2025-01,0.53,BTS T-100 (proxy)
Kansas,2025,1,2025-01,0.451,BTS T-100 (proxy)
New Mexico,2025,1,2025-01,0.344,BTS T-100 (proxy)
Idaho,2025,1,2025-01,0.28,BTS T-100 (proxy)
Montana,2025,1,2025-01,0.162,BTS T-100 (proxy)
Wyoming,2025,1,2025-01,0.135,BTS T-100 (proxy)
Alaska,2025,1,2025-01,0.422,BTS T-100 (proxy)
Hawaii,2025,1,2025-01,1.134,BTS T-100 (proxy)
California,2025,2,2025-02,8.646,BTS T-100 (proxy)
Texas,2025,2,2025-02,6.405,BTS T-100 (proxy)
Florida,2025,2,2025-02,6.117,BTS T-100 (proxy)
Georgia,2025,2,2025-02,4.92,BTS T-100 (proxy)
Illinois,2025,2,2025-02,3.81,BTS T-100 (proxy)
New York,2025,2,2025-02,3.692,BTS T-100 (proxy)
Colorado,2025,2,2025-02,3.519,BTS T-100 (proxy)
Washington,2025,2,2025-02,2.676,BTS T-100 (proxy)
Nevada,2025,2,2025-02,2.773,BTS T-100 (proxy)
Arizona,2025,2,2025-02,2.59,BTS T-100 (proxy)
North Carolina,2025,2,2025-02,2.255,BTS T-100 (proxy)
Virginia,2025,2,2025-02,2.281,BTS T-100 (proxy)
Michigan,2025,2,2025-02,1.82,BTS T-100 (proxy)
Minnesota,2025,2,2025-02,1.925,BTS T-100 (proxy)
Pennsylvania,2025,2,2025-02,1.733,BTS T-100 (proxy)
Utah,2025,2,2025-02,1.642,BTS T-100 (proxy)
Massachusetts,2025,2,2025-02,1.635,BTS T-100 (proxy)
New Jersey,2025,2,2025-02,1.505,BTS T-100 (proxy)
Oregon,2025,2,2025-02,1.332,BTS T-100 (proxy)
Maryland,2025,2,2025-02,1.261,BTS T-100 (proxy)
Tennessee,2025,2,2025-02,1.092,BTS T-100 (proxy)
Missouri,2025,2,2025-02,0.986,BTS T-100 (proxy)
Wisconsin,2025,2,2025-02,0.875,BTS T-100 (proxy)
Ohio,2025,2,2025-02,0.798,BTS T-100 (proxy)
Indiana,2025,2,2025-02,0.849,BTS T-100 (proxy)
Louisiana,2025,2,2025-02,0.688,BTS T-100 (proxy)
Oklahoma,2025,2,2025-02,0.518,BTS T-100 (proxy)
Kansas,2025,2,2025-02,0.432,BTS T-100 (proxy)
New Mexico,2025,2,2025-02,0.379,BTS T-100 (proxy)
Idaho,2025,2,2025-02,0.285,BTS T-100 (proxy)
Montana,2025,2,2025-02,0.19,BTS T-100 (proxy)
Wyoming,2025,2,2025-02,0.137,BTS T-100 (proxy)
Alaska,2025,2,2025-02,0.46,BTS T-100 (proxy)
Hawaii,2025,2,2025-02,1.128,BTS T-100 (proxy)
California,2025,3,2025-03,8.537,BTS T-100 (proxy)
Texas,2025,3,2025-03,6.401,BTS T-100 (proxy)
Florida,2025,3,2025-03,6.722,BTS T-100 (proxy)
Georgia,2025,3,2025-03,4.883,BTS T-100 (proxy)
Illinois,2025,3,2025-03,4.237,BTS T-100 (proxy)
New York,2025,3,2025-03,4.597,BTS T-100 (proxy)
Colorado,2025,3,2025-03,3.87,BTS T-100 (proxy)
Washington,2025,3,2025-03,3.15,BTS T-100 (proxy)
Nevada,2025,3,2025-03,3.138,BTS T-100 (proxy)
Arizona,2025,3,2025-03,2.97,BTS T-100 (proxy)
North Carolina,2025,3,2025-03,2.553,BTS T-100 (proxy)
Virginia,2025,3,2025-03,2.37,BTS T-100 (proxy)
Michigan,2025,3,2025-03,2.316,BTS T-100 (proxy)
Minnesota,2025,3,2025-03,1.887,BTS T-100 (proxy)
Pennsylvania,2025,3,2025-03,1.945,BTS T-100 (proxy)
Utah,2025,3,2025-03,1.717,BTS T-100 (proxy)
Massachusetts,2025,3,2025-03,1.747,BTS T-100 (proxy)
New Jersey,2025,3,2025-03,1.527,BTS T-100 (proxy)
Oregon,2025,3,2025-03,1.371,BTS T-100 (proxy)
Maryland,2025,3,2025-03,1.281,BTS T-100 (proxy)
Tennessee,2025,3,2025-03,1.259,BTS T-100 (proxy)
Missouri,2025,3,2025-03,1.151,BTS T-100 (proxy)
Wisconsin,2025,3,2025-03,0.938,BTS T-100 (proxy)
Ohio,2025,3,2025-03,0.902,BTS T-100 (proxy)
Indiana,2025,3,2025-03,0.772,BTS T-100 (proxy)
Louisiana,2025,3,2025-03,0.656,BTS T-100 (proxy)
Oklahoma,2025,3,2025-03,0.593,BTS T-100 (proxy)
Kansas,2025,3,2025-03,0.492,BTS T-100 (proxy)
New Mexico,2025,3,2025-03,0.449,BTS T-100 (proxy)
Idaho,2025,3,2025-03,0.306,BTS T-100 (proxy)
Montana,2025,3,2025-03,0.186,BTS T-100 (proxy)
Wyoming,2025,3,2025-03,0.146,BTS T-100 (proxy)
Alaska,2025,3,2025-03,0.526,BTS T-100 (proxy)
Hawaii,2025,3,2025-03,1.325,BTS T-100 (proxy)
California,2025,4,2025-04,8.413,BTS T-100 (proxy)
Texas,2025,4,2025-04,7.012,BTS T-100 (proxy)
Florida,2025,4,2025-04,7.994,BTS T-100 (proxy)
Georgia,2025,4,2025-04,5.589,BTS T-100 (proxy)
Illinois,2025,4,2025-04,4.319,BTS T-100 (proxy)
New York,2025,4,2025-04,4.415,BTS T-100 (proxy)
Colorado,2025,4,2025-04,3.547,BTS T-100 (proxy)
Washington,2025,4,2025-04,3.441,BTS T-100 (proxy)
Nevada,2025,4,2025-04,3.278,BTS T-100 (proxy)
Arizona,2025,4,2025-04,3.262,BTS T-100 (proxy)
North Carolina,2025,4,2025-04,2.551,BTS T-100 (proxy)
Virginia,2025,4,2025-04,2.483,BTS T-100 (proxy)
Michigan,2025,4,2025-04,2.153,BTS T-100 (proxy)
Minnesota,2025,4,2025-04,2.177,BTS T-100 (proxy)
Pennsylvania,2025,4,2025-04,1.951,BTS T-100 (proxy)
Utah,2025,4,2025-04,1.896,BTS T-100 (proxy)
Massachusetts,2025,4,2025-04,1.737,BTS T-100 (proxy)
New Jersey,2025,4,2025-04,1.776,BTS T-100 (proxy)
Oregon,2025,4,2025-04,1.57,BTS T-100 (proxy)
Maryland,2025,4,2025-04,1.381,BTS T-100 (proxy)
Tennessee,2025,4,2025-04,1.292,BTS T-100 (proxy)
Missouri,2025,4,2025-04,1.097,BTS T-100 (proxy)
Wisconsin,2025,4,2025-04,1.059,BTS T-100 (proxy)
Ohio,2025,4,2025-04,0.965,BTS T-100 (proxy)
Indiana,2025,4,2025-04,0.973,BTS T-100 (proxy)
Louisiana,2025,4,2025-04,0.711,BTS T-100 (proxy)
Oklahoma,2025,4,2025-04,0.692,BTS T-100 (proxy)
Kansas,2025,4,2025-04,0.564,BTS T-100 (proxy)
New Mexico,2025,4,2025-04,0.436,BTS T-100 (proxy)
Idaho,2025,4,2025-04,0.351,BTS T-100 (proxy)
Montana,2025,4,2025-04,0.219,BTS T-100 (proxy)
Wyoming,2025,4,2025-04,0.164,BTS T-100 (proxy)
Alaska,2025,4,2025-04,0.536,BTS T-100 (proxy)
Hawaii,2025,4,2025-04,1.369,BTS T-100 (proxy)
California,2025,5,2025-05,10.131,BTS T-100 (proxy)
Texas,2025,5,2025-05,7.881,BTS T-100 (proxy)
Florida,2025,5,2025-05,7.177,BTS T-100 (proxy)
Georgia,2025,5,2025-05,5.704,BTS T-100 (proxy)
Illinois,2025,5,2025-05,4.556,BTS T-100 (proxy)
New York,2025,5,2025-05,4.505,BTS T-100 (proxy)
Colorado,2025,5,2025-05,4.559,BTS T-100 (proxy)
Washington,2025,5,2025-05,3.533,BTS T-100 (proxy)
Nevada,2025,5,2025-05,3.382,BTS T-100 (proxy)
Arizona,2025,5,2025-05,3.286,BTS T-100 (proxy)
North Carolina,2025,5,2025-05,2.945,BTS T-100 (proxy)
Virginia,2025,5,2025-05,2.307,BTS T-100 (proxy)
Michigan,2025,5,2025-05,2.301,BTS T-100 (proxy)
Minnesota,2025,5,2025-05,2.284,BTS T-100 (proxy)
Pennsylvania,2025,5,2025-05,2.276,BTS T-100 (proxy)
Utah,2025,5,2025-05,1.984,BTS T-100 (proxy)
Massachusetts,2025,5,2025-05,1.741,BTS T-100 (proxy)
New Jersey,2025,5,2025-05,1.864,BTS T-100 (proxy)
Oregon,2025,5,2025-05,1.532,BTS T-100 (proxy)
Maryland,2025,5,2025-05,1.382,BTS T-100 (proxy)
Tennessee,2025,5,2025-05,1.314,BTS T-100 (proxy)
Missouri,2025,5,2025-05,1.231,BTS T-100 (proxy)
Wisconsin,2025,5,2025-05,1.096,BTS T-100 (proxy)
Ohio,2025,5,2025-05,0.905,BTS T-100 (proxy)
Indiana,2025,5,2025-05,0.944,BTS T-100 (proxy)
Louisiana,2025,5,2025-05,0.841,BTS T-100 (proxy)
Oklahoma,2025,5,2025-05,0.7,BTS T-100 (proxy)
Kansas,2025,5,2025-05,0.533,BTS T-100 (proxy)
New Mexico,2025,5,2025-05,0.447,BTS T-100 (proxy)
Idaho,2025,5,2025-05,0.339,BTS T-100 (proxy)
Montana,2025,5,2025-05,0.233,BTS T-100 (proxy)
Wyoming,2025,5,2025-05,0.175,BTS T-100 (proxy)
Alaska,2025,5,2025-05,0.544,BTS T-100 (proxy)
Hawaii,2025,5,2025-05,1.361,BTS T-100 (proxy)
California,2025,6,2025-06,9.998,BTS T-100 (proxy)
Texas,2025,6,2025-06,8.883,BTS T-100 (proxy)
Florida,2025,6,2025-06,8.095,BTS T-100 (proxy)
Georgia,2025,6,2025-06,6.096,BTS T-100 (proxy)
Illinois,2025,6,2025-06,4.85,BTS T-100 (proxy)
New York,2025,6,2025-06,4.924,BTS T-100 (proxy)
Colorado,2025,6,2025-06,4.46,BTS T-100 (proxy)
Washington,2025,6,2025-06,3.522,BTS T-100 (proxy)
Nevada,2025,6,2025-06,3.692,BTS T-100 (proxy)
Arizona,2025,6,2025-06,3.451,BTS T-100 (proxy)
North Carolina,2025,6,2025-06,2.811,BTS T-100 (proxy)
Virginia,2025,6,2025-06,2.582,BTS T-100 (proxy)
Michigan,2025,6,2025-06,2.451,BTS T-100 (proxy)
Minnesota,2025,6,2025-06,2.353,BTS T-100 (proxy)
Pennsylvania,2025,6,2025-06,2.207,BTS T-100 (proxy)
Utah,2025,6,2025-06,2.102,BTS T-100 (proxy)
Massachusetts,2025,6,2025-06,2.121,BTS T-100 (proxy)
New Jersey,2025,6,2025-06,1.939,BTS T-100 (proxy)
Oregon,2025,6,2025-06,1.625,BTS T-100 (proxy)
Maryland,2025,6,2025-06,1.565,BTS T-100 (proxy)
Tennessee,2025,6,2025-06,1.309,BTS T-100 (proxy)
Missouri,2025,6,2025-06,1.29,BTS T-100 (proxy)
Wisconsin,2025,6,2025-06,1.254,BTS T-100 (proxy)
Ohio,2025,6,2025-06,1.024,BTS T-100 (proxy)
Indiana,2025,6,2025-06,0.881,BTS T-100 (proxy)
Louisiana,2025,6,2025-06,0.779,BTS T-100 (proxy)
Oklahoma,2025,6,2025-06,0.652,BTS T-100 (proxy)
Kansas,2025,6,2025-06,0.552,BTS T-100 (proxy)
New Mexico,2025,6,2025-06,0.451,BTS T-100 (proxy)
Idaho,2025,6,2025-06,0.321,BTS T-100 (proxy)
Montana,2025,6,2025-06,0.23,BTS T-100 (proxy)
Wyoming,2025,6,2025-06,0.18,BTS T-100 (proxy)
Alaska,2025,6,2025-06,0.549,BTS T-100 (proxy)
Hawaii,2025,6,2025-06,1.485,BTS T-100 (proxy)
California,2025,7,2025-07,9.849,BTS T-100 (proxy)
Texas,2025,7,2025-07,8.555,BTS T-100 (proxy)
Florida,2025,7,2025-07,7.431,BTS T-100 (proxy)
Georgia,2025,7,2025-07,6.009,BTS T-100 (proxy)
Illinois,2025,7,2025-07,4.487,BTS T-100 (proxy)
New York,2025,7,2025-07,4.721,BTS T-100 (proxy)
Colorado,2025,7,2025-07,4.331,BTS T-100 (proxy)
Washington,2025,7,2025-07,3.716,BTS T-100 (proxy)
Nevada,2025,7,2025-07,3.19,BTS T-100 (proxy)
Arizona,2025,7,2025-07,3.13,BTS T-100 (proxy)
North Carolina,2025,7,2025-07,2.909,BTS T-100 (proxy)
Virginia,2025,7,2025-07,2.476,BTS T-100 (proxy)
Michigan,2025,7,2025-07,2.428,BTS T-100 (proxy)
Minnesota,2025,7,2025-07,2.105,BTS T-100 (proxy)
Pennsylvania,2025,7,2025-07,2.238,BTS T-100 (proxy)
Utah,2025,7,2025-07,1.908,BTS T-100 (proxy)
Massachusetts,2025,7,2025-07,1.974,BTS T-100 (proxy)
New Jersey,2025,7,2025-07,1.864,BTS T-100 (proxy)
Oregon,2025,7,2025-07,1.527,BTS T-100 (proxy)
Maryland,2025,7,2025-07,1.512,BTS T-100 (proxy)
Tennessee,2025,7,2025-07,1.374,BTS T-100 (proxy)
Missouri,2025,7,2025-07,1.209,BTS T-100 (proxy)
Wisconsin,2025,7,2025-07,1.073,BTS T-100 (proxy)
Ohio,2025,7,2025-07,0.917,BTS T-100 (proxy)
Indiana,2025,7,2025-07,0.92,BTS T-100 (proxy)
Louisiana,2025,7,2025-07,0.729,BTS T-100 (proxy)
Oklahoma,2025,7,2025-07,0.681,BTS T-100 (proxy)
Kansas,2025,7,2025-07,0.558,BTS T-100 (proxy)
New Mexico,2025,7,2025-07,0.467,BTS T-100 (proxy)
Idaho,2025,7,2025-07,0.334,BTS T-100 (proxy)
Montana,2025,7,2025-07,0.222,BTS T-100 (proxy)
Wyoming,2025,7,2025-07,0.176,BTS T-100 (proxy)
Alaska,2025,7,2025-07,0.574,BTS T-100 (proxy)
Hawaii,2025,7,2025-07,1.377,BTS T-100 (proxy)
California,2025,8,2025-08,9.352,BTS T-100 (proxy)
Texas,2025,8,2025-08,7.146,BTS T-100 (proxy)
Florida,2025,8,2025-08,7.587,BTS T-100 (proxy)
Georgia,2025,8,2025-08,5.65,BTS T-100 (proxy)
Illinois,2025,8,2025-08,4.285,BTS T-100 (proxy)
New York,2025,8,2025-08,4.248,BTS T-100 (proxy)
Colorado,2025,8,2025-08,4.077,BTS T-100 (proxy)
Washington,2025,8,2025-08,3.417,BTS T-100 (proxy)
Nevada,2025,8,2025-08,3.279,BTS T-100 (proxy)
Arizona,2025,8,2025-08,3.341,BTS T-100 (proxy)
North Carolina,2025,8,2025-08,2.833,BTS T-100 (proxy)
Virginia,2025,8,2025-08,2.31,BTS T-100 (proxy)
Michigan,2025,8,2025-08,2.328,BTS T-100 (proxy)
Minnesota,2025,8,2025-08,2.293,BTS T-100 (proxy)
Pennsylvania,2025,8,2025-08,2.082,BTS T-100 (proxy)
Utah,2025,8,2025-08,2.041,BTS T-100 (proxy)
Massachusetts,2025,8,2025-08,2.011,BTS T-100 (proxy)
New Jersey,2025,8,2025-08,1.808,BTS T-100 (proxy)
Oregon,2025,8,2025-08,1.524,BTS T-100 (proxy)
Maryland,2025,8,2025-08,1.471,BTS T-100 (proxy)
Tennessee,2025,8,2025-08,1.299,BTS T-100 (proxy)
Missouri,2025,8,2025-08,1.184,BTS T-100 (proxy)
Wisconsin,2025,8,2025-08,1.056,BTS T-100 (proxy)
Ohio,2025,8,2025-08,1.043,BTS T-100 (proxy)
Indiana,2025,8,2025-08,0.825,BTS T-100 (proxy)
Louisiana,2025,8,2025-08,0.81,BTS T-100 (proxy)
Oklahoma,2025,8,2025-08,0.661,BTS T-100 (proxy)
Kansas,2025,8,2025-08,0.5,BTS T-100 (proxy)
New Mexico,2025,8,2025-08,0.438,BTS T-100 (proxy)
Idaho,2025,8,2025-08,0.289,BTS T-100 (proxy)
Montana,2025,8,2025-08,0.222,BTS T-100 (proxy)
Wyoming,2025,8,2025-08,0.168,BTS T-100 (proxy)
Alaska,2025,8,2025-08,0.522,BTS T-100 (proxy)
Hawaii,2025,8,2025-08,1.298,BTS T-100 (proxy)
California,2025,9,2025-09,9.331,BTS T-100 (proxy)
Texas,2025,9,2025-09,7.018,BTS T-100 (proxy)
Florida,2025,9,2025-09,6.44,BTS T-100 (proxy)
Georgia,2025,9,2025-09,5.478,BTS T-100 (proxy)
Illinois,2025,9,2025-09,4.612,BTS T-100 (proxy)
New York,2025,9,2025-09,4.001,BTS T-100 (proxy)
Colorado,2025,9,2025-09,3.992,BTS T-100 (proxy)
Washington,2025,9,2025-09,3.415,BTS T-100 (proxy)
Nevada,2025,9,2025-09,2.889,BTS T-100 (proxy)
Arizona,2025,9,2025-09,2.83,BTS T-100 (proxy)
North Carolina,2025,9,2025-09,2.654,BTS T-100 (proxy)
Virginia,2025,9,2025-09,2.494,BTS T-100 (proxy)
Michigan,2025,9,2025-09,2.159,BTS T-100 (proxy)
Minnesota,2025,9,2025-09,1.912,BTS T-100 (proxy)
Pennsylvania,2025,9,2025-09,2.089,BTS T-100 (proxy)
Utah,2025,9,2025-09,1.752,BTS T-100 (proxy)
Massachusetts,2025,9,2025-09,1.672,BTS T-100 (proxy)
New Jersey,2025,9,2025-09,1.627,BTS T-100 (proxy)
Oregon,2025,9,2025-09,1.509,BTS T-100 (proxy)
Maryland,2025,9,2025-09,1.356,BTS T-100 (proxy)
Tennessee,2025,9,2025-09,1.225,BTS T-100 (proxy)
Missouri,2025,9,2025-09,1.125,BTS T-100 (proxy)
Wisconsin,2025,9,2025-09,1.002,BTS T-100 (proxy)
Ohio,2025,9,2025-09,0.925,BTS T-100 (proxy)
Indiana,2025,9,2025-09,0.699,BTS T-100 (proxy)
Louisiana,2025,9,2025-09,0.69,BTS T-100 (proxy)
Oklahoma,2025,9,2025-09,0.607,BTS T-100 (proxy)
Kansas,2025,9,2025-09,0.471,BTS T-100 (proxy)
New Mexico,2025,9,2025-09,0.408,BTS T-100 (proxy)
Idaho,2025,9,2025-09,0.297,BTS T-100 (proxy)
Montana,2025,9,2025-09,0.218,BTS T-100 (proxy)
Wyoming,2025,9,2025-09,0.162,BTS T-100 (proxy)
Alaska,2025,9,2025-09,0.488,BTS T-100 (proxy)
Hawaii,2025,9,2025-09,1.191,BTS T-100 (proxy)
California,2025,10,2025-10,7.833,BTS T-100 (proxy)
Texas,2025,10,2025-10,6.51,BTS T-100 (proxy)
Florida,2025,10,2025-10,6.351,BTS T-100 (proxy)
Georgia,2025,10,2025-10,4.539,BTS T-100 (proxy)
Illinois,2025,10,2025-10,3.665,BTS T-100 (proxy)
New York,2025,10,2025-10,3.815,BTS T-100 (proxy)
Colorado,2025,10,2025-10,3.626,BTS T-100 (proxy)
Washington,2025,10,2025-10,2.841,BTS T-100 (proxy)
Nevada,2025,10,2025-10,2.899,BTS T-100 (proxy)
Arizona,2025,10,2025-10,2.598,BTS T-100 (proxy)
North Carolina,2025,10,2025-10,2.342,BTS T-100 (proxy)
Virginia,2025,10,2025-10,2.215,BTS T-100 (proxy)
Michigan,2025,10,2025-10,1.939,BTS T-100 (proxy)
Minnesota,2025,10,2025-10,1.892,BTS T-100 (proxy)
Pennsylvania,2025,10,2025-10,1.712,BTS T-100 (proxy)
Utah,2025,10,2025-10,1.649,BTS T-100 (proxy)
Massachusetts,2025,10,2025-10,1.556,BTS T-100 (proxy)
New Jersey,2025,10,2025-10,1.425,BTS T-100 (proxy)
Oregon,2025,10,2025-10,1.284,BTS T-100 (proxy)
Maryland,2025,10,2025-10,1.109,BTS T-100 (proxy)
Tennessee,2025,10,2025-10,1.083,BTS T-100 (proxy)
Missouri,2025,10,2025-10,1.003,BTS T-100 (proxy)
Wisconsin,2025,10,2025-10,0.913,BTS T-100 (proxy)
Ohio,2025,10,2025-10,0.822,BTS T-100 (proxy)
Indiana,2025,10,2025-10,0.738,BTS T-100 (proxy)
Louisiana,2025,10,2025-10,0.663,BTS T-100 (proxy)
Oklahoma,2025,10,2025-10,0.579,BTS T-100 (proxy)
Kansas,2025,10,2025-10,0.447,BTS T-100 (proxy)
New Mexico,2025,10,2025-10,0.348,BTS T-100 (proxy)
Idaho,2025,10,2025-10,0.263,BTS T-100 (proxy)
Montana,2025,10,2025-10,0.18,BTS T-100 (proxy)
Wyoming,2025,10,2025-10,0.136,BTS T-100 (proxy)
Alaska,2025,10,2025-10,0.445,BTS T-100 (proxy)
Hawaii,2025,10,2025-10,1.038,BTS T-100 (proxy)
California,2025,11,2025-11,7.227,BTS T-100 (proxy)
Texas,2025,11,2025-11,6.322,BTS T-100 (proxy)
Florida,2025,11,2025-11,6.093,BTS T-100 (proxy)
Georgia,2025,11,2025-11,4.314,BTS T-100 (proxy)
Illinois,2025,11,2025-11,3.579,BTS T-100 (proxy)
New York,2025,11,2025-11,3.319,BTS T-100 (proxy)
Colorado,2025,11,2025-11,3.301,BTS T-100 (proxy)
Washington,2025,11,2025-11,2.666,BTS T-100 (proxy)
Nevada,2025,11,2025-11,2.685,BTS T-100 (proxy)
Arizona,2025,11,2025-11,2.298,BTS T-100 (proxy)
North Carolina,2025,11,2025-11,2.136,BTS T-100 (proxy)
Virginia,2025,11,2025-11,2.031,BTS T-100 (proxy)
Michigan,2025,11,2025-11,1.844,BTS T-100 (proxy)
Minnesota,2025,11,2025-11,1.975,BTS T-100 (proxy)
Pennsylvania,2025,11,2025-11,1.682,BTS T-100 (proxy)
Utah,2025,11,2025-11,1.488,BTS T-100 (proxy)
Massachusetts,2025,11,2025-11,1.472,BTS T-100 (proxy)
New Jersey,2025,11,2025-11,1.269,BTS T-100 (proxy)
Oregon,2025,11,2025-11,1.213,BTS T-100 (proxy)
Maryland,2025,11,2025-11,1.084,BTS T-100 (proxy)
Tennessee,2025,11,2025-11,1.092,BTS T-100 (proxy)
Missouri,2025,11,2025-11,0.931,BTS T-100 (proxy)
Wisconsin,2025,11,2025-11,0.865,BTS T-100 (proxy)
Ohio,2025,11,2025-11,0.758,BTS T-100 (proxy)
Indiana,2025,11,2025-11,0.757,BTS T-100 (proxy)
Louisiana,2025,11,2025-11,0.599,BTS T-100 (proxy)
Oklahoma,2025,11,2025-11,0.57,BTS T-100 (proxy)
Kansas,2025,11,2025-11,0.453,BTS T-100 (proxy)
New Mexico,2025,11,2025-11,0.356,BTS T-100 (proxy)
Idaho,2025,11,2025-11,0.266,BTS T-100 (proxy)
Montana,2025,11,2025-11,0.177,BTS T-100 (proxy)
Wyoming,2025,11,2025-11,0.118,BTS T-100 (proxy)
Alaska,2025,11,2025-11,0.429,BTS T-100 (proxy)
Hawaii,2025,11,2025-11,1.088,BTS T-100 (proxy)
California,2025,12,2025-12,7.207,BTS T-100 (proxy)
Texas,2025,12,2025-12,5.69,BTS T-100 (proxy)
Florida,2025,12,2025-12,5.765,BTS T-100 (proxy)
Georgia,2025,12,2025-12,4.704,BTS T-100 (proxy)
Illinois,2025,12,2025-12,3.793,BTS T-100 (proxy)
New York,2025,12,2025-12,3.389,BTS T-100 (proxy)
Colorado,2025,12,2025-12,3.384,BTS T-100 (proxy)
Washington,2025,12,2025-12,2.67,BTS T-100 (proxy)
Nevada,2025,12,2025-12,2.333,BTS T-100 (proxy)
Arizona,2025,12,2025-12,2.351,BTS T-100 (proxy)
North Carolina,2025,12,2025-12,2.291,BTS T-100 (proxy)
Virginia,2025,12,2025-12,1.928,BTS T-100 (proxy)
Michigan,2025,12,2025-12,1.763,BTS T-100 (proxy)
Minnesota,2025,12,2025-12,1.675,BTS T-100 (proxy)
Pennsylvania,2025,12,2025-12,1.769,BTS T-100 (proxy)
Utah,2025,12,2025-12,1.654,BTS T-100 (proxy)
Massachusetts,2025,12,2025-12,1.605,BTS T-100 (proxy)
New Jersey,2025,12,2025-12,1.349,BTS T-100 (proxy)
Oregon,2025,12,2025-12,1.208,BTS T-100 (proxy)
Maryland,2025,12,2025-12,1.021,BTS T-100 (proxy)
Tennessee,2025,12,2025-12,1.095,BTS T-100 (proxy)
Missouri,2025,12,2025-12,0.88,BTS T-100 (proxy)
Wisconsin,2025,12,2025-12,0.859,BTS T-100 (proxy)
Ohio,2025,12,2025-12,0.723,BTS T-100 (proxy)
Indiana,2025,12,2025-12,0.66,BTS T-100 (proxy)
Louisiana,2025,12,2025-12,0.57,BTS T-100 (proxy)
Oklahoma,2025,12,2025-12,0.494,BTS T-100 (proxy)
Kansas,2025,12,2025-12,0.414,BTS T-100 (proxy)
New Mexico,2025,12,2025-12,0.331,BTS T-100 (proxy)
Idaho,2025,12,2025-12,0.266,BTS T-100 (proxy)
Montana,2025,12,2025-12,0.161,BTS T-100 (proxy)
Wyoming,2025,12,2025-12,0.129,BTS T-100 (proxy)
Alaska,2025,12,2025-12,0.451,BTS T-100 (proxy)
Hawaii,2025,12,2025-12,0.994,BTS T-100 (proxy)
California,2026,1,2026-01,7.13,BTS T-100 (proxy)
Texas,2026,1,2026-01,6.192,BTS T-100 (proxy)
Florida,2026,1,2026-01,6.266,BTS T-100 (proxy)
Georgia,2026,1,2026-01,4.481,BTS T-100 (proxy)
Illinois,2026,1,2026-01,3.557,BTS T-100 (proxy)
New York,2026,1,2026-01,3.565,BTS T-100 (proxy)
Colorado,2026,1,2026-01,3.124,BTS T-100 (proxy)
Washington,2026,1,2026-01,2.879,BTS T-100 (proxy)
Nevada,2026,1,2026-01,2.664,BTS T-100 (proxy)
Arizona,2026,1,2026-01,2.484,BTS T-100 (proxy)
North Carolina,2026,1,2026-01,2.084,BTS T-100 (proxy)
Virginia,2026,1,2026-01,1.912,BTS T-100 (proxy)
Michigan,2026,1,2026-01,1.876,BTS T-100 (proxy)
Minnesota,2026,1,2026-01,1.847,BTS T-100 (proxy)
Pennsylvania,2026,1,2026-01,1.601,BTS T-100 (proxy)
Utah,2026,1,2026-01,1.602,BTS T-100 (proxy)
Massachusetts,2026,1,2026-01,1.325,BTS T-100 (proxy)
New Jersey,2026,1,2026-01,1.351,BTS T-100 (proxy)
Oregon,2026,1,2026-01,1.216,BTS T-100 (proxy)
Maryland,2026,1,2026-01,1.08,BTS T-100 (proxy)
Tennessee,2026,1,2026-01,0.995,BTS T-100 (proxy)
Missouri,2026,1,2026-01,0.925,BTS T-100 (proxy)
Wisconsin,2026,1,2026-01,0.883,BTS T-100 (proxy)
Ohio,2026,1,2026-01,0.776,BTS T-100 (proxy)
Indiana,2026,1,2026-01,0.618,BTS T-100 (proxy)
Louisiana,2026,1,2026-01,0.544,BTS T-100 (proxy)
Oklahoma,2026,1,2026-01,0.506,BTS T-100 (proxy)
Kansas,2026,1,2026-01,0.445,BTS T-100 (proxy)
New Mexico,2026,1,2026-01,0.3,BTS T-100 (proxy)
Idaho,2026,1,2026-01,0.255,BTS T-100 (proxy)
Montana,2026,1,2026-01,0.169,BTS T-100 (proxy)
Wyoming,2026,1,2026-01,0.14,BTS T-100 (proxy)
Alaska,2026,1,2026-01,0.427,BTS T-100 (proxy)
Hawaii,2026,1,2026-01,1.064,BTS T-100 (proxy)
California,2026,2,2026-02,7.918,BTS T-100 (proxy)
Texas,2026,2,2026-02,5.951,BTS T-100 (proxy)
Florida,2026,2,2026-02,6.532,BTS T-100 (proxy)
Georgia,2026,2,2026-02,4.768,BTS T-100 (proxy)
Illinois,2026,2,2026-02,3.984,BTS T-100 (proxy)
New York,2026,2,2026-02,4.426,BTS T-100 (proxy)
Colorado,2026,2,2026-02,3.149,BTS T-100 (proxy)
Washington,2026,2,2026-02,3.215,BTS T-100 (proxy)
Nevada,2026,2,2026-02,2.735,BTS T-100 (proxy)
Arizona,2026,2,2026-02,2.721,BTS T-100 (proxy)
North Carolina,2026,2,2026-02,2.307,BTS T-100 (proxy)
Virginia,2026,2,2026-02,2.082,BTS T-100 (proxy)
Michigan,2026,2,2026-02,1.887,BTS T-100 (proxy)
Minnesota,2026,2,2026-02,1.88,BTS T-100 (proxy)
Pennsylvania,2026,2,2026-02,1.624,BTS T-100 (proxy)
Utah,2026,2,2026-02,1.727,BTS T-100 (proxy)
Massachusetts,2026,2,2026-02,1.54,BTS T-100 (proxy)
New Jersey,2026,2,2026-02,1.396,BTS T-100 (proxy)
Oregon,2026,2,2026-02,1.266,BTS T-100 (proxy)
Maryland,2026,2,2026-02,1.278,BTS T-100 (proxy)
Tennessee,2026,2,2026-02,1.08,BTS T-100 (proxy)
Missouri,2026,2,2026-02,1.036,BTS T-100 (proxy)
Wisconsin,2026,2,2026-02,0.891,BTS T-100 (proxy)
Ohio,2026,2,2026-02,0.864,BTS T-100 (proxy)
Indiana,2026,2,2026-02,0.765,BTS T-100 (proxy)
Louisiana,2026,2,2026-02,0.707,BTS T-100 (proxy)
Oklahoma,2026,2,2026-02,0.55,BTS T-100 (proxy)
Kansas,2026,2,2026-02,0.478,BTS T-100 (proxy)
New Mexico,2026,2,2026-02,0.372,BTS T-100 (proxy)
Idaho,2026,2,2026-02,0.295,BTS T-100 (proxy)
Montana,2026,2,2026-02,0.178,BTS T-100 (proxy)
Wyoming,2026,2,2026-02,0.144,BTS T-100 (proxy)
Alaska,2026,2,2026-02,0.458,BTS T-100 (proxy)
Hawaii,2026,2,2026-02,1.106,BTS T-100 (proxy)
California,2026,3,2026-03,8.539,BTS T-100 (proxy)
Texas,2026,3,2026-03,7.291,BTS T-100 (proxy)
Florida,2026,3,2026-03,6.76,BTS T-100 (proxy)
Georgia,2026,3,2026-03,5.155,BTS T-100 (proxy)
Illinois,2026,3,2026-03,4.531,BTS T-100 (proxy)
New York,2026,3,2026-03,4.197,BTS T-100 (proxy)
Colorado,2026,3,2026-03,3.965,BTS T-100 (proxy)
Washington,2026,3,2026-03,3.127,BTS T-100 (proxy)
Nevada,2026,3,2026-03,2.867,BTS T-100 (proxy)
Arizona,2026,3,2026-03,3.039,BTS T-100 (proxy)
North Carolina,2026,3,2026-03,2.61,BTS T-100 (proxy)
Virginia,2026,3,2026-03,2.469,BTS T-100 (proxy)
Michigan,2026,3,2026-03,2.037,BTS T-100 (proxy)
Minnesota,2026,3,2026-03,1.977,BTS T-100 (proxy)
Pennsylvania,2026,3,2026-03,1.744,BTS T-100 (proxy)
Utah,2026,3,2026-03,1.765,BTS T-100 (proxy)
Massachusetts,2026,3,2026-03,1.785,BTS T-100 (proxy)
New Jersey,2026,3,2026-03,1.563,BTS T-100 (proxy)
Oregon,2026,3,2026-03,1.445,BTS T-100 (proxy)
Maryland,2026,3,2026-03,1.288,BTS T-100 (proxy)
Tennessee,2026,3,2026-03,1.219,BTS T-100 (proxy)
Missouri,2026,3,2026-03,1.037,BTS T-100 (proxy)
Wisconsin,2026,3,2026-03,1.004,BTS T-100 (proxy)
Ohio,2026,3,2026-03,0.765,BTS T-100 (proxy)
Indiana,2026,3,2026-03,0.793,BTS T-100 (proxy)
Louisiana,2026,3,2026-03,0.643,BTS T-100 (proxy)
Oklahoma,2026,3,2026-03,0.636,BTS T-100 (proxy)
Kansas,2026,3,2026-03,0.519,BTS T-100 (proxy)
New Mexico,2026,3,2026-03,0.409,BTS T-100 (proxy)
Idaho,2026,3,2026-03,0.323,BTS T-100 (proxy)
Montana,2026,3,2026-03,0.191,BTS T-100 (proxy)
Wyoming,2026,3,2026-03,0.163,BTS T-100 (proxy)
Alaska,2026,3,2026-03,0.523,BTS T-100 (proxy)
Hawaii,2026,3,2026-03,1.186,BTS T-100 (proxy)
California,2026,4,2026-04,9.656,BTS T-100 (proxy)
Texas,2026,4,2026-04,7.312,BTS T-100 (proxy)
Florida,2026,4,2026-04,7.009,BTS T-100 (proxy)
Georgia,2026,4,2026-04,5.316,BTS T-100 (proxy)
Illinois,2026,4,2026-04,4.396,BTS T-100 (proxy)
New York,2026,4,2026-04,4.073,BTS T-100 (proxy)
Colorado,2026,4,2026-04,4.335,BTS T-100 (proxy)
Washington,2026,4,2026-04,3.395,BTS T-100 (proxy)
Nevada,2026,4,2026-04,3.282,BTS T-100 (proxy)
Arizona,2026,4,2026-04,3.029,BTS T-100 (proxy)
North Carolina,2026,4,2026-04,2.443,BTS T-100 (proxy)
Virginia,2026,4,2026-04,2.506,BTS T-100 (proxy)
Michigan,2026,4,2026-04,2.042,BTS T-100 (proxy)
Minnesota,2026,4,2026-04,2.143,BTS T-100 (proxy)
Pennsylvania,2026,4,2026-04,1.903,BTS T-100 (proxy)
Utah,2026,4,2026-04,2.127,BTS T-100 (proxy)
Massachusetts,2026,4,2026-04,1.911,BTS T-100 (proxy)
New Jersey,2026,4,2026-04,1.729,BTS T-100 (proxy)
Oregon,2026,4,2026-04,1.6,BTS T-100 (proxy)
Maryland,2026,4,2026-04,1.338,BTS T-100 (proxy)
Tennessee,2026,4,2026-04,1.325,BTS T-100 (proxy)
Missouri,2026,4,2026-04,1.194,BTS T-100 (proxy)
Wisconsin,2026,4,2026-04,1.089,BTS T-100 (proxy)
Ohio,2026,4,2026-04,1.029,BTS T-100 (proxy)
Indiana,2026,4,2026-04,0.891,BTS T-100 (proxy)
Louisiana,2026,4,2026-04,0.763,BTS T-100 (proxy)
Oklahoma,2026,4,2026-04,0.592,BTS T-100 (proxy)
Kansas,2026,4,2026-04,0.512,BTS T-100 (proxy)
New Mexico,2026,4,2026-04,0.427,BTS T-100 (proxy)
Idaho,2026,4,2026-04,0.324,BTS T-100 (proxy)
Montana,2026,4,2026-04,0.203,BTS T-100 (proxy)
Wyoming,2026,4,2026-04,0.181,BTS T-100 (proxy)
Alaska,2026,4,2026-04,0.578,BTS T-100 (proxy)
Hawaii,2026,4,2026-04,1.329,BTS T-100 (proxy)
California,2026,5,2026-05,9.639,BTS T-100 (proxy)
Texas,2026,5,2026-05,8.049,BTS T-100 (proxy)
Florida,2026,5,2026-05,7.318,BTS T-100 (proxy)
Georgia,2026,5,2026-05,5.785,BTS T-100 (proxy)
Illinois,2026,5,2026-05,4.807,BTS T-100 (proxy)
New York,2026,5,2026-05,4.239,BTS T-100 (proxy)
Colorado,2026,5,2026-05,4.365,BTS T-100 (proxy)
Washington,2026,5,2026-05,3.588,BTS T-100 (proxy)
Nevada,2026,5,2026-05,3.066,BTS T-100 (proxy)
Arizona,2026,5,2026-05,3.136,BTS T-100 (proxy)
North Carolina,2026,5,2026-05,2.766,BTS T-100 (proxy)
Virginia,2026,5,2026-05,2.844,BTS T-100 (proxy)
Michigan,2026,5,2026-05,2.439,BTS T-100 (proxy)
Minnesota,2026,5,2026-05,2.109,BTS T-100 (proxy)
Pennsylvania,2026,5,2026-05,2.199,BTS T-100 (proxy)
Utah,2026,5,2026-05,1.876,BTS T-100 (proxy)
Massachusetts,2026,5,2026-05,2.025,BTS T-100 (proxy)
New Jersey,2026,5,2026-05,1.765,BTS T-100 (proxy)
Oregon,2026,5,2026-05,1.574,BTS T-100 (proxy)
Maryland,2026,5,2026-05,1.566,BTS T-100 (proxy)
Tennessee,2026,5,2026-05,1.269,BTS T-100 (proxy)
Missouri,2026,5,2026-05,1.156,BTS T-100 (proxy)
Wisconsin,2026,5,2026-05,1.097,BTS T-100 (proxy)
Ohio,2026,5,2026-05,1.07,BTS T-100 (proxy)
Indiana,2026,5,2026-05,0.835,BTS T-100 (proxy)
Louisiana,2026,5,2026-05,0.679,BTS T-100 (proxy)
Oklahoma,2026,5,2026-05,0.663,BTS T-100 (proxy)
Kansas,2026,5,2026-05,0.581,BTS T-100 (proxy)
New Mexico,2026,5,2026-05,0.479,BTS T-100 (proxy)
Idaho,2026,5,2026-05,0.331,BTS T-100 (proxy)
Montana,2026,5,2026-05,0.221,BTS T-100 (proxy)
Wyoming,2026,5,2026-05,0.179,BTS T-100 (proxy)
Alaska,2026,5,2026-05,0.512,BTS T-100 (proxy)
Hawaii,2026,5,2026-05,1.33,BTS T-100 (proxy)
California,2026,6,2026-06,9.868,BTS T-100 (proxy)
Texas,2026,6,2026-06,8.466,BTS T-100 (proxy)
Florida,2026,6,2026-06,7.621,BTS T-100 (proxy)
Georgia,2026,6,2026-06,5.875,BTS T-100 (proxy)
Illinois,2026,6,2026-06,4.229,BTS T-100 (proxy)
New York,2026,6,2026-06,4.449,BTS T-100 (proxy)
Colorado,2026,6,2026-06,4.469,BTS T-100 (proxy)
Washington,2026,6,2026-06,3.499,BTS T-100 (proxy)
Nevada,2026,6,2026-06,3.46,BTS T-100 (proxy)
Arizona,2026,6,2026-06,3.41,BTS T-100 (proxy)
North Carolina,2026,6,2026-06,2.826,BTS T-100 (proxy)
Virginia,2026,6,2026-06,2.668,BTS T-100 (proxy)
Michigan,2026,6,2026-06,2.299,BTS T-100 (proxy)
Minnesota,2026,6,2026-06,2.276,BTS T-100 (proxy)
Pennsylvania,2026,6,2026-06,2.252,BTS T-100 (proxy)
Utah,2026,6,2026-06,2.086,BTS T-100 (proxy)
Massachusetts,2026,6,2026-06,1.898,BTS T-100 (proxy)
New Jersey,2026,6,2026-06,1.861,BTS T-100 (proxy)
Oregon,2026,6,2026-06,1.668,BTS T-100 (proxy)
Maryland,2026,6,2026-06,1.342,BTS T-100 (proxy)
Tennessee,2026,6,2026-06,1.46,BTS T-100 (proxy)
Missouri,2026,6,2026-06,1.244,BTS T-100 (proxy)
Wisconsin,2026,6,2026-06,1.174,BTS T-100 (proxy)
Ohio,2026,6,2026-06,1.097,BTS T-100 (proxy)
Indiana,2026,6,2026-06,0.857,BTS T-100 (proxy)
Louisiana,2026,6,2026-06,0.776,BTS T-100 (proxy)
Oklahoma,2026,6,2026-06,0.68,BTS T-100 (proxy)
Kansas,2026,6,2026-06,0.552,BTS T-100 (proxy)
New Mexico,2026,6,2026-06,0.5,BTS T-100 (proxy)
Idaho,2026,6,2026-06,0.33,BTS T-100 (proxy)
Montana,2026,6,2026-06,0.224,BTS T-100 (proxy)
Wyoming,2026,6,2026-06,0.174,BTS T-100 (proxy)
Alaska,2026,6,2026-06,0.54,BTS T-100 (proxy)
Hawaii,2026,6,2026-06,1.353,BTS T-100 (proxy)
California,2026,7,2026-07,9.757,BTS T-100 (proxy)
Texas,2026,7,2026-07,8.0,BTS T-100 (proxy)
Florida,2026,7,2026-07,7.647,BTS T-100 (proxy)
Georgia,2026,7,2026-07,5.61,BTS T-100 (proxy)
Illinois,2026,7,2026-07,4.386,BTS T-100 (proxy)
New York,2026,7,2026-07,4.592,BTS T-100 (proxy)
Colorado,2026,7,2026-07,4.67,BTS T-100 (proxy)
Washington,2026,7,2026-07,3.619,BTS T-100 (proxy)
Nevada,2026,7,2026-07,3.428,BTS T-100 (proxy)
Arizona,2026,7,2026-07,3.39,BTS T-100 (proxy)
North Carolina,2026,7,2026-07,2.645,BTS T-100 (proxy)
Virginia,2026,7,2026-07,2.82,BTS T-100 (proxy)
Michigan,2026,7,2026-07,2.397,BTS T-100 (proxy)
Minnesota,2026,7,2026-07,2.444,BTS T-100 (proxy)
Pennsylvania,2026,7,2026-07,2.068,BTS T-100 (proxy)
Utah,2026,7,2026-07,2.219,BTS T-100 (proxy)
Massachusetts,2026,7,2026-07,1.995,BTS T-100 (proxy)
New Jersey,2026,7,2026-07,1.858,BTS T-100 (proxy)
Oregon,2026,7,2026-07,1.6,BTS T-100 (proxy)
Maryland,2026,7,2026-07,1.451,BTS T-100 (proxy)
Tennessee,2026,7,2026-07,1.437,BTS T-100 (proxy)
Missouri,2026,7,2026-07,1.252,BTS T-100 (proxy)
Wisconsin,2026,7,2026-07,1.019,BTS T-100 (proxy)
Ohio,2026,7,2026-07,0.96,BTS T-100 (proxy)
Indiana,2026,7,2026-07,0.896,BTS T-100 (proxy)
Louisiana,2026,7,2026-07,0.803,BTS T-100 (proxy)
Oklahoma,2026,7,2026-07,0.676,BTS T-100 (proxy)
Kansas,2026,7,2026-07,0.599,BTS T-100 (proxy)
New Mexico,2026,7,2026-07,0.408,BTS T-100 (proxy)
Idaho,2026,7,2026-07,0.341,BTS T-100 (proxy)
Montana,2026,7,2026-07,0.205,BTS T-100 (proxy)
Wyoming,2026,7,2026-07,0.176,BTS T-100 (proxy)
Alaska,2026,7,2026-07,0.562,BTS T-100 (proxy)
Hawaii,2026,7,2026-07,1.384,BTS T-100 (proxy)
