state,year,week,year_week,nwss_n_sites,nwss_n_detected,nwss_detection_rate,nwss_mean_conc,has_nwss_data,national_cases_week,annual_total,mmr_coverage,nme_rate,below_herd_immunity,air_passengers_millions,google_trends_measles,is_outbreak_week,is_high_case_week,is_outbreak_year
ak,2022,1,2022-W01,0,0,0.0,,0,1,121,,,0,,22,0,0,1
al,2022,1,2022-W01,0,0,0.0,,0,1,121,,,0,,22,0,0,1
ar,2022,1,2022-W01,0,0,0.0,,0,1,121,,,0,,22,0,0,1
ca,2022,1,2022-W01,0,0,0.0,,0,1,121,,,0,,22,0,0,1
co,2022,1,2022-W01,0,0,0.0,,0,1,121,,,0,,22,0,0,1
ct,2022,1,2022-W01,0,0,0.0,,0,1,121,,,0,,22,0,0,1
dc,2022,1,2022-W01,0,0,0.0,,0,1,121,,,0,,22,0,0,1
de,2022,1,2022-W01,0,0,0.0,,0,1,121,,,0,,22,0,0,1
fl,2022,1,2022-W01,0,0,0.0,,0,1,121,,,0,,22,0,0,1
ga,2022,1,2022-W01,0,0,0.0,,0,1,121,,,0,,22,0,0,1
gu,2022,1,2022-W01,0,0,0.0,,0,1,121,,,0,,22,0,0,1
hi,2022,1,2022-W01,0,0,0.0,,0,1,121,,,0,,22,0,0,1
ia,2022,1,2022-W01,0,0,0.0,,0,1,121,,,0,,22,0,0,1
id,2022,1,2022-W01,0,0,0.0,,0,1,121,,,0,,22,0,0,1
il,2022,1,2022-W01,0,0,0.0,,0,1,121,,,0,,22,0,0,1
in,2022,1,2022-W01,0,0,0.0,,0,1,121,,,0,,22,0,0,1
ks,2022,1,2022-W01,0,0,0.0,,0,1,121,,,0,,22,0,0,1
ky,2022,1,2022-W01,0,0,0.0,,0,1,121,,,0,,22,0,0,1
la,2022,1,2022-W01,0,0,0.0,,0,1,121,,,0,,22,0,0,1
ma,2022,1,2022-W01,0,0,0.0,,0,1,121,,,0,,22,0,0,1
md,2022,1,2022-W01,0,0,0.0,,0,1,121,,,0,,22,0,0,1
me,2022,1,2022-W01,0,0,0.0,,0,1,121,,,0,,22,0,0,1
mi,2022,1,2022-W01,0,0,0.0,,0,1,121,,,0,,22,0,0,1
mn,2022,1,2022-W01,0,0,0.0,,0,1,121,,,0,,22,0,0,1
mo,2022,1,2022-W01,0,0,0.0,,0,1,121,,,0,,22,0,0,1
ms,2022,1,2022-W01,0,0,0.0,,0,1,121,,,0,,22,0,0,1
mt,2022,1,2022-W01,0,0,0.0,,0,1,121,,,0,,22,0,0,1
nc,2022,1,2022-W01,0,0,0.0,,0,1,121,,,0,,22,0,0,1
ne,2022,1,2022-W01,0,0,0.0,,0,1,121,,,0,,22,0,0,1
nh,2022,1,2022-W01,0,0,0.0,,0,1,121,,,0,,22,0,0,1
nj,2022,1,2022-W01,0,0,0.0,,0,1,121,,,0,,22,0,0,1
nm,2022,1,2022-W01,0,0,0.0,,0,1,121,,,0,,22,0,0,1
nv,2022,1,2022-W01,0,0,0.0,,0,1,121,,,0,,22,0,0,1
ny,2022,1,2022-W01,0,0,0.0,,0,1,121,,,0,,22,0,0,1
oh,2022,1,2022-W01,0,0,0.0,,0,1,121,,,0,,22,0,0,1
ok,2022,1,2022-W01,0,0,0.0,,0,1,121,,,0,,22,0,0,1
or,2022,1,2022-W01,0,0,0.0,,0,1,121,,,0,,22,0,0,1
pa,2022,1,2022-W01,0,0,0.0,,0,1,121,,,0,,22,0,0,1
ri,2022,1,2022-W01,0,0,0.0,,0,1,121,,,0,,22,0,0,1
sc,2022,1,2022-W01,0,0,0.0,,0,1,121,,,0,,22,0,0,1
sd,2022,1,2022-W01,0,0,0.0,,0,1,121,,,0,,22,0,0,1
tn,2022,1,2022-W01,0,0,0.0,,0,1,121,,,0,,22,0,0,1
tx,2022,1,2022-W01,0,0,0.0,,0,1,121,,,0,,22,0,0,1
ut,2022,1,2022-W01,0,0,0.0,,0,1,121,,,0,,22,0,0,1
va,2022,1,2022-W01,0,0,0.0,,0,1,121,,,0,,22,0,0,1
vt,2022,1,2022-W01,0,0,0.0,,0,1,121,,,0,,22,0,0,1
wa,2022,1,2022-W01,0,0,0.0,,0,1,121,,,0,,22,0,0,1
wi,2022,1,2022-W01,0,0,0.0,,0,1,121,,,0,,22,0,0,1
wv,2022,1,2022-W01,0,0,0.0,,0,1,121,,,0,,22,0,0,1
wy,2022,1,2022-W01,0,0,0.0,,0,1,121,,,0,,22,0,0,1
ak,2022,2,2022-W02,0,0,0.0,,0,1,121,,,0,,14,0,0,1
al,2022,2,2022-W02,0,0,0.0,,0,1,121,,,0,,14,0,0,1
ar,2022,2,2022-W02,0,0,0.0,,0,1,121,,,0,,14,0,0,1
ca,2022,2,2022-W02,0,0,0.0,,0,1,121,,,0,,14,0,0,1
co,2022,2,2022-W02,0,0,0.0,,0,1,121,,,0,,14,0,0,1
ct,2022,2,2022-W02,0,0,0.0,,0,1,121,,,0,,14,0,0,1
dc,2022,2,2022-W02,0,0,0.0,,0,1,121,,,0,,14,0,0,1
de,2022,2,2022-W02,0,0,0.0,,0,1,121,,,0,,14,0,0,1
fl,2022,2,2022-W02,0,0,0.0,,0,1,121,,,0,,14,0,0,1
ga,2022,2,2022-W02,0,0,0.0,,0,1,121,,,0,,14,0,0,1
gu,2022,2,2022-W02,0,0,0.0,,0,1,121,,,0,,14,0,0,1
hi,2022,2,2022-W02,0,0,0.0,,0,1,121,,,0,,14,0,0,1
ia,2022,2,2022-W02,0,0,0.0,,0,1,121,,,0,,14,0,0,1
id,2022,2,2022-W02,0,0,0.0,,0,1,121,,,0,,14,0,0,1
il,2022,2,2022-W02,0,0,0.0,,0,1,121,,,0,,14,0,0,1
in,2022,2,2022-W02,0,0,0.0,,0,1,121,,,0,,14,0,0,1
ks,2022,2,2022-W02,0,0,0.0,,0,1,121,,,0,,14,0,0,1
ky,2022,2,2022-W02,0,0,0.0,,0,1,121,,,0,,14,0,0,1
la,2022,2,2022-W02,0,0,0.0,,0,1,121,,,0,,14,0,0,1
ma,2022,2,2022-W02,0,0,0.0,,0,1,121,,,0,,14,0,0,1
md,2022,2,2022-W02,0,0,0.0,,0,1,121,,,0,,14,0,0,1
me,2022,2,2022-W02,0,0,0.0,,0,1,121,,,0,,14,0,0,1
mi,2022,2,2022-W02,0,0,0.0,,0,1,121,,,0,,14,0,0,1
mn,2022,2,2022-W02,0,0,0.0,,0,1,121,,,0,,14,0,0,1
mo,2022,2,2022-W02,0,0,0.0,,0,1,121,,,0,,14,0,0,1
ms,2022,2,2022-W02,0,0,0.0,,0,1,121,,,0,,14,0,0,1
mt,2022,2,2022-W02,0,0,0.0,,0,1,121,,,0,,14,0,0,1
nc,2022,2,2022-W02,0,0,0.0,,0,1,121,,,0,,14,0,0,1
ne,2022,2,2022-W02,0,0,0.0,,0,1,121,,,0,,14,0,0,1
nh,2022,2,2022-W02,0,0,0.0,,0,1,121,,,0,,14,0,0,1
nj,2022,2,2022-W02,0,0,0.0,,0,1,121,,,0,,14,0,0,1
nm,2022,2,2022-W02,0,0,0.0,,0,1,121,,,0,,14,0,0,1
nv,2022,2,2022-W02,0,0,0.0,,0,1,121,,,0,,14,0,0,1
ny,2022,2,2022-W02,0,0,0.0,,0,1,121,,,0,,14,0,0,1
oh,2022,2,2022-W02,0,0,0.0,,0,1,121,,,0,,14,0,0,1
ok,2022,2,2022-W02,0,0,0.0,,0,1,121,,,0,,14,0,0,1
or,2022,2,2022-W02,0,0,0.0,,0,1,121,,,0,,14,0,0,1
pa,2022,2,2022-W02,0,0,0.0,,0,1,121,,,0,,14,0,0,1
ri,2022,2,2022-W02,0,0,0.0,,0,1,121,,,0,,14,0,0,1
sc,2022,2,2022-W02,0,0,0.0,,0,1,121,,,0,,14,0,0,1
sd,2022,2,2022-W02,0,0,0.0,,0,1,121,,,0,,14,0,0,1
tn,2022,2,2022-W02,0,0,0.0,,0,1,121,,,0,,14,0,0,1
tx,2022,2,2022-W02,0,0,0.0,,0,1,121,,,0,,14,0,0,1
ut,2022,2,2022-W02,0,0,0.0,,0,1,121,,,0,,14,0,0,1
va,2022,2,2022-W02,0,0,0.0,,0,1,121,,,0,,14,0,0,1
vt,2022,2,2022-W02,0,0,0.0,,0,1,121,,,0,,14,0,0,1
wa,2022,2,2022-W02,0,0,0.0,,0,1,121,,,0,,14,0,0,1
wi,2022,2,2022-W02,0,0,0.0,,0,1,121,,,0,,14,0,0,1
wv,2022,2,2022-W02,0,0,0.0,,0,1,121,,,0,,14,0,0,1
wy,2022,2,2022-W02,0,0,0.0,,0,1,121,,,0,,14,0,0,1
ak,2022,3,2022-W03,0,0,0.0,,0,3,121,,,0,,23,0,0,1
al,2022,3,2022-W03,0,0,0.0,,0,3,121,,,0,,23,0,0,1
ar,2022,3,2022-W03,0,0,0.0,,0,3,121,,,0,,23,0,0,1
ca,2022,3,2022-W03,0,0,0.0,,0,3,121,,,0,,23,0,0,1
co,2022,3,2022-W03,0,0,0.0,,0,3,121,,,0,,23,0,0,1
ct,2022,3,2022-W03,0,0,0.0,,0,3,121,,,0,,23,0,0,1
dc,2022,3,2022-W03,0,0,0.0,,0,3,121,,,0,,23,0,0,1
de,2022,3,2022-W03,0,0,0.0,,0,3,121,,,0,,23,0,0,1
fl,2022,3,2022-W03,0,0,0.0,,0,3,121,,,0,,23,0,0,1
ga,2022,3,2022-W03,0,0,0.0,,0,3,121,,,0,,23,0,0,1
gu,2022,3,2022-W03,0,0,0.0,,0,3,121,,,0,,23,0,0,1
hi,2022,3,2022-W03,0,0,0.0,,0,3,121,,,0,,23,0,0,1
ia,2022,3,2022-W03,0,0,0.0,,0,3,121,,,0,,23,0,0,1
id,2022,3,2022-W03,0,0,0.0,,0,3,121,,,0,,23,0,0,1
il,2022,3,2022-W03,0,0,0.0,,0,3,121,,,0,,23,0,0,1
in,2022,3,2022-W03,0,0,0.0,,0,3,121,,,0,,23,0,0,1
ks,2022,3,2022-W03,0,0,0.0,,0,3,121,,,0,,23,0,0,1
ky,2022,3,2022-W03,0,0,0.0,,0,3,121,,,0,,23,0,0,1
la,2022,3,2022-W03,0,0,0.0,,0,3,121,,,0,,23,0,0,1
ma,2022,3,2022-W03,0,0,0.0,,0,3,121,,,0,,23,0,0,1
md,2022,3,2022-W03,0,0,0.0,,0,3,121,,,0,,23,0,0,1
me,2022,3,2022-W03,0,0,0.0,,0,3,121,,,0,,23,0,0,1
mi,2022,3,2022-W03,0,0,0.0,,0,3,121,,,0,,23,0,0,1
mn,2022,3,2022-W03,0,0,0.0,,0,3,121,,,0,,23,0,0,1
mo,2022,3,2022-W03,0,0,0.0,,0,3,121,,,0,,23,0,0,1
ms,2022,3,2022-W03,0,0,0.0,,0,3,121,,,0,,23,0,0,1
mt,2022,3,2022-W03,0,0,0.0,,0,3,121,,,0,,23,0,0,1
nc,2022,3,2022-W03,0,0,0.0,,0,3,121,,,0,,23,0,0,1
ne,2022,3,2022-W03,0,0,0.0,,0,3,121,,,0,,23,0,0,1
nh,2022,3,2022-W03,0,0,0.0,,0,3,121,,,0,,23,0,0,1
nj,2022,3,2022-W03,0,0,0.0,,0,3,121,,,0,,23,0,0,1
nm,2022,3,2022-W03,0,0,0.0,,0,3,121,,,0,,23,0,0,1
nv,2022,3,2022-W03,0,0,0.0,,0,3,121,,,0,,23,0,0,1
ny,2022,3,2022-W03,0,0,0.0,,0,3,121,,,0,,23,0,0,1
oh,2022,3,2022-W03,0,0,0.0,,0,3,121,,,0,,23,0,0,1
ok,2022,3,2022-W03,0,0,0.0,,0,3,121,,,0,,23,0,0,1
or,2022,3,2022-W03,0,0,0.0,,0,3,121,,,0,,23,0,0,1
pa,2022,3,2022-W03,0,0,0.0,,0,3,121,,,0,,23,0,0,1
ri,2022,3,2022-W03,0,0,0.0,,0,3,121,,,0,,23,0,0,1
sc,2022,3,2022-W03,0,0,0.0,,0,3,121,,,0,,23,0,0,1
sd,2022,3,2022-W03,0,0,0.0,,0,3,121,,,0,,23,0,0,1
tn,2022,3,2022-W03,0,0,0.0,,0,3,121,,,0,,23,0,0,1
tx,2022,3,2022-W03,0,0,0.0,,0,3,121,,,0,,23,0,0,1
ut,2022,3,2022-W03,0,0,0.0,,0,3,121,,,0,,23,0,0,1
va,2022,3,2022-W03,0,0,0.0,,0,3,121,,,0,,23,0,0,1
vt,2022,3,2022-W03,0,0,0.0,,0,3,121,,,0,,23,0,0,1
wa,2022,3,2022-W03,0,0,0.0,,0,3,121,,,0,,23,0,0,1
wi,2022,3,2022-W03,0,0,0.0,,0,3,121,,,0,,23,0,0,1
wv,2022,3,2022-W03,0,0,0.0,,0,3,121,,,0,,23,0,0,1
wy,2022,3,2022-W03,0,0,0.0,,0,3,121,,,0,,23,0,0,1
ak,2022,4,2022-W04,0,0,0.0,,0,2,121,,,0,,15,0,0,1
al,2022,4,2022-W04,0,0,0.0,,0,2,121,,,0,,15,0,0,1
ar,2022,4,2022-W04,0,0,0.0,,0,2,121,,,0,,15,0,0,1
ca,2022,4,2022-W04,0,0,0.0,,0,2,121,,,0,,15,0,0,1
co,2022,4,2022-W04,0,0,0.0,,0,2,121,,,0,,15,0,0,1
ct,2022,4,2022-W04,0,0,0.0,,0,2,121,,,0,,15,0,0,1
dc,2022,4,2022-W04,0,0,0.0,,0,2,121,,,0,,15,0,0,1
de,2022,4,2022-W04,0,0,0.0,,0,2,121,,,0,,15,0,0,1
fl,2022,4,2022-W04,0,0,0.0,,0,2,121,,,0,,15,0,0,1
ga,2022,4,2022-W04,0,0,0.0,,0,2,121,,,0,,15,0,0,1
gu,2022,4,2022-W04,0,0,0.0,,0,2,121,,,0,,15,0,0,1
hi,2022,4,2022-W04,0,0,0.0,,0,2,121,,,0,,15,0,0,1
ia,2022,4,2022-W04,0,0,0.0,,0,2,121,,,0,,15,0,0,1
id,2022,4,2022-W04,0,0,0.0,,0,2,121,,,0,,15,0,0,1
il,2022,4,2022-W04,0,0,0.0,,0,2,121,,,0,,15,0,0,1
in,2022,4,2022-W04,0,0,0.0,,0,2,121,,,0,,15,0,0,1
ks,2022,4,2022-W04,0,0,0.0,,0,2,121,,,0,,15,0,0,1
ky,2022,4,2022-W04,0,0,0.0,,0,2,121,,,0,,15,0,0,1
la,2022,4,2022-W04,0,0,0.0,,0,2,121,,,0,,15,0,0,1
ma,2022,4,2022-W04,0,0,0.0,,0,2,121,,,0,,15,0,0,1
md,2022,4,2022-W04,0,0,0.0,,0,2,121,,,0,,15,0,0,1
me,2022,4,2022-W04,0,0,0.0,,0,2,121,,,0,,15,0,0,1
mi,2022,4,2022-W04,0,0,0.0,,0,2,121,,,0,,15,0,0,1
mn,2022,4,2022-W04,0,0,0.0,,0,2,121,,,0,,15,0,0,1
mo,2022,4,2022-W04,0,0,0.0,,0,2,121,,,0,,15,0,0,1
ms,2022,4,2022-W04,0,0,0.0,,0,2,121,,,0,,15,0,0,1
mt,2022,4,2022-W04,0,0,0.0,,0,2,121,,,0,,15,0,0,1
nc,2022,4,2022-W04,0,0,0.0,,0,2,121,,,0,,15,0,0,1
ne,2022,4,2022-W04,0,0,0.0,,0,2,121,,,0,,15,0,0,1
nh,2022,4,2022-W04,0,0,0.0,,0,2,121,,,0,,15,0,0,1
nj,2022,4,2022-W04,0,0,0.0,,0,2,121,,,0,,15,0,0,1
nm,2022,4,2022-W04,0,0,0.0,,0,2,121,,,0,,15,0,0,1
nv,2022,4,2022-W04,0,0,0.0,,0,2,121,,,0,,15,0,0,1
ny,2022,4,2022-W04,0,0,0.0,,0,2,121,,,0,,15,0,0,1
oh,2022,4,2022-W04,0,0,0.0,,0,2,121,,,0,,15,0,0,1
ok,2022,4,2022-W04,0,0,0.0,,0,2,121,,,0,,15,0,0,1
or,2022,4,2022-W04,0,0,0.0,,0,2,121,,,0,,15,0,0,1
pa,2022,4,2022-W04,0,0,0.0,,0,2,121,,,0,,15,0,0,1
ri,2022,4,2022-W04,0,0,0.0,,0,2,121,,,0,,15,0,0,1
sc,2022,4,2022-W04,0,0,0.0,,0,2,121,,,0,,15,0,0,1
sd,2022,4,2022-W04,0,0,0.0,,0,2,121,,,0,,15,0,0,1
tn,2022,4,2022-W04,0,0,0.0,,0,2,121,,,0,,15,0,0,1
tx,2022,4,2022-W04,0,0,0.0,,0,2,121,,,0,,15,0,0,1
ut,2022,4,2022-W04,0,0,0.0,,0,2,121,,,0,,15,0,0,1
va,2022,4,2022-W04,0,0,0.0,,0,2,121,,,0,,15,0,0,1
vt,2022,4,2022-W04,0,0,0.0,,0,2,121,,,0,,15,0,0,1
wa,2022,4,2022-W04,0,0,0.0,,0,2,121,,,0,,15,0,0,1
wi,2022,4,2022-W04,0,0,0.0,,0,2,121,,,0,,15,0,0,1
wv,2022,4,2022-W04,0,0,0.0,,0,2,121,,,0,,15,0,0,1
wy,2022,4,2022-W04,0,0,0.0,,0,2,121,,,0,,15,0,0,1
ak,2022,5,2022-W05,0,0,0.0,,0,1,121,,,0,,23,0,0,1
al,2022,5,2022-W05,0,0,0.0,,0,1,121,,,0,,23,0,0,1
ar,2022,5,2022-W05,0,0,0.0,,0,1,121,,,0,,23,0,0,1
ca,2022,5,2022-W05,0,0,0.0,,0,1,121,,,0,,23,0,0,1
co,2022,5,2022-W05,0,0,0.0,,0,1,121,,,0,,23,0,0,1
ct,2022,5,2022-W05,0,0,0.0,,0,1,121,,,0,,23,0,0,1
dc,2022,5,2022-W05,0,0,0.0,,0,1,121,,,0,,23,0,0,1
de,2022,5,2022-W05,0,0,0.0,,0,1,121,,,0,,23,0,0,1
fl,2022,5,2022-W05,0,0,0.0,,0,1,121,,,0,,23,0,0,1
ga,2022,5,2022-W05,0,0,0.0,,0,1,121,,,0,,23,0,0,1
gu,2022,5,2022-W05,0,0,0.0,,0,1,121,,,0,,23,0,0,1
hi,2022,5,2022-W05,0,0,0.0,,0,1,121,,,0,,23,0,0,1
ia,2022,5,2022-W05,0,0,0.0,,0,1,121,,,0,,23,0,0,1
id,2022,5,2022-W05,0,0,0.0,,0,1,121,,,0,,23,0,0,1
il,2022,5,2022-W05,0,0,0.0,,0,1,121,,,0,,23,0,0,1
in,2022,5,2022-W05,0,0,0.0,,0,1,121,,,0,,23,0,0,1
ks,2022,5,2022-W05,0,0,0.0,,0,1,121,,,0,,23,0,0,1
ky,2022,5,2022-W05,0,0,0.0,,0,1,121,,,0,,23,0,0,1
la,2022,5,2022-W05,0,0,0.0,,0,1,121,,,0,,23,0,0,1
ma,2022,5,2022-W05,0,0,0.0,,0,1,121,,,0,,23,0,0,1
md,2022,5,2022-W05,0,0,0.0,,0,1,121,,,0,,23,0,0,1
me,2022,5,2022-W05,0,0,0.0,,0,1,121,,,0,,23,0,0,1
mi,2022,5,2022-W05,0,0,0.0,,0,1,121,,,0,,23,0,0,1
mn,2022,5,2022-W05,0,0,0.0,,0,1,121,,,0,,23,0,0,1
mo,2022,5,2022-W05,0,0,0.0,,0,1,121,,,0,,23,0,0,1
ms,2022,5,2022-W05,0,0,0.0,,0,1,121,,,0,,23,0,0,1
mt,2022,5,2022-W05,0,0,0.0,,0,1,121,,,0,,23,0,0,1
nc,2022,5,2022-W05,0,0,0.0,,0,1,121,,,0,,23,0,0,1
ne,2022,5,2022-W05,0,0,0.0,,0,1,121,,,0,,23,0,0,1
nh,2022,5,2022-W05,0,0,0.0,,0,1,121,,,0,,23,0,0,1
nj,2022,5,2022-W05,0,0,0.0,,0,1,121,,,0,,23,0,0,1
nm,2022,5,2022-W05,0,0,0.0,,0,1,121,,,0,,23,0,0,1
nv,2022,5,2022-W05,0,0,0.0,,0,1,121,,,0,,23,0,0,1
ny,2022,5,2022-W05,0,0,0.0,,0,1,121,,,0,,23,0,0,1
oh,2022,5,2022-W05,0,0,0.0,,0,1,121,,,0,,23,0,0,1
ok,2022,5,2022-W05,0,0,0.0,,0,1,121,,,0,,23,0,0,1
or,2022,5,2022-W05,0,0,0.0,,0,1,121,,,0,,23,0,0,1
pa,2022,5,2022-W05,0,0,0.0,,0,1,121,,,0,,23,0,0,1
ri,2022,5,2022-W05,0,0,0.0,,0,1,121,,,0,,23,0,0,1
sc,2022,5,2022-W05,0,0,0.0,,0,1,121,,,0,,23,0,0,1
sd,2022,5,2022-W05,0,0,0.0,,0,1,121,,,0,,23,0,0,1
tn,2022,5,2022-W05,0,0,0.0,,0,1,121,,,0,,23,0,0,1
tx,2022,5,2022-W05,0,0,0.0,,0,1,121,,,0,,23,0,0,1
ut,2022,5,2022-W05,0,0,0.0,,0,1,121,,,0,,23,0,0,1
va,2022,5,2022-W05,0,0,0.0,,0,1,121,,,0,,23,0,0,1
vt,2022,5,2022-W05,0,0,0.0,,0,1,121,,,0,,23,0,0,1
wa,2022,5,2022-W05,0,0,0.0,,0,1,121,,,0,,23,0,0,1
wi,2022,5,2022-W05,0,0,0.0,,0,1,121,,,0,,23,0,0,1
wv,2022,5,2022-W05,0,0,0.0,,0,1,121,,,0,,23,0,0,1
wy,2022,5,2022-W05,0,0,0.0,,0,1,121,,,0,,23,0,0,1
ak,2022,6,2022-W06,0,0,0.0,,0,2,121,,,0,,25,0,0,1
al,2022,6,2022-W06,0,0,0.0,,0,2,121,,,0,,25,0,0,1
ar,2022,6,2022-W06,0,0,0.0,,0,2,121,,,0,,25,0,0,1
ca,2022,6,2022-W06,0,0,0.0,,0,2,121,,,0,,25,0,0,1
co,2022,6,2022-W06,0,0,0.0,,0,2,121,,,0,,25,0,0,1
ct,2022,6,2022-W06,0,0,0.0,,0,2,121,,,0,,25,0,0,1
dc,2022,6,2022-W06,0,0,0.0,,0,2,121,,,0,,25,0,0,1
de,2022,6,2022-W06,0,0,0.0,,0,2,121,,,0,,25,0,0,1
fl,2022,6,2022-W06,0,0,0.0,,0,2,121,,,0,,25,0,0,1
ga,2022,6,2022-W06,0,0,0.0,,0,2,121,,,0,,25,0,0,1
gu,2022,6,2022-W06,0,0,0.0,,0,2,121,,,0,,25,0,0,1
hi,2022,6,2022-W06,0,0,0.0,,0,2,121,,,0,,25,0,0,1
ia,2022,6,2022-W06,0,0,0.0,,0,2,121,,,0,,25,0,0,1
id,2022,6,2022-W06,0,0,0.0,,0,2,121,,,0,,25,0,0,1
il,2022,6,2022-W06,0,0,0.0,,0,2,121,,,0,,25,0,0,1
in,2022,6,2022-W06,0,0,0.0,,0,2,121,,,0,,25,0,0,1
ks,2022,6,2022-W06,0,0,0.0,,0,2,121,,,0,,25,0,0,1
ky,2022,6,2022-W06,0,0,0.0,,0,2,121,,,0,,25,0,0,1
la,2022,6,2022-W06,0,0,0.0,,0,2,121,,,0,,25,0,0,1
ma,2022,6,2022-W06,0,0,0.0,,0,2,121,,,0,,25,0,0,1
md,2022,6,2022-W06,0,0,0.0,,0,2,121,,,0,,25,0,0,1
me,2022,6,2022-W06,0,0,0.0,,0,2,121,,,0,,25,0,0,1
mi,2022,6,2022-W06,0,0,0.0,,0,2,121,,,0,,25,0,0,1
mn,2022,6,2022-W06,0,0,0.0,,0,2,121,,,0,,25,0,0,1
mo,2022,6,2022-W06,0,0,0.0,,0,2,121,,,0,,25,0,0,1
ms,2022,6,2022-W06,0,0,0.0,,0,2,121,,,0,,25,0,0,1
mt,2022,6,2022-W06,0,0,0.0,,0,2,121,,,0,,25,0,0,1
nc,2022,6,2022-W06,0,0,0.0,,0,2,121,,,0,,25,0,0,1
ne,2022,6,2022-W06,0,0,0.0,,0,2,121,,,0,,25,0,0,1
nh,2022,6,2022-W06,0,0,0.0,,0,2,121,,,0,,25,0,0,1
nj,2022,6,2022-W06,0,0,0.0,,0,2,121,,,0,,25,0,0,1
nm,2022,6,2022-W06,0,0,0.0,,0,2,121,,,0,,25,0,0,1
nv,2022,6,2022-W06,0,0,0.0,,0,2,121,,,0,,25,0,0,1
ny,2022,6,2022-W06,0,0,0.0,,0,2,121,,,0,,25,0,0,1
oh,2022,6,2022-W06,0,0,0.0,,0,2,121,,,0,,25,0,0,1
ok,2022,6,2022-W06,0,0,0.0,,0,2,121,,,0,,25,0,0,1
or,2022,6,2022-W06,0,0,0.0,,0,2,121,,,0,,25,0,0,1
pa,2022,6,2022-W06,0,0,0.0,,0,2,121,,,0,,25,0,0,1
ri,2022,6,2022-W06,0,0,0.0,,0,2,121,,,0,,25,0,0,1
sc,2022,6,2022-W06,0,0,0.0,,0,2,121,,,0,,25,0,0,1
sd,2022,6,2022-W06,0,0,0.0,,0,2,121,,,0,,25,0,0,1
tn,2022,6,2022-W06,0,0,0.0,,0,2,121,,,0,,25,0,0,1
tx,2022,6,2022-W06,0,0,0.0,,0,2,121,,,0,,25,0,0,1
ut,2022,6,2022-W06,0,0,0.0,,0,2,121,,,0,,25,0,0,1
va,2022,6,2022-W06,0,0,0.0,,0,2,121,,,0,,25,0,0,1
vt,2022,6,2022-W06,0,0,0.0,,0,2,121,,,0,,25,0,0,1
wa,2022,6,2022-W06,0,0,0.0,,0,2,121,,,0,,25,0,0,1
wi,2022,6,2022-W06,0,0,0.0,,0,2,121,,,0,,25,0,0,1
wv,2022,6,2022-W06,0,0,0.0,,0,2,121,,,0,,25,0,0,1
wy,2022,6,2022-W06,0,0,0.0,,0,2,121,,,0,,25,0,0,1
ak,2022,7,2022-W07,0,0,0.0,,0,2,121,,,0,,15,0,0,1
al,2022,7,2022-W07,0,0,0.0,,0,2,121,,,0,,15,0,0,1
ar,2022,7,2022-W07,0,0,0.0,,0,2,121,,,0,,15,0,0,1
ca,2022,7,2022-W07,0,0,0.0,,0,2,121,,,0,,15,0,0,1
co,2022,7,2022-W07,0,0,0.0,,0,2,121,,,0,,15,0,0,1
ct,2022,7,2022-W07,0,0,0.0,,0,2,121,,,0,,15,0,0,1
dc,2022,7,2022-W07,0,0,0.0,,0,2,121,,,0,,15,0,0,1
de,2022,7,2022-W07,0,0,0.0,,0,2,121,,,0,,15,0,0,1
fl,2022,7,2022-W07,0,0,0.0,,0,2,121,,,0,,15,0,0,1
ga,2022,7,2022-W07,0,0,0.0,,0,2,121,,,0,,15,0,0,1
gu,2022,7,2022-W07,0,0,0.0,,0,2,121,,,0,,15,0,0,1
hi,2022,7,2022-W07,0,0,0.0,,0,2,121,,,0,,15,0,0,1
ia,2022,7,2022-W07,0,0,0.0,,0,2,121,,,0,,15,0,0,1
id,2022,7,2022-W07,0,0,0.0,,0,2,121,,,0,,15,0,0,1
il,2022,7,2022-W07,0,0,0.0,,0,2,121,,,0,,15,0,0,1
in,2022,7,2022-W07,0,0,0.0,,0,2,121,,,0,,15,0,0,1
ks,2022,7,2022-W07,0,0,0.0,,0,2,121,,,0,,15,0,0,1
ky,2022,7,2022-W07,0,0,0.0,,0,2,121,,,0,,15,0,0,1
la,2022,7,2022-W07,0,0,0.0,,0,2,121,,,0,,15,0,0,1
ma,2022,7,2022-W07,0,0,0.0,,0,2,121,,,0,,15,0,0,1
md,2022,7,2022-W07,0,0,0.0,,0,2,121,,,0,,15,0,0,1
me,2022,7,2022-W07,0,0,0.0,,0,2,121,,,0,,15,0,0,1
mi,2022,7,2022-W07,0,0,0.0,,0,2,121,,,0,,15,0,0,1
mn,2022,7,2022-W07,0,0,0.0,,0,2,121,,,0,,15,0,0,1
mo,2022,7,2022-W07,0,0,0.0,,0,2,121,,,0,,15,0,0,1
ms,2022,7,2022-W07,0,0,0.0,,0,2,121,,,0,,15,0,0,1
mt,2022,7,2022-W07,0,0,0.0,,0,2,121,,,0,,15,0,0,1
nc,2022,7,2022-W07,0,0,0.0,,0,2,121,,,0,,15,0,0,1
ne,2022,7,2022-W07,0,0,0.0,,0,2,121,,,0,,15,0,0,1
nh,2022,7,2022-W07,0,0,0.0,,0,2,121,,,0,,15,0,0,1
nj,2022,7,2022-W07,0,0,0.0,,0,2,121,,,0,,15,0,0,1
nm,2022,7,2022-W07,0,0,0.0,,0,2,121,,,0,,15,0,0,1
nv,2022,7,2022-W07,0,0,0.0,,0,2,121,,,0,,15,0,0,1
ny,2022,7,2022-W07,0,0,0.0,,0,2,121,,,0,,15,0,0,1
oh,2022,7,2022-W07,0,0,0.0,,0,2,121,,,0,,15,0,0,1
ok,2022,7,2022-W07,0,0,0.0,,0,2,121,,,0,,15,0,0,1
or,2022,7,2022-W07,0,0,0.0,,0,2,121,,,0,,15,0,0,1
pa,2022,7,2022-W07,0,0,0.0,,0,2,121,,,0,,15,0,0,1
ri,2022,7,2022-W07,0,0,0.0,,0,2,121,,,0,,15,0,0,1
sc,2022,7,2022-W07,0,0,0.0,,0,2,121,,,0,,15,0,0,1
sd,2022,7,2022-W07,0,0,0.0,,0,2,121,,,0,,15,0,0,1
tn,2022,7,2022-W07,0,0,0.0,,0,2,121,,,0,,15,0,0,1
tx,2022,7,2022-W07,0,0,0.0,,0,2,121,,,0,,15,0,0,1
ut,2022,7,2022-W07,0,0,0.0,,0,2,121,,,0,,15,0,0,1
va,2022,7,2022-W07,0,0,0.0,,0,2,121,,,0,,15,0,0,1
vt,2022,7,2022-W07,0,0,0.0,,0,2,121,,,0,,15,0,0,1
wa,2022,7,2022-W07,0,0,0.0,,0,2,121,,,0,,15,0,0,1
wi,2022,7,2022-W07,0,0,0.0,,0,2,121,,,0,,15,0,0,1
wv,2022,7,2022-W07,0,0,0.0,,0,2,121,,,0,,15,0,0,1
wy,2022,7,2022-W07,0,0,0.0,,0,2,121,,,0,,15,0,0,1
ak,2022,8,2022-W08,0,0,0.0,,0,5,121,,,0,,24,0,0,1
al,2022,8,2022-W08,0,0,0.0,,0,5,121,,,0,,24,0,0,1
ar,2022,8,2022-W08,0,0,0.0,,0,5,121,,,0,,24,0,0,1
ca,2022,8,2022-W08,0,0,0.0,,0,5,121,,,0,,24,0,0,1
co,2022,8,2022-W08,0,0,0.0,,0,5,121,,,0,,24,0,0,1
ct,2022,8,2022-W08,0,0,0.0,,0,5,121,,,0,,24,0,0,1
dc,2022,8,2022-W08,0,0,0.0,,0,5,121,,,0,,24,0,0,1
de,2022,8,2022-W08,0,0,0.0,,0,5,121,,,0,,24,0,0,1
fl,2022,8,2022-W08,0,0,0.0,,0,5,121,,,0,,24,0,0,1
ga,2022,8,2022-W08,0,0,0.0,,0,5,121,,,0,,24,0,0,1
gu,2022,8,2022-W08,0,0,0.0,,0,5,121,,,0,,24,0,0,1
hi,2022,8,2022-W08,0,0,0.0,,0,5,121,,,0,,24,0,0,1
ia,2022,8,2022-W08,0,0,0.0,,0,5,121,,,0,,24,0,0,1
id,2022,8,2022-W08,0,0,0.0,,0,5,121,,,0,,24,0,0,1
il,2022,8,2022-W08,0,0,0.0,,0,5,121,,,0,,24,0,0,1
in,2022,8,2022-W08,0,0,0.0,,0,5,121,,,0,,24,0,0,1
ks,2022,8,2022-W08,0,0,0.0,,0,5,121,,,0,,24,0,0,1
ky,2022,8,2022-W08,0,0,0.0,,0,5,121,,,0,,24,0,0,1
la,2022,8,2022-W08,0,0,0.0,,0,5,121,,,0,,24,0,0,1
ma,2022,8,2022-W08,0,0,0.0,,0,5,121,,,0,,24,0,0,1
md,2022,8,2022-W08,0,0,0.0,,0,5,121,,,0,,24,0,0,1
me,2022,8,2022-W08,0,0,0.0,,0,5,121,,,0,,24,0,0,1
mi,2022,8,2022-W08,0,0,0.0,,0,5,121,,,0,,24,0,0,1
mn,2022,8,2022-W08,0,0,0.0,,0,5,121,,,0,,24,0,0,1
mo,2022,8,2022-W08,0,0,0.0,,0,5,121,,,0,,24,0,0,1
ms,2022,8,2022-W08,0,0,0.0,,0,5,121,,,0,,24,0,0,1
mt,2022,8,2022-W08,0,0,0.0,,0,5,121,,,0,,24,0,0,1
nc,2022,8,2022-W08,0,0,0.0,,0,5,121,,,0,,24,0,0,1
ne,2022,8,2022-W08,0,0,0.0,,0,5,121,,,0,,24,0,0,1
nh,2022,8,2022-W08,0,0,0.0,,0,5,121,,,0,,24,0,0,1
nj,2022,8,2022-W08,0,0,0.0,,0,5,121,,,0,,24,0,0,1
nm,2022,8,2022-W08,0,0,0.0,,0,5,121,,,0,,24,0,0,1
nv,2022,8,2022-W08,0,0,0.0,,0,5,121,,,0,,24,0,0,1
ny,2022,8,2022-W08,0,0,0.0,,0,5,121,,,0,,24,0,0,1
oh,2022,8,2022-W08,0,0,0.0,,0,5,121,,,0,,24,0,0,1
ok,2022,8,2022-W08,0,0,0.0,,0,5,121,,,0,,24,0,0,1
or,2022,8,2022-W08,0,0,0.0,,0,5,121,,,0,,24,0,0,1
pa,2022,8,2022-W08,0,0,0.0,,0,5,121,,,0,,24,0,0,1
ri,2022,8,2022-W08,0,0,0.0,,0,5,121,,,0,,24,0,0,1
sc,2022,8,2022-W08,0,0,0.0,,0,5,121,,,0,,24,0,0,1
sd,2022,8,2022-W08,0,0,0.0,,0,5,121,,,0,,24,0,0,1
tn,2022,8,2022-W08,0,0,0.0,,0,5,121,,,0,,24,0,0,1
tx,2022,8,2022-W08,0,0,0.0,,0,5,121,,,0,,24,0,0,1
ut,2022,8,2022-W08,0,0,0.0,,0,5,121,,,0,,24,0,0,1
va,2022,8,2022-W08,0,0,0.0,,0,5,121,,,0,,24,0,0,1
vt,2022,8,2022-W08,0,0,0.0,,0,5,121,,,0,,24,0,0,1
wa,2022,8,2022-W08,0,0,0.0,,0,5,121,,,0,,24,0,0,1
wi,2022,8,2022-W08,0,0,0.0,,0,5,121,,,0,,24,0,0,1
wv,2022,8,2022-W08,0,0,0.0,,0,5,121,,,0,,24,0,0,1
wy,2022,8,2022-W08,0,0,0.0,,0,5,121,,,0,,24,0,0,1
ak,2022,9,2022-W09,0,0,0.0,,0,6,121,,,0,,22,0,0,1
al,2022,9,2022-W09,0,0,0.0,,0,6,121,,,0,,22,0,0,1
ar,2022,9,2022-W09,0,0,0.0,,0,6,121,,,0,,22,0,0,1
ca,2022,9,2022-W09,0,0,0.0,,0,6,121,,,0,,22,0,0,1
co,2022,9,2022-W09,0,0,0.0,,0,6,121,,,0,,22,0,0,1
ct,2022,9,2022-W09,0,0,0.0,,0,6,121,,,0,,22,0,0,1
dc,2022,9,2022-W09,0,0,0.0,,0,6,121,,,0,,22,0,0,1
de,2022,9,2022-W09,0,0,0.0,,0,6,121,,,0,,22,0,0,1
fl,2022,9,2022-W09,0,0,0.0,,0,6,121,,,0,,22,0,0,1
ga,2022,9,2022-W09,0,0,0.0,,0,6,121,,,0,,22,0,0,1
gu,2022,9,2022-W09,0,0,0.0,,0,6,121,,,0,,22,0,0,1
hi,2022,9,2022-W09,0,0,0.0,,0,6,121,,,0,,22,0,0,1
ia,2022,9,2022-W09,0,0,0.0,,0,6,121,,,0,,22,0,0,1
id,2022,9,2022-W09,0,0,0.0,,0,6,121,,,0,,22,0,0,1
il,2022,9,2022-W09,0,0,0.0,,0,6,121,,,0,,22,0,0,1
in,2022,9,2022-W09,0,0,0.0,,0,6,121,,,0,,22,0,0,1
ks,2022,9,2022-W09,0,0,0.0,,0,6,121,,,0,,22,0,0,1
ky,2022,9,2022-W09,0,0,0.0,,0,6,121,,,0,,22,0,0,1
la,2022,9,2022-W09,0,0,0.0,,0,6,121,,,0,,22,0,0,1
ma,2022,9,2022-W09,0,0,0.0,,0,6,121,,,0,,22,0,0,1
md,2022,9,2022-W09,0,0,0.0,,0,6,121,,,0,,22,0,0,1
me,2022,9,2022-W09,0,0,0.0,,0,6,121,,,0,,22,0,0,1
mi,2022,9,2022-W09,0,0,0.0,,0,6,121,,,0,,22,0,0,1
mn,2022,9,2022-W09,0,0,0.0,,0,6,121,,,0,,22,0,0,1
mo,2022,9,2022-W09,0,0,0.0,,0,6,121,,,0,,22,0,0,1
ms,2022,9,2022-W09,0,0,0.0,,0,6,121,,,0,,22,0,0,1
mt,2022,9,2022-W09,0,0,0.0,,0,6,121,,,0,,22,0,0,1
nc,2022,9,2022-W09,0,0,0.0,,0,6,121,,,0,,22,0,0,1
ne,2022,9,2022-W09,0,0,0.0,,0,6,121,,,0,,22,0,0,1
nh,2022,9,2022-W09,0,0,0.0,,0,6,121,,,0,,22,0,0,1
nj,2022,9,2022-W09,0,0,0.0,,0,6,121,,,0,,22,0,0,1
nm,2022,9,2022-W09,0,0,0.0,,0,6,121,,,0,,22,0,0,1
nv,2022,9,2022-W09,0,0,0.0,,0,6,121,,,0,,22,0,0,1
ny,2022,9,2022-W09,0,0,0.0,,0,6,121,,,0,,22,0,0,1
oh,2022,9,2022-W09,0,0,0.0,,0,6,121,,,0,,22,0,0,1
ok,2022,9,2022-W09,0,0,0.0,,0,6,121,,,0,,22,0,0,1
or,2022,9,2022-W09,0,0,0.0,,0,6,121,,,0,,22,0,0,1
pa,2022,9,2022-W09,0,0,0.0,,0,6,121,,,0,,22,0,0,1
ri,2022,9,2022-W09,0,0,0.0,,0,6,121,,,0,,22,0,0,1
sc,2022,9,2022-W09,0,0,0.0,,0,6,121,,,0,,22,0,0,1
sd,2022,9,2022-W09,0,0,0.0,,0,6,121,,,0,,22,0,0,1
tn,2022,9,2022-W09,0,0,0.0,,0,6,121,,,0,,22,0,0,1
tx,2022,9,2022-W09,0,0,0.0,,0,6,121,,,0,,22,0,0,1
ut,2022,9,2022-W09,0,0,0.0,,0,6,121,,,0,,22,0,0,1
va,2022,9,2022-W09,0,0,0.0,,0,6,121,,,0,,22,0,0,1
vt,2022,9,2022-W09,0,0,0.0,,0,6,121,,,0,,22,0,0,1
wa,2022,9,2022-W09,0,0,0.0,,0,6,121,,,0,,22,0,0,1
wi,2022,9,2022-W09,0,0,0.0,,0,6,121,,,0,,22,0,0,1
wv,2022,9,2022-W09,0,0,0.0,,0,6,121,,,0,,22,0,0,1
wy,2022,9,2022-W09,0,0,0.0,,0,6,121,,,0,,22,0,0,1
ak,2022,10,2022-W10,0,0,0.0,,0,5,121,,,0,,24,0,0,1
al,2022,10,2022-W10,0,0,0.0,,0,5,121,,,0,,24,0,0,1
ar,2022,10,2022-W10,0,0,0.0,,0,5,121,,,0,,24,0,0,1
ca,2022,10,2022-W10,0,0,0.0,,0,5,121,,,0,,24,0,0,1
co,2022,10,2022-W10,0,0,0.0,,0,5,121,,,0,,24,0,0,1
ct,2022,10,2022-W10,0,0,0.0,,0,5,121,,,0,,24,0,0,1
dc,2022,10,2022-W10,0,0,0.0,,0,5,121,,,0,,24,0,0,1
de,2022,10,2022-W10,0,0,0.0,,0,5,121,,,0,,24,0,0,1
fl,2022,10,2022-W10,0,0,0.0,,0,5,121,,,0,,24,0,0,1
ga,2022,10,2022-W10,0,0,0.0,,0,5,121,,,0,,24,0,0,1
gu,2022,10,2022-W10,0,0,0.0,,0,5,121,,,0,,24,0,0,1
hi,2022,10,2022-W10,0,0,0.0,,0,5,121,,,0,,24,0,0,1
ia,2022,10,2022-W10,0,0,0.0,,0,5,121,,,0,,24,0,0,1
id,2022,10,2022-W10,0,0,0.0,,0,5,121,,,0,,24,0,0,1
il,2022,10,2022-W10,0,0,0.0,,0,5,121,,,0,,24,0,0,1
in,2022,10,2022-W10,0,0,0.0,,0,5,121,,,0,,24,0,0,1
ks,2022,10,2022-W10,0,0,0.0,,0,5,121,,,0,,24,0,0,1
ky,2022,10,2022-W10,0,0,0.0,,0,5,121,,,0,,24,0,0,1
la,2022,10,2022-W10,0,0,0.0,,0,5,121,,,0,,24,0,0,1
ma,2022,10,2022-W10,0,0,0.0,,0,5,121,,,0,,24,0,0,1
md,2022,10,2022-W10,0,0,0.0,,0,5,121,,,0,,24,0,0,1
me,2022,10,2022-W10,0,0,0.0,,0,5,121,,,0,,24,0,0,1
mi,2022,10,2022-W10,0,0,0.0,,0,5,121,,,0,,24,0,0,1
mn,2022,10,2022-W10,0,0,0.0,,0,5,121,,,0,,24,0,0,1
mo,2022,10,2022-W10,0,0,0.0,,0,5,121,,,0,,24,0,0,1
ms,2022,10,2022-W10,0,0,0.0,,0,5,121,,,0,,24,0,0,1
mt,2022,10,2022-W10,0,0,0.0,,0,5,121,,,0,,24,0,0,1
nc,2022,10,2022-W10,0,0,0.0,,0,5,121,,,0,,24,0,0,1
ne,2022,10,2022-W10,0,0,0.0,,0,5,121,,,0,,24,0,0,1
nh,2022,10,2022-W10,0,0,0.0,,0,5,121,,,0,,24,0,0,1
nj,2022,10,2022-W10,0,0,0.0,,0,5,121,,,0,,24,0,0,1
nm,2022,10,2022-W10,0,0,0.0,,0,5,121,,,0,,24,0,0,1
nv,2022,10,2022-W10,0,0,0.0,,0,5,121,,,0,,24,0,0,1
ny,2022,10,2022-W10,0,0,0.0,,0,5,121,,,0,,24,0,0,1
oh,2022,10,2022-W10,0,0,0.0,,0,5,121,,,0,,24,0,0,1
ok,2022,10,2022-W10,0,0,0.0,,0,5,121,,,0,,24,0,0,1
or,2022,10,2022-W10,0,0,0.0,,0,5,121,,,0,,24,0,0,1
pa,2022,10,2022-W10,0,0,0.0,,0,5,121,,,0,,24,0,0,1
ri,2022,10,2022-W10,0,0,0.0,,0,5,121,,,0,,24,0,0,1
sc,2022,10,2022-W10,0,0,0.0,,0,5,121,,,0,,24,0,0,1
sd,2022,10,2022-W10,0,0,0.0,,0,5,121,,,0,,24,0,0,1
tn,2022,10,2022-W10,0,0,0.0,,0,5,121,,,0,,24,0,0,1
tx,2022,10,2022-W10,0,0,0.0,,0,5,121,,,0,,24,0,0,1
ut,2022,10,2022-W10,0,0,0.0,,0,5,121,,,0,,24,0,0,1
va,2022,10,2022-W10,0,0,0.0,,0,5,121,,,0,,24,0,0,1
vt,2022,10,2022-W10,0,0,0.0,,0,5,121,,,0,,24,0,0,1
wa,2022,10,2022-W10,0,0,0.0,,0,5,121,,,0,,24,0,0,1
wi,2022,10,2022-W10,0,0,0.0,,0,5,121,,,0,,24,0,0,1
wv,2022,10,2022-W10,0,0,0.0,,0,5,121,,,0,,24,0,0,1
wy,2022,10,2022-W10,0,0,0.0,,0,5,121,,,0,,24,0,0,1
ak,2022,11,2022-W11,0,0,0.0,,0,5,121,,,0,,29,0,0,1
al,2022,11,2022-W11,0,0,0.0,,0,5,121,,,0,,29,0,0,1
ar,2022,11,2022-W11,0,0,0.0,,0,5,121,,,0,,29,0,0,1
ca,2022,11,2022-W11,0,0,0.0,,0,5,121,,,0,,29,0,0,1
co,2022,11,2022-W11,0,0,0.0,,0,5,121,,,0,,29,0,0,1
ct,2022,11,2022-W11,0,0,0.0,,0,5,121,,,0,,29,0,0,1
dc,2022,11,2022-W11,0,0,0.0,,0,5,121,,,0,,29,0,0,1
de,2022,11,2022-W11,0,0,0.0,,0,5,121,,,0,,29,0,0,1
fl,2022,11,2022-W11,0,0,0.0,,0,5,121,,,0,,29,0,0,1
ga,2022,11,2022-W11,0,0,0.0,,0,5,121,,,0,,29,0,0,1
gu,2022,11,2022-W11,0,0,0.0,,0,5,121,,,0,,29,0,0,1
hi,2022,11,2022-W11,0,0,0.0,,0,5,121,,,0,,29,0,0,1
ia,2022,11,2022-W11,0,0,0.0,,0,5,121,,,0,,29,0,0,1
id,2022,11,2022-W11,0,0,0.0,,0,5,121,,,0,,29,0,0,1
il,2022,11,2022-W11,0,0,0.0,,0,5,121,,,0,,29,0,0,1
in,2022,11,2022-W11,0,0,0.0,,0,5,121,,,0,,29,0,0,1
ks,2022,11,2022-W11,0,0,0.0,,0,5,121,,,0,,29,0,0,1
ky,2022,11,2022-W11,0,0,0.0,,0,5,121,,,0,,29,0,0,1
la,2022,11,2022-W11,0,0,0.0,,0,5,121,,,0,,29,0,0,1
ma,2022,11,2022-W11,0,0,0.0,,0,5,121,,,0,,29,0,0,1
md,2022,11,2022-W11,0,0,0.0,,0,5,121,,,0,,29,0,0,1
me,2022,11,2022-W11,0,0,0.0,,0,5,121,,,0,,29,0,0,1
mi,2022,11,2022-W11,0,0,0.0,,0,5,121,,,0,,29,0,0,1
mn,2022,11,2022-W11,0,0,0.0,,0,5,121,,,0,,29,0,0,1
mo,2022,11,2022-W11,0,0,0.0,,0,5,121,,,0,,29,0,0,1
ms,2022,11,2022-W11,0,0,0.0,,0,5,121,,,0,,29,0,0,1
mt,2022,11,2022-W11,0,0,0.0,,0,5,121,,,0,,29,0,0,1
nc,2022,11,2022-W11,0,0,0.0,,0,5,121,,,0,,29,0,0,1
ne,2022,11,2022-W11,0,0,0.0,,0,5,121,,,0,,29,0,0,1
nh,2022,11,2022-W11,0,0,0.0,,0,5,121,,,0,,29,0,0,1
nj,2022,11,2022-W11,0,0,0.0,,0,5,121,,,0,,29,0,0,1
nm,2022,11,2022-W11,0,0,0.0,,0,5,121,,,0,,29,0,0,1
nv,2022,11,2022-W11,0,0,0.0,,0,5,121,,,0,,29,0,0,1
ny,2022,11,2022-W11,0,0,0.0,,0,5,121,,,0,,29,0,0,1
oh,2022,11,2022-W11,0,0,0.0,,0,5,121,,,0,,29,0,0,1
ok,2022,11,2022-W11,0,0,0.0,,0,5,121,,,0,,29,0,0,1
or,2022,11,2022-W11,0,0,0.0,,0,5,121,,,0,,29,0,0,1
pa,2022,11,2022-W11,0,0,0.0,,0,5,121,,,0,,29,0,0,1
ri,2022,11,2022-W11,0,0,0.0,,0,5,121,,,0,,29,0,0,1
sc,2022,11,2022-W11,0,0,0.0,,0,5,121,,,0,,29,0,0,1
sd,2022,11,2022-W11,0,0,0.0,,0,5,121,,,0,,29,0,0,1
tn,2022,11,2022-W11,0,0,0.0,,0,5,121,,,0,,29,0,0,1
tx,2022,11,2022-W11,0,0,0.0,,0,5,121,,,0,,29,0,0,1
ut,2022,11,2022-W11,0,0,0.0,,0,5,121,,,0,,29,0,0,1
va,2022,11,2022-W11,0,0,0.0,,0,5,121,,,0,,29,0,0,1
vt,2022,11,2022-W11,0,0,0.0,,0,5,121,,,0,,29,0,0,1
wa,2022,11,2022-W11,0,0,0.0,,0,5,121,,,0,,29,0,0,1
wi,2022,11,2022-W11,0,0,0.0,,0,5,121,,,0,,29,0,0,1
wv,2022,11,2022-W11,0,0,0.0,,0,5,121,,,0,,29,0,0,1
wy,2022,11,2022-W11,0,0,0.0,,0,5,121,,,0,,29,0,0,1
ak,2022,12,2022-W12,0,0,0.0,,0,6,121,,,0,,18,0,0,1
al,2022,12,2022-W12,0,0,0.0,,0,6,121,,,0,,18,0,0,1
ar,2022,12,2022-W12,0,0,0.0,,0,6,121,,,0,,18,0,0,1
ca,2022,12,2022-W12,0,0,0.0,,0,6,121,,,0,,18,0,0,1
co,2022,12,2022-W12,0,0,0.0,,0,6,121,,,0,,18,0,0,1
ct,2022,12,2022-W12,0,0,0.0,,0,6,121,,,0,,18,0,0,1
dc,2022,12,2022-W12,0,0,0.0,,0,6,121,,,0,,18,0,0,1
de,2022,12,2022-W12,0,0,0.0,,0,6,121,,,0,,18,0,0,1
fl,2022,12,2022-W12,0,0,0.0,,0,6,121,,,0,,18,0,0,1
ga,2022,12,2022-W12,0,0,0.0,,0,6,121,,,0,,18,0,0,1
gu,2022,12,2022-W12,0,0,0.0,,0,6,121,,,0,,18,0,0,1
hi,2022,12,2022-W12,0,0,0.0,,0,6,121,,,0,,18,0,0,1
ia,2022,12,2022-W12,0,0,0.0,,0,6,121,,,0,,18,0,0,1
id,2022,12,2022-W12,0,0,0.0,,0,6,121,,,0,,18,0,0,1
il,2022,12,2022-W12,0,0,0.0,,0,6,121,,,0,,18,0,0,1
in,2022,12,2022-W12,0,0,0.0,,0,6,121,,,0,,18,0,0,1
ks,2022,12,2022-W12,0,0,0.0,,0,6,121,,,0,,18,0,0,1
ky,2022,12,2022-W12,0,0,0.0,,0,6,121,,,0,,18,0,0,1
la,2022,12,2022-W12,0,0,0.0,,0,6,121,,,0,,18,0,0,1
ma,2022,12,2022-W12,0,0,0.0,,0,6,121,,,0,,18,0,0,1
md,2022,12,2022-W12,0,0,0.0,,0,6,121,,,0,,18,0,0,1
me,2022,12,2022-W12,0,0,0.0,,0,6,121,,,0,,18,0,0,1
mi,2022,12,2022-W12,0,0,0.0,,0,6,121,,,0,,18,0,0,1
mn,2022,12,2022-W12,0,0,0.0,,0,6,121,,,0,,18,0,0,1
mo,2022,12,2022-W12,0,0,0.0,,0,6,121,,,0,,18,0,0,1
ms,2022,12,2022-W12,0,0,0.0,,0,6,121,,,0,,18,0,0,1
mt,2022,12,2022-W12,0,0,0.0,,0,6,121,,,0,,18,0,0,1
nc,2022,12,2022-W12,0,0,0.0,,0,6,121,,,0,,18,0,0,1
ne,2022,12,2022-W12,0,0,0.0,,0,6,121,,,0,,18,0,0,1
nh,2022,12,2022-W12,0,0,0.0,,0,6,121,,,0,,18,0,0,1
nj,2022,12,2022-W12,0,0,0.0,,0,6,121,,,0,,18,0,0,1
nm,2022,12,2022-W12,0,0,0.0,,0,6,121,,,0,,18,0,0,1
nv,2022,12,2022-W12,0,0,0.0,,0,6,121,,,0,,18,0,0,1
ny,2022,12,2022-W12,0,0,0.0,,0,6,121,,,0,,18,0,0,1
oh,2022,12,2022-W12,0,0,0.0,,0,6,121,,,0,,18,0,0,1
ok,2022,12,2022-W12,0,0,0.0,,0,6,121,,,0,,18,0,0,1
or,2022,12,2022-W12,0,0,0.0,,0,6,121,,,0,,18,0,0,1
pa,2022,12,2022-W12,0,0,0.0,,0,6,121,,,0,,18,0,0,1
ri,2022,12,2022-W12,0,0,0.0,,0,6,121,,,0,,18,0,0,1
sc,2022,12,2022-W12,0,0,0.0,,0,6,121,,,0,,18,0,0,1
sd,2022,12,2022-W12,0,0,0.0,,0,6,121,,,0,,18,0,0,1
tn,2022,12,2022-W12,0,0,0.0,,0,6,121,,,0,,18,0,0,1
tx,2022,12,2022-W12,0,0,0.0,,0,6,121,,,0,,18,0,0,1
ut,2022,12,2022-W12,0,0,0.0,,0,6,121,,,0,,18,0,0,1
va,2022,12,2022-W12,0,0,0.0,,0,6,121,,,0,,18,0,0,1
vt,2022,12,2022-W12,0,0,0.0,,0,6,121,,,0,,18,0,0,1
wa,2022,12,2022-W12,0,0,0.0,,0,6,121,,,0,,18,0,0,1
wi,2022,12,2022-W12,0,0,0.0,,0,6,121,,,0,,18,0,0,1
wv,2022,12,2022-W12,0,0,0.0,,0,6,121,,,0,,18,0,0,1
wy,2022,12,2022-W12,0,0,0.0,,0,6,121,,,0,,18,0,0,1
ak,2022,13,2022-W13,0,0,0.0,,0,1,121,,,0,,16,0,0,1
al,2022,13,2022-W13,0,0,0.0,,0,1,121,,,0,,16,0,0,1
ar,2022,13,2022-W13,0,0,0.0,,0,1,121,,,0,,16,0,0,1
ca,2022,13,2022-W13,0,0,0.0,,0,1,121,,,0,,16,0,0,1
co,2022,13,2022-W13,0,0,0.0,,0,1,121,,,0,,16,0,0,1
ct,2022,13,2022-W13,0,0,0.0,,0,1,121,,,0,,16,0,0,1
dc,2022,13,2022-W13,0,0,0.0,,0,1,121,,,0,,16,0,0,1
de,2022,13,2022-W13,0,0,0.0,,0,1,121,,,0,,16,0,0,1
fl,2022,13,2022-W13,0,0,0.0,,0,1,121,,,0,,16,0,0,1
ga,2022,13,2022-W13,0,0,0.0,,0,1,121,,,0,,16,0,0,1
gu,2022,13,2022-W13,0,0,0.0,,0,1,121,,,0,,16,0,0,1
hi,2022,13,2022-W13,0,0,0.0,,0,1,121,,,0,,16,0,0,1
ia,2022,13,2022-W13,0,0,0.0,,0,1,121,,,0,,16,0,0,1
id,2022,13,2022-W13,0,0,0.0,,0,1,121,,,0,,16,0,0,1
il,2022,13,2022-W13,0,0,0.0,,0,1,121,,,0,,16,0,0,1
in,2022,13,2022-W13,0,0,0.0,,0,1,121,,,0,,16,0,0,1
ks,2022,13,2022-W13,0,0,0.0,,0,1,121,,,0,,16,0,0,1
ky,2022,13,2022-W13,0,0,0.0,,0,1,121,,,0,,16,0,0,1
la,2022,13,2022-W13,0,0,0.0,,0,1,121,,,0,,16,0,0,1
ma,2022,13,2022-W13,0,0,0.0,,0,1,121,,,0,,16,0,0,1
md,2022,13,2022-W13,0,0,0.0,,0,1,121,,,0,,16,0,0,1
me,2022,13,2022-W13,0,0,0.0,,0,1,121,,,0,,16,0,0,1
mi,2022,13,2022-W13,0,0,0.0,,0,1,121,,,0,,16,0,0,1
mn,2022,13,2022-W13,0,0,0.0,,0,1,121,,,0,,16,0,0,1
mo,2022,13,2022-W13,0,0,0.0,,0,1,121,,,0,,16,0,0,1
ms,2022,13,2022-W13,0,0,0.0,,0,1,121,,,0,,16,0,0,1
mt,2022,13,2022-W13,0,0,0.0,,0,1,121,,,0,,16,0,0,1
nc,2022,13,2022-W13,0,0,0.0,,0,1,121,,,0,,16,0,0,1
ne,2022,13,2022-W13,0,0,0.0,,0,1,121,,,0,,16,0,0,1
nh,2022,13,2022-W13,0,0,0.0,,0,1,121,,,0,,16,0,0,1
nj,2022,13,2022-W13,0,0,0.0,,0,1,121,,,0,,16,0,0,1
nm,2022,13,2022-W13,0,0,0.0,,0,1,121,,,0,,16,0,0,1
nv,2022,13,2022-W13,0,0,0.0,,0,1,121,,,0,,16,0,0,1
ny,2022,13,2022-W13,0,0,0.0,,0,1,121,,,0,,16,0,0,1
oh,2022,13,2022-W13,0,0,0.0,,0,1,121,,,0,,16,0,0,1
ok,2022,13,2022-W13,0,0,0.0,,0,1,121,,,0,,16,0,0,1
or,2022,13,2022-W13,0,0,0.0,,0,1,121,,,0,,16,0,0,1
pa,2022,13,2022-W13,0,0,0.0,,0,1,121,,,0,,16,0,0,1
ri,2022,13,2022-W13,0,0,0.0,,0,1,121,,,0,,16,0,0,1
sc,2022,13,2022-W13,0,0,0.0,,0,1,121,,,0,,16,0,0,1
sd,2022,13,2022-W13,0,0,0.0,,0,1,121,,,0,,16,0,0,1
tn,2022,13,2022-W13,0,0,0.0,,0,1,121,,,0,,16,0,0,1
tx,2022,13,2022-W13,0,0,0.0,,0,1,121,,,0,,16,0,0,1
ut,2022,13,2022-W13,0,0,0.0,,0,1,121,,,0,,16,0,0,1
va,2022,13,2022-W13,0,0,0.0,,0,1,121,,,0,,16,0,0,1
vt,2022,13,2022-W13,0,0,0.0,,0,1,121,,,0,,16,0,0,1
wa,2022,13,2022-W13,0,0,0.0,,0,1,121,,,0,,16,0,0,1
wi,2022,13,2022-W13,0,0,0.0,,0,1,121,,,0,,16,0,0,1
wv,2022,13,2022-W13,0,0,0.0,,0,1,121,,,0,,16,0,0,1
wy,2022,13,2022-W13,0,0,0.0,,0,1,121,,,0,,16,0,0,1
ak,2022,14,2022-W14,0,0,0.0,,0,5,121,,,0,,15,0,0,1
al,2022,14,2022-W14,0,0,0.0,,0,5,121,,,0,,15,0,0,1
ar,2022,14,2022-W14,0,0,0.0,,0,5,121,,,0,,15,0,0,1
ca,2022,14,2022-W14,0,0,0.0,,0,5,121,,,0,,15,0,0,1
co,2022,14,2022-W14,0,0,0.0,,0,5,121,,,0,,15,0,0,1
ct,2022,14,2022-W14,0,0,0.0,,0,5,121,,,0,,15,0,0,1
dc,2022,14,2022-W14,0,0,0.0,,0,5,121,,,0,,15,0,0,1
de,2022,14,2022-W14,0,0,0.0,,0,5,121,,,0,,15,0,0,1
fl,2022,14,2022-W14,0,0,0.0,,0,5,121,,,0,,15,0,0,1
ga,2022,14,2022-W14,0,0,0.0,,0,5,121,,,0,,15,0,0,1
gu,2022,14,2022-W14,0,0,0.0,,0,5,121,,,0,,15,0,0,1
hi,2022,14,2022-W14,0,0,0.0,,0,5,121,,,0,,15,0,0,1
ia,2022,14,2022-W14,0,0,0.0,,0,5,121,,,0,,15,0,0,1
id,2022,14,2022-W14,0,0,0.0,,0,5,121,,,0,,15,0,0,1
il,2022,14,2022-W14,0,0,0.0,,0,5,121,,,0,,15,0,0,1
in,2022,14,2022-W14,0,0,0.0,,0,5,121,,,0,,15,0,0,1
ks,2022,14,2022-W14,0,0,0.0,,0,5,121,,,0,,15,0,0,1
ky,2022,14,2022-W14,0,0,0.0,,0,5,121,,,0,,15,0,0,1
la,2022,14,2022-W14,0,0,0.0,,0,5,121,,,0,,15,0,0,1
ma,2022,14,2022-W14,0,0,0.0,,0,5,121,,,0,,15,0,0,1
md,2022,14,2022-W14,0,0,0.0,,0,5,121,,,0,,15,0,0,1
me,2022,14,2022-W14,0,0,0.0,,0,5,121,,,0,,15,0,0,1
mi,2022,14,2022-W14,0,0,0.0,,0,5,121,,,0,,15,0,0,1
mn,2022,14,2022-W14,0,0,0.0,,0,5,121,,,0,,15,0,0,1
mo,2022,14,2022-W14,0,0,0.0,,0,5,121,,,0,,15,0,0,1
ms,2022,14,2022-W14,0,0,0.0,,0,5,121,,,0,,15,0,0,1
mt,2022,14,2022-W14,0,0,0.0,,0,5,121,,,0,,15,0,0,1
nc,2022,14,2022-W14,0,0,0.0,,0,5,121,,,0,,15,0,0,1
ne,2022,14,2022-W14,0,0,0.0,,0,5,121,,,0,,15,0,0,1
nh,2022,14,2022-W14,0,0,0.0,,0,5,121,,,0,,15,0,0,1
nj,2022,14,2022-W14,0,0,0.0,,0,5,121,,,0,,15,0,0,1
nm,2022,14,2022-W14,0,0,0.0,,0,5,121,,,0,,15,0,0,1
nv,2022,14,2022-W14,0,0,0.0,,0,5,121,,,0,,15,0,0,1
ny,2022,14,2022-W14,0,0,0.0,,0,5,121,,,0,,15,0,0,1
oh,2022,14,2022-W14,0,0,0.0,,0,5,121,,,0,,15,0,0,1
ok,2022,14,2022-W14,0,0,0.0,,0,5,121,,,0,,15,0,0,1
or,2022,14,2022-W14,0,0,0.0,,0,5,121,,,0,,15,0,0,1
pa,2022,14,2022-W14,0,0,0.0,,0,5,121,,,0,,15,0,0,1
ri,2022,14,2022-W14,0,0,0.0,,0,5,121,,,0,,15,0,0,1
sc,2022,14,2022-W14,0,0,0.0,,0,5,121,,,0,,15,0,0,1
sd,2022,14,2022-W14,0,0,0.0,,0,5,121,,,0,,15,0,0,1
tn,2022,14,2022-W14,0,0,0.0,,0,5,121,,,0,,15,0,0,1
tx,2022,14,2022-W14,0,0,0.0,,0,5,121,,,0,,15,0,0,1
ut,2022,14,2022-W14,0,0,0.0,,0,5,121,,,0,,15,0,0,1
va,2022,14,2022-W14,0,0,0.0,,0,5,121,,,0,,15,0,0,1
vt,2022,14,2022-W14,0,0,0.0,,0,5,121,,,0,,15,0,0,1
wa,2022,14,2022-W14,0,0,0.0,,0,5,121,,,0,,15,0,0,1
wi,2022,14,2022-W14,0,0,0.0,,0,5,121,,,0,,15,0,0,1
wv,2022,14,2022-W14,0,0,0.0,,0,5,121,,,0,,15,0,0,1
wy,2022,14,2022-W14,0,0,0.0,,0,5,121,,,0,,15,0,0,1
ak,2022,15,2022-W15,0,0,0.0,,0,5,121,,,0,,15,0,0,1
al,2022,15,2022-W15,0,0,0.0,,0,5,121,,,0,,15,0,0,1
ar,2022,15,2022-W15,0,0,0.0,,0,5,121,,,0,,15,0,0,1
ca,2022,15,2022-W15,0,0,0.0,,0,5,121,,,0,,15,0,0,1
co,2022,15,2022-W15,0,0,0.0,,0,5,121,,,0,,15,0,0,1
ct,2022,15,2022-W15,0,0,0.0,,0,5,121,,,0,,15,0,0,1
dc,2022,15,2022-W15,0,0,0.0,,0,5,121,,,0,,15,0,0,1
de,2022,15,2022-W15,0,0,0.0,,0,5,121,,,0,,15,0,0,1
fl,2022,15,2022-W15,0,0,0.0,,0,5,121,,,0,,15,0,0,1
ga,2022,15,2022-W15,0,0,0.0,,0,5,121,,,0,,15,0,0,1
gu,2022,15,2022-W15,0,0,0.0,,0,5,121,,,0,,15,0,0,1
hi,2022,15,2022-W15,0,0,0.0,,0,5,121,,,0,,15,0,0,1
ia,2022,15,2022-W15,0,0,0.0,,0,5,121,,,0,,15,0,0,1
id,2022,15,2022-W15,0,0,0.0,,0,5,121,,,0,,15,0,0,1
il,2022,15,2022-W15,0,0,0.0,,0,5,121,,,0,,15,0,0,1
in,2022,15,2022-W15,0,0,0.0,,0,5,121,,,0,,15,0,0,1
ks,2022,15,2022-W15,0,0,0.0,,0,5,121,,,0,,15,0,0,1
ky,2022,15,2022-W15,0,0,0.0,,0,5,121,,,0,,15,0,0,1
la,2022,15,2022-W15,0,0,0.0,,0,5,121,,,0,,15,0,0,1
ma,2022,15,2022-W15,0,0,0.0,,0,5,121,,,0,,15,0,0,1
md,2022,15,2022-W15,0,0,0.0,,0,5,121,,,0,,15,0,0,1
me,2022,15,2022-W15,0,0,0.0,,0,5,121,,,0,,15,0,0,1
mi,2022,15,2022-W15,0,0,0.0,,0,5,121,,,0,,15,0,0,1
mn,2022,15,2022-W15,0,0,0.0,,0,5,121,,,0,,15,0,0,1
mo,2022,15,2022-W15,0,0,0.0,,0,5,121,,,0,,15,0,0,1
ms,2022,15,2022-W15,0,0,0.0,,0,5,121,,,0,,15,0,0,1
mt,2022,15,2022-W15,0,0,0.0,,0,5,121,,,0,,15,0,0,1
nc,2022,15,2022-W15,0,0,0.0,,0,5,121,,,0,,15,0,0,1
ne,2022,15,2022-W15,0,0,0.0,,0,5,121,,,0,,15,0,0,1
nh,2022,15,2022-W15,0,0,0.0,,0,5,121,,,0,,15,0,0,1
nj,2022,15,2022-W15,0,0,0.0,,0,5,121,,,0,,15,0,0,1
nm,2022,15,2022-W15,0,0,0.0,,0,5,121,,,0,,15,0,0,1
nv,2022,15,2022-W15,0,0,0.0,,0,5,121,,,0,,15,0,0,1
ny,2022,15,2022-W15,0,0,0.0,,0,5,121,,,0,,15,0,0,1
oh,2022,15,2022-W15,0,0,0.0,,0,5,121,,,0,,15,0,0,1
ok,2022,15,2022-W15,0,0,0.0,,0,5,121,,,0,,15,0,0,1
or,2022,15,2022-W15,0,0,0.0,,0,5,121,,,0,,15,0,0,1
pa,2022,15,2022-W15,0,0,0.0,,0,5,121,,,0,,15,0,0,1
ri,2022,15,2022-W15,0,0,0.0,,0,5,121,,,0,,15,0,0,1
sc,2022,15,2022-W15,0,0,0.0,,0,5,121,,,0,,15,0,0,1
sd,2022,15,2022-W15,0,0,0.0,,0,5,121,,,0,,15,0,0,1
tn,2022,15,2022-W15,0,0,0.0,,0,5,121,,,0,,15,0,0,1
tx,2022,15,2022-W15,0,0,0.0,,0,5,121,,,0,,15,0,0,1
ut,2022,15,2022-W15,0,0,0.0,,0,5,121,,,0,,15,0,0,1
va,2022,15,2022-W15,0,0,0.0,,0,5,121,,,0,,15,0,0,1
vt,2022,15,2022-W15,0,0,0.0,,0,5,121,,,0,,15,0,0,1
wa,2022,15,2022-W15,0,0,0.0,,0,5,121,,,0,,15,0,0,1
wi,2022,15,2022-W15,0,0,0.0,,0,5,121,,,0,,15,0,0,1
wv,2022,15,2022-W15,0,0,0.0,,0,5,121,,,0,,15,0,0,1
wy,2022,15,2022-W15,0,0,0.0,,0,5,121,,,0,,15,0,0,1
ak,2022,16,2022-W16,0,0,0.0,,0,4,121,,,0,,19,0,0,1
al,2022,16,2022-W16,0,0,0.0,,0,4,121,,,0,,19,0,0,1
ar,2022,16,2022-W16,0,0,0.0,,0,4,121,,,0,,19,0,0,1
ca,2022,16,2022-W16,0,0,0.0,,0,4,121,,,0,,19,0,0,1
co,2022,16,2022-W16,0,0,0.0,,0,4,121,,,0,,19,0,0,1
ct,2022,16,2022-W16,0,0,0.0,,0,4,121,,,0,,19,0,0,1
dc,2022,16,2022-W16,0,0,0.0,,0,4,121,,,0,,19,0,0,1
de,2022,16,2022-W16,0,0,0.0,,0,4,121,,,0,,19,0,0,1
fl,2022,16,2022-W16,0,0,0.0,,0,4,121,,,0,,19,0,0,1
ga,2022,16,2022-W16,0,0,0.0,,0,4,121,,,0,,19,0,0,1
gu,2022,16,2022-W16,0,0,0.0,,0,4,121,,,0,,19,0,0,1
hi,2022,16,2022-W16,0,0,0.0,,0,4,121,,,0,,19,0,0,1
ia,2022,16,2022-W16,0,0,0.0,,0,4,121,,,0,,19,0,0,1
id,2022,16,2022-W16,0,0,0.0,,0,4,121,,,0,,19,0,0,1
il,2022,16,2022-W16,0,0,0.0,,0,4,121,,,0,,19,0,0,1
in,2022,16,2022-W16,0,0,0.0,,0,4,121,,,0,,19,0,0,1
ks,2022,16,2022-W16,0,0,0.0,,0,4,121,,,0,,19,0,0,1
ky,2022,16,2022-W16,0,0,0.0,,0,4,121,,,0,,19,0,0,1
la,2022,16,2022-W16,0,0,0.0,,0,4,121,,,0,,19,0,0,1
ma,2022,16,2022-W16,0,0,0.0,,0,4,121,,,0,,19,0,0,1
md,2022,16,2022-W16,0,0,0.0,,0,4,121,,,0,,19,0,0,1
me,2022,16,2022-W16,0,0,0.0,,0,4,121,,,0,,19,0,0,1
mi,2022,16,2022-W16,0,0,0.0,,0,4,121,,,0,,19,0,0,1
mn,2022,16,2022-W16,0,0,0.0,,0,4,121,,,0,,19,0,0,1
mo,2022,16,2022-W16,0,0,0.0,,0,4,121,,,0,,19,0,0,1
ms,2022,16,2022-W16,0,0,0.0,,0,4,121,,,0,,19,0,0,1
mt,2022,16,2022-W16,0,0,0.0,,0,4,121,,,0,,19,0,0,1
nc,2022,16,2022-W16,0,0,0.0,,0,4,121,,,0,,19,0,0,1
ne,2022,16,2022-W16,0,0,0.0,,0,4,121,,,0,,19,0,0,1
nh,2022,16,2022-W16,0,0,0.0,,0,4,121,,,0,,19,0,0,1
nj,2022,16,2022-W16,0,0,0.0,,0,4,121,,,0,,19,0,0,1
nm,2022,16,2022-W16,0,0,0.0,,0,4,121,,,0,,19,0,0,1
nv,2022,16,2022-W16,0,0,0.0,,0,4,121,,,0,,19,0,0,1
ny,2022,16,2022-W16,0,0,0.0,,0,4,121,,,0,,19,0,0,1
oh,2022,16,2022-W16,0,0,0.0,,0,4,121,,,0,,19,0,0,1
ok,2022,16,2022-W16,0,0,0.0,,0,4,121,,,0,,19,0,0,1
or,2022,16,2022-W16,0,0,0.0,,0,4,121,,,0,,19,0,0,1
pa,2022,16,2022-W16,0,0,0.0,,0,4,121,,,0,,19,0,0,1
ri,2022,16,2022-W16,0,0,0.0,,0,4,121,,,0,,19,0,0,1
sc,2022,16,2022-W16,0,0,0.0,,0,4,121,,,0,,19,0,0,1
sd,2022,16,2022-W16,0,0,0.0,,0,4,121,,,0,,19,0,0,1
tn,2022,16,2022-W16,0,0,0.0,,0,4,121,,,0,,19,0,0,1
tx,2022,16,2022-W16,0,0,0.0,,0,4,121,,,0,,19,0,0,1
ut,2022,16,2022-W16,0,0,0.0,,0,4,121,,,0,,19,0,0,1
va,2022,16,2022-W16,0,0,0.0,,0,4,121,,,0,,19,0,0,1
vt,2022,16,2022-W16,0,0,0.0,,0,4,121,,,0,,19,0,0,1
wa,2022,16,2022-W16,0,0,0.0,,0,4,121,,,0,,19,0,0,1
wi,2022,16,2022-W16,0,0,0.0,,0,4,121,,,0,,19,0,0,1
wv,2022,16,2022-W16,0,0,0.0,,0,4,121,,,0,,19,0,0,1
wy,2022,16,2022-W16,0,0,0.0,,0,4,121,,,0,,19,0,0,1
ak,2022,17,2022-W17,0,0,0.0,,0,3,121,,,0,,21,0,0,1
al,2022,17,2022-W17,0,0,0.0,,0,3,121,,,0,,21,0,0,1
ar,2022,17,2022-W17,0,0,0.0,,0,3,121,,,0,,21,0,0,1
ca,2022,17,2022-W17,0,0,0.0,,0,3,121,,,0,,21,0,0,1
co,2022,17,2022-W17,0,0,0.0,,0,3,121,,,0,,21,0,0,1
ct,2022,17,2022-W17,0,0,0.0,,0,3,121,,,0,,21,0,0,1
dc,2022,17,2022-W17,0,0,0.0,,0,3,121,,,0,,21,0,0,1
de,2022,17,2022-W17,0,0,0.0,,0,3,121,,,0,,21,0,0,1
fl,2022,17,2022-W17,0,0,0.0,,0,3,121,,,0,,21,0,0,1
ga,2022,17,2022-W17,0,0,0.0,,0,3,121,,,0,,21,0,0,1
gu,2022,17,2022-W17,0,0,0.0,,0,3,121,,,0,,21,0,0,1
hi,2022,17,2022-W17,0,0,0.0,,0,3,121,,,0,,21,0,0,1
ia,2022,17,2022-W17,0,0,0.0,,0,3,121,,,0,,21,0,0,1
id,2022,17,2022-W17,0,0,0.0,,0,3,121,,,0,,21,0,0,1
il,2022,17,2022-W17,0,0,0.0,,0,3,121,,,0,,21,0,0,1
in,2022,17,2022-W17,0,0,0.0,,0,3,121,,,0,,21,0,0,1
ks,2022,17,2022-W17,0,0,0.0,,0,3,121,,,0,,21,0,0,1
ky,2022,17,2022-W17,0,0,0.0,,0,3,121,,,0,,21,0,0,1
la,2022,17,2022-W17,0,0,0.0,,0,3,121,,,0,,21,0,0,1
ma,2022,17,2022-W17,0,0,0.0,,0,3,121,,,0,,21,0,0,1
md,2022,17,2022-W17,0,0,0.0,,0,3,121,,,0,,21,0,0,1
me,2022,17,2022-W17,0,0,0.0,,0,3,121,,,0,,21,0,0,1
mi,2022,17,2022-W17,0,0,0.0,,0,3,121,,,0,,21,0,0,1
mn,2022,17,2022-W17,0,0,0.0,,0,3,121,,,0,,21,0,0,1
mo,2022,17,2022-W17,0,0,0.0,,0,3,121,,,0,,21,0,0,1
ms,2022,17,2022-W17,0,0,0.0,,0,3,121,,,0,,21,0,0,1
mt,2022,17,2022-W17,0,0,0.0,,0,3,121,,,0,,21,0,0,1
nc,2022,17,2022-W17,0,0,0.0,,0,3,121,,,0,,21,0,0,1
ne,2022,17,2022-W17,0,0,0.0,,0,3,121,,,0,,21,0,0,1
nh,2022,17,2022-W17,0,0,0.0,,0,3,121,,,0,,21,0,0,1
nj,2022,17,2022-W17,0,0,0.0,,0,3,121,,,0,,21,0,0,1
nm,2022,17,2022-W17,0,0,0.0,,0,3,121,,,0,,21,0,0,1
nv,2022,17,2022-W17,0,0,0.0,,0,3,121,,,0,,21,0,0,1
ny,2022,17,2022-W17,0,0,0.0,,0,3,121,,,0,,21,0,0,1
oh,2022,17,2022-W17,0,0,0.0,,0,3,121,,,0,,21,0,0,1
ok,2022,17,2022-W17,0,0,0.0,,0,3,121,,,0,,21,0,0,1
or,2022,17,2022-W17,0,0,0.0,,0,3,121,,,0,,21,0,0,1
pa,2022,17,2022-W17,0,0,0.0,,0,3,121,,,0,,21,0,0,1
ri,2022,17,2022-W17,0,0,0.0,,0,3,121,,,0,,21,0,0,1
sc,2022,17,2022-W17,0,0,0.0,,0,3,121,,,0,,21,0,0,1
sd,2022,17,2022-W17,0,0,0.0,,0,3,121,,,0,,21,0,0,1
tn,2022,17,2022-W17,0,0,0.0,,0,3,121,,,0,,21,0,0,1
tx,2022,17,2022-W17,0,0,0.0,,0,3,121,,,0,,21,0,0,1
ut,2022,17,2022-W17,0,0,0.0,,0,3,121,,,0,,21,0,0,1
va,2022,17,2022-W17,0,0,0.0,,0,3,121,,,0,,21,0,0,1
vt,2022,17,2022-W17,0,0,0.0,,0,3,121,,,0,,21,0,0,1
wa,2022,17,2022-W17,0,0,0.0,,0,3,121,,,0,,21,0,0,1
wi,2022,17,2022-W17,0,0,0.0,,0,3,121,,,0,,21,0,0,1
wv,2022,17,2022-W17,0,0,0.0,,0,3,121,,,0,,21,0,0,1
wy,2022,17,2022-W17,0,0,0.0,,0,3,121,,,0,,21,0,0,1
ak,2022,18,2022-W18,0,0,0.0,,0,2,121,,,0,,21,0,0,1
al,2022,18,2022-W18,0,0,0.0,,0,2,121,,,0,,21,0,0,1
ar,2022,18,2022-W18,0,0,0.0,,0,2,121,,,0,,21,0,0,1
ca,2022,18,2022-W18,0,0,0.0,,0,2,121,,,0,,21,0,0,1
co,2022,18,2022-W18,0,0,0.0,,0,2,121,,,0,,21,0,0,1
ct,2022,18,2022-W18,0,0,0.0,,0,2,121,,,0,,21,0,0,1
dc,2022,18,2022-W18,0,0,0.0,,0,2,121,,,0,,21,0,0,1
de,2022,18,2022-W18,0,0,0.0,,0,2,121,,,0,,21,0,0,1
fl,2022,18,2022-W18,0,0,0.0,,0,2,121,,,0,,21,0,0,1
ga,2022,18,2022-W18,0,0,0.0,,0,2,121,,,0,,21,0,0,1
gu,2022,18,2022-W18,0,0,0.0,,0,2,121,,,0,,21,0,0,1
hi,2022,18,2022-W18,0,0,0.0,,0,2,121,,,0,,21,0,0,1
ia,2022,18,2022-W18,0,0,0.0,,0,2,121,,,0,,21,0,0,1
id,2022,18,2022-W18,0,0,0.0,,0,2,121,,,0,,21,0,0,1
il,2022,18,2022-W18,0,0,0.0,,0,2,121,,,0,,21,0,0,1
in,2022,18,2022-W18,0,0,0.0,,0,2,121,,,0,,21,0,0,1
ks,2022,18,2022-W18,0,0,0.0,,0,2,121,,,0,,21,0,0,1
ky,2022,18,2022-W18,0,0,0.0,,0,2,121,,,0,,21,0,0,1
la,2022,18,2022-W18,0,0,0.0,,0,2,121,,,0,,21,0,0,1
ma,2022,18,2022-W18,0,0,0.0,,0,2,121,,,0,,21,0,0,1
md,2022,18,2022-W18,0,0,0.0,,0,2,121,,,0,,21,0,0,1
me,2022,18,2022-W18,0,0,0.0,,0,2,121,,,0,,21,0,0,1
mi,2022,18,2022-W18,0,0,0.0,,0,2,121,,,0,,21,0,0,1
mn,2022,18,2022-W18,0,0,0.0,,0,2,121,,,0,,21,0,0,1
mo,2022,18,2022-W18,0,0,0.0,,0,2,121,,,0,,21,0,0,1
ms,2022,18,2022-W18,0,0,0.0,,0,2,121,,,0,,21,0,0,1
mt,2022,18,2022-W18,0,0,0.0,,0,2,121,,,0,,21,0,0,1
nc,2022,18,2022-W18,0,0,0.0,,0,2,121,,,0,,21,0,0,1
ne,2022,18,2022-W18,0,0,0.0,,0,2,121,,,0,,21,0,0,1
nh,2022,18,2022-W18,0,0,0.0,,0,2,121,,,0,,21,0,0,1
nj,2022,18,2022-W18,0,0,0.0,,0,2,121,,,0,,21,0,0,1
nm,2022,18,2022-W18,0,0,0.0,,0,2,121,,,0,,21,0,0,1
nv,2022,18,2022-W18,0,0,0.0,,0,2,121,,,0,,21,0,0,1
ny,2022,18,2022-W18,0,0,0.0,,0,2,121,,,0,,21,0,0,1
oh,2022,18,2022-W18,0,0,0.0,,0,2,121,,,0,,21,0,0,1
ok,2022,18,2022-W18,0,0,0.0,,0,2,121,,,0,,21,0,0,1
or,2022,18,2022-W18,0,0,0.0,,0,2,121,,,0,,21,0,0,1
pa,2022,18,2022-W18,0,0,0.0,,0,2,121,,,0,,21,0,0,1
ri,2022,18,2022-W18,0,0,0.0,,0,2,121,,,0,,21,0,0,1
sc,2022,18,2022-W18,0,0,0.0,,0,2,121,,,0,,21,0,0,1
sd,2022,18,2022-W18,0,0,0.0,,0,2,121,,,0,,21,0,0,1
tn,2022,18,2022-W18,0,0,0.0,,0,2,121,,,0,,21,0,0,1
tx,2022,18,2022-W18,0,0,0.0,,0,2,121,,,0,,21,0,0,1
ut,2022,18,2022-W18,0,0,0.0,,0,2,121,,,0,,21,0,0,1
va,2022,18,2022-W18,0,0,0.0,,0,2,121,,,0,,21,0,0,1
vt,2022,18,2022-W18,0,0,0.0,,0,2,121,,,0,,21,0,0,1
wa,2022,18,2022-W18,0,0,0.0,,0,2,121,,,0,,21,0,0,1
wi,2022,18,2022-W18,0,0,0.0,,0,2,121,,,0,,21,0,0,1
wv,2022,18,2022-W18,0,0,0.0,,0,2,121,,,0,,21,0,0,1
wy,2022,18,2022-W18,0,0,0.0,,0,2,121,,,0,,21,0,0,1
ak,2022,19,2022-W19,0,0,0.0,,0,2,121,,,0,,24,0,0,1
al,2022,19,2022-W19,0,0,0.0,,0,2,121,,,0,,24,0,0,1
ar,2022,19,2022-W19,0,0,0.0,,0,2,121,,,0,,24,0,0,1
ca,2022,19,2022-W19,0,0,0.0,,0,2,121,,,0,,24,0,0,1
co,2022,19,2022-W19,0,0,0.0,,0,2,121,,,0,,24,0,0,1
ct,2022,19,2022-W19,0,0,0.0,,0,2,121,,,0,,24,0,0,1
dc,2022,19,2022-W19,0,0,0.0,,0,2,121,,,0,,24,0,0,1
de,2022,19,2022-W19,0,0,0.0,,0,2,121,,,0,,24,0,0,1
fl,2022,19,2022-W19,0,0,0.0,,0,2,121,,,0,,24,0,0,1
ga,2022,19,2022-W19,0,0,0.0,,0,2,121,,,0,,24,0,0,1
gu,2022,19,2022-W19,0,0,0.0,,0,2,121,,,0,,24,0,0,1
hi,2022,19,2022-W19,0,0,0.0,,0,2,121,,,0,,24,0,0,1
ia,2022,19,2022-W19,0,0,0.0,,0,2,121,,,0,,24,0,0,1
id,2022,19,2022-W19,0,0,0.0,,0,2,121,,,0,,24,0,0,1
il,2022,19,2022-W19,0,0,0.0,,0,2,121,,,0,,24,0,0,1
in,2022,19,2022-W19,0,0,0.0,,0,2,121,,,0,,24,0,0,1
ks,2022,19,2022-W19,0,0,0.0,,0,2,121,,,0,,24,0,0,1
ky,2022,19,2022-W19,0,0,0.0,,0,2,121,,,0,,24,0,0,1
la,2022,19,2022-W19,0,0,0.0,,0,2,121,,,0,,24,0,0,1
ma,2022,19,2022-W19,0,0,0.0,,0,2,121,,,0,,24,0,0,1
md,2022,19,2022-W19,0,0,0.0,,0,2,121,,,0,,24,0,0,1
me,2022,19,2022-W19,0,0,0.0,,0,2,121,,,0,,24,0,0,1
mi,2022,19,2022-W19,0,0,0.0,,0,2,121,,,0,,24,0,0,1
mn,2022,19,2022-W19,0,0,0.0,,0,2,121,,,0,,24,0,0,1
mo,2022,19,2022-W19,0,0,0.0,,0,2,121,,,0,,24,0,0,1
ms,2022,19,2022-W19,0,0,0.0,,0,2,121,,,0,,24,0,0,1
mt,2022,19,2022-W19,0,0,0.0,,0,2,121,,,0,,24,0,0,1
nc,2022,19,2022-W19,0,0,0.0,,0,2,121,,,0,,24,0,0,1
ne,2022,19,2022-W19,0,0,0.0,,0,2,121,,,0,,24,0,0,1
nh,2022,19,2022-W19,0,0,0.0,,0,2,121,,,0,,24,0,0,1
nj,2022,19,2022-W19,0,0,0.0,,0,2,121,,,0,,24,0,0,1
nm,2022,19,2022-W19,0,0,0.0,,0,2,121,,,0,,24,0,0,1
nv,2022,19,2022-W19,0,0,0.0,,0,2,121,,,0,,24,0,0,1
ny,2022,19,2022-W19,0,0,0.0,,0,2,121,,,0,,24,0,0,1
oh,2022,19,2022-W19,0,0,0.0,,0,2,121,,,0,,24,0,0,1
ok,2022,19,2022-W19,0,0,0.0,,0,2,121,,,0,,24,0,0,1
or,2022,19,2022-W19,0,0,0.0,,0,2,121,,,0,,24,0,0,1
pa,2022,19,2022-W19,0,0,0.0,,0,2,121,,,0,,24,0,0,1
ri,2022,19,2022-W19,0,0,0.0,,0,2,121,,,0,,24,0,0,1
sc,2022,19,2022-W19,0,0,0.0,,0,2,121,,,0,,24,0,0,1
sd,2022,19,2022-W19,0,0,0.0,,0,2,121,,,0,,24,0,0,1
tn,2022,19,2022-W19,0,0,0.0,,0,2,121,,,0,,24,0,0,1
tx,2022,19,2022-W19,0,0,0.0,,0,2,121,,,0,,24,0,0,1
ut,2022,19,2022-W19,0,0,0.0,,0,2,121,,,0,,24,0,0,1
va,2022,19,2022-W19,0,0,0.0,,0,2,121,,,0,,24,0,0,1
vt,2022,19,2022-W19,0,0,0.0,,0,2,121,,,0,,24,0,0,1
wa,2022,19,2022-W19,0,0,0.0,,0,2,121,,,0,,24,0,0,1
wi,2022,19,2022-W19,0,0,0.0,,0,2,121,,,0,,24,0,0,1
wv,2022,19,2022-W19,0,0,0.0,,0,2,121,,,0,,24,0,0,1
wy,2022,19,2022-W19,0,0,0.0,,0,2,121,,,0,,24,0,0,1
ak,2022,20,2022-W20,0,0,0.0,,0,1,121,,,0,,20,0,0,1
al,2022,20,2022-W20,0,0,0.0,,0,1,121,,,0,,20,0,0,1
ar,2022,20,2022-W20,0,0,0.0,,0,1,121,,,0,,20,0,0,1
ca,2022,20,2022-W20,0,0,0.0,,0,1,121,,,0,,20,0,0,1
co,2022,20,2022-W20,0,0,0.0,,0,1,121,,,0,,20,0,0,1
ct,2022,20,2022-W20,0,0,0.0,,0,1,121,,,0,,20,0,0,1
dc,2022,20,2022-W20,0,0,0.0,,0,1,121,,,0,,20,0,0,1
de,2022,20,2022-W20,0,0,0.0,,0,1,121,,,0,,20,0,0,1
fl,2022,20,2022-W20,0,0,0.0,,0,1,121,,,0,,20,0,0,1
ga,2022,20,2022-W20,0,0,0.0,,0,1,121,,,0,,20,0,0,1
gu,2022,20,2022-W20,0,0,0.0,,0,1,121,,,0,,20,0,0,1
hi,2022,20,2022-W20,0,0,0.0,,0,1,121,,,0,,20,0,0,1
ia,2022,20,2022-W20,0,0,0.0,,0,1,121,,,0,,20,0,0,1
id,2022,20,2022-W20,0,0,0.0,,0,1,121,,,0,,20,0,0,1
il,2022,20,2022-W20,0,0,0.0,,0,1,121,,,0,,20,0,0,1
in,2022,20,2022-W20,0,0,0.0,,0,1,121,,,0,,20,0,0,1
ks,2022,20,2022-W20,0,0,0.0,,0,1,121,,,0,,20,0,0,1
ky,2022,20,2022-W20,0,0,0.0,,0,1,121,,,0,,20,0,0,1
la,2022,20,2022-W20,0,0,0.0,,0,1,121,,,0,,20,0,0,1
ma,2022,20,2022-W20,0,0,0.0,,0,1,121,,,0,,20,0,0,1
md,2022,20,2022-W20,0,0,0.0,,0,1,121,,,0,,20,0,0,1
me,2022,20,2022-W20,0,0,0.0,,0,1,121,,,0,,20,0,0,1
mi,2022,20,2022-W20,0,0,0.0,,0,1,121,,,0,,20,0,0,1
mn,2022,20,2022-W20,0,0,0.0,,0,1,121,,,0,,20,0,0,1
mo,2022,20,2022-W20,0,0,0.0,,0,1,121,,,0,,20,0,0,1
ms,2022,20,2022-W20,0,0,0.0,,0,1,121,,,0,,20,0,0,1
mt,2022,20,2022-W20,0,0,0.0,,0,1,121,,,0,,20,0,0,1
nc,2022,20,2022-W20,0,0,0.0,,0,1,121,,,0,,20,0,0,1
ne,2022,20,2022-W20,0,0,0.0,,0,1,121,,,0,,20,0,0,1
nh,2022,20,2022-W20,0,0,0.0,,0,1,121,,,0,,20,0,0,1
nj,2022,20,2022-W20,0,0,0.0,,0,1,121,,,0,,20,0,0,1
nm,2022,20,2022-W20,0,0,0.0,,0,1,121,,,0,,20,0,0,1
nv,2022,20,2022-W20,0,0,0.0,,0,1,121,,,0,,20,0,0,1
ny,2022,20,2022-W20,0,0,0.0,,0,1,121,,,0,,20,0,0,1
oh,2022,20,2022-W20,0,0,0.0,,0,1,121,,,0,,20,0,0,1
ok,2022,20,2022-W20,0,0,0.0,,0,1,121,,,0,,20,0,0,1
or,2022,20,2022-W20,0,0,0.0,,0,1,121,,,0,,20,0,0,1
pa,2022,20,2022-W20,0,0,0.0,,0,1,121,,,0,,20,0,0,1
ri,2022,20,2022-W20,0,0,0.0,,0,1,121,,,0,,20,0,0,1
sc,2022,20,2022-W20,0,0,0.0,,0,1,121,,,0,,20,0,0,1
sd,2022,20,2022-W20,0,0,0.0,,0,1,121,,,0,,20,0,0,1
tn,2022,20,2022-W20,0,0,0.0,,0,1,121,,,0,,20,0,0,1
tx,2022,20,2022-W20,0,0,0.0,,0,1,121,,,0,,20,0,0,1
ut,2022,20,2022-W20,0,0,0.0,,0,1,121,,,0,,20,0,0,1
va,2022,20,2022-W20,0,0,0.0,,0,1,121,,,0,,20,0,0,1
vt,2022,20,2022-W20,0,0,0.0,,0,1,121,,,0,,20,0,0,1
wa,2022,20,2022-W20,0,0,0.0,,0,1,121,,,0,,20,0,0,1
wi,2022,20,2022-W20,0,0,0.0,,0,1,121,,,0,,20,0,0,1
wv,2022,20,2022-W20,0,0,0.0,,0,1,121,,,0,,20,0,0,1
wy,2022,20,2022-W20,0,0,0.0,,0,1,121,,,0,,20,0,0,1
ak,2022,21,2022-W21,0,0,0.0,,0,0,121,,,0,,27,0,0,1
al,2022,21,2022-W21,0,0,0.0,,0,0,121,,,0,,27,0,0,1
ar,2022,21,2022-W21,0,0,0.0,,0,0,121,,,0,,27,0,0,1
ca,2022,21,2022-W21,0,0,0.0,,0,0,121,,,0,,27,0,0,1
co,2022,21,2022-W21,0,0,0.0,,0,0,121,,,0,,27,0,0,1
ct,2022,21,2022-W21,0,0,0.0,,0,0,121,,,0,,27,0,0,1
dc,2022,21,2022-W21,0,0,0.0,,0,0,121,,,0,,27,0,0,1
de,2022,21,2022-W21,0,0,0.0,,0,0,121,,,0,,27,0,0,1
fl,2022,21,2022-W21,0,0,0.0,,0,0,121,,,0,,27,0,0,1
ga,2022,21,2022-W21,0,0,0.0,,0,0,121,,,0,,27,0,0,1
gu,2022,21,2022-W21,0,0,0.0,,0,0,121,,,0,,27,0,0,1
hi,2022,21,2022-W21,0,0,0.0,,0,0,121,,,0,,27,0,0,1
ia,2022,21,2022-W21,0,0,0.0,,0,0,121,,,0,,27,0,0,1
id,2022,21,2022-W21,0,0,0.0,,0,0,121,,,0,,27,0,0,1
il,2022,21,2022-W21,0,0,0.0,,0,0,121,,,0,,27,0,0,1
in,2022,21,2022-W21,0,0,0.0,,0,0,121,,,0,,27,0,0,1
ks,2022,21,2022-W21,0,0,0.0,,0,0,121,,,0,,27,0,0,1
ky,2022,21,2022-W21,0,0,0.0,,0,0,121,,,0,,27,0,0,1
la,2022,21,2022-W21,0,0,0.0,,0,0,121,,,0,,27,0,0,1
ma,2022,21,2022-W21,0,0,0.0,,0,0,121,,,0,,27,0,0,1
md,2022,21,2022-W21,0,0,0.0,,0,0,121,,,0,,27,0,0,1
me,2022,21,2022-W21,0,0,0.0,,0,0,121,,,0,,27,0,0,1
mi,2022,21,2022-W21,0,0,0.0,,0,0,121,,,0,,27,0,0,1
mn,2022,21,2022-W21,0,0,0.0,,0,0,121,,,0,,27,0,0,1
mo,2022,21,2022-W21,0,0,0.0,,0,0,121,,,0,,27,0,0,1
ms,2022,21,2022-W21,0,0,0.0,,0,0,121,,,0,,27,0,0,1
mt,2022,21,2022-W21,0,0,0.0,,0,0,121,,,0,,27,0,0,1
nc,2022,21,2022-W21,0,0,0.0,,0,0,121,,,0,,27,0,0,1
ne,2022,21,2022-W21,0,0,0.0,,0,0,121,,,0,,27,0,0,1
nh,2022,21,2022-W21,0,0,0.0,,0,0,121,,,0,,27,0,0,1
nj,2022,21,2022-W21,0,0,0.0,,0,0,121,,,0,,27,0,0,1
nm,2022,21,2022-W21,0,0,0.0,,0,0,121,,,0,,27,0,0,1
nv,2022,21,2022-W21,0,0,0.0,,0,0,121,,,0,,27,0,0,1
ny,2022,21,2022-W21,0,0,0.0,,0,0,121,,,0,,27,0,0,1
oh,2022,21,2022-W21,0,0,0.0,,0,0,121,,,0,,27,0,0,1
ok,2022,21,2022-W21,0,0,0.0,,0,0,121,,,0,,27,0,0,1
or,2022,21,2022-W21,0,0,0.0,,0,0,121,,,0,,27,0,0,1
pa,2022,21,2022-W21,0,0,0.0,,0,0,121,,,0,,27,0,0,1
ri,2022,21,2022-W21,0,0,0.0,,0,0,121,,,0,,27,0,0,1
sc,2022,21,2022-W21,0,0,0.0,,0,0,121,,,0,,27,0,0,1
sd,2022,21,2022-W21,0,0,0.0,,0,0,121,,,0,,27,0,0,1
tn,2022,21,2022-W21,0,0,0.0,,0,0,121,,,0,,27,0,0,1
tx,2022,21,2022-W21,0,0,0.0,,0,0,121,,,0,,27,0,0,1
ut,2022,21,2022-W21,0,0,0.0,,0,0,121,,,0,,27,0,0,1
va,2022,21,2022-W21,0,0,0.0,,0,0,121,,,0,,27,0,0,1
vt,2022,21,2022-W21,0,0,0.0,,0,0,121,,,0,,27,0,0,1
wa,2022,21,2022-W21,0,0,0.0,,0,0,121,,,0,,27,0,0,1
wi,2022,21,2022-W21,0,0,0.0,,0,0,121,,,0,,27,0,0,1
wv,2022,21,2022-W21,0,0,0.0,,0,0,121,,,0,,27,0,0,1
wy,2022,21,2022-W21,0,0,0.0,,0,0,121,,,0,,27,0,0,1
ak,2022,22,2022-W22,0,0,0.0,,0,2,121,,,0,,18,0,0,1
al,2022,22,2022-W22,0,0,0.0,,0,2,121,,,0,,18,0,0,1
ar,2022,22,2022-W22,0,0,0.0,,0,2,121,,,0,,18,0,0,1
ca,2022,22,2022-W22,0,0,0.0,,0,2,121,,,0,,18,0,0,1
co,2022,22,2022-W22,0,0,0.0,,0,2,121,,,0,,18,0,0,1
ct,2022,22,2022-W22,0,0,0.0,,0,2,121,,,0,,18,0,0,1
dc,2022,22,2022-W22,0,0,0.0,,0,2,121,,,0,,18,0,0,1
de,2022,22,2022-W22,0,0,0.0,,0,2,121,,,0,,18,0,0,1
fl,2022,22,2022-W22,0,0,0.0,,0,2,121,,,0,,18,0,0,1
ga,2022,22,2022-W22,0,0,0.0,,0,2,121,,,0,,18,0,0,1
gu,2022,22,2022-W22,0,0,0.0,,0,2,121,,,0,,18,0,0,1
hi,2022,22,2022-W22,0,0,0.0,,0,2,121,,,0,,18,0,0,1
ia,2022,22,2022-W22,0,0,0.0,,0,2,121,,,0,,18,0,0,1
id,2022,22,2022-W22,0,0,0.0,,0,2,121,,,0,,18,0,0,1
il,2022,22,2022-W22,0,0,0.0,,0,2,121,,,0,,18,0,0,1
in,2022,22,2022-W22,0,0,0.0,,0,2,121,,,0,,18,0,0,1
ks,2022,22,2022-W22,0,0,0.0,,0,2,121,,,0,,18,0,0,1
ky,2022,22,2022-W22,0,0,0.0,,0,2,121,,,0,,18,0,0,1
la,2022,22,2022-W22,0,0,0.0,,0,2,121,,,0,,18,0,0,1
ma,2022,22,2022-W22,0,0,0.0,,0,2,121,,,0,,18,0,0,1
md,2022,22,2022-W22,0,0,0.0,,0,2,121,,,0,,18,0,0,1
me,2022,22,2022-W22,0,0,0.0,,0,2,121,,,0,,18,0,0,1
mi,2022,22,2022-W22,0,0,0.0,,0,2,121,,,0,,18,0,0,1
mn,2022,22,2022-W22,0,0,0.0,,0,2,121,,,0,,18,0,0,1
mo,2022,22,2022-W22,0,0,0.0,,0,2,121,,,0,,18,0,0,1
ms,2022,22,2022-W22,0,0,0.0,,0,2,121,,,0,,18,0,0,1
mt,2022,22,2022-W22,0,0,0.0,,0,2,121,,,0,,18,0,0,1
nc,2022,22,2022-W22,0,0,0.0,,0,2,121,,,0,,18,0,0,1
ne,2022,22,2022-W22,0,0,0.0,,0,2,121,,,0,,18,0,0,1
nh,2022,22,2022-W22,0,0,0.0,,0,2,121,,,0,,18,0,0,1
nj,2022,22,2022-W22,0,0,0.0,,0,2,121,,,0,,18,0,0,1
nm,2022,22,2022-W22,0,0,0.0,,0,2,121,,,0,,18,0,0,1
nv,2022,22,2022-W22,0,0,0.0,,0,2,121,,,0,,18,0,0,1
ny,2022,22,2022-W22,0,0,0.0,,0,2,121,,,0,,18,0,0,1
oh,2022,22,2022-W22,0,0,0.0,,0,2,121,,,0,,18,0,0,1
ok,2022,22,2022-W22,0,0,0.0,,0,2,121,,,0,,18,0,0,1
or,2022,22,2022-W22,0,0,0.0,,0,2,121,,,0,,18,0,0,1
pa,2022,22,2022-W22,0,0,0.0,,0,2,121,,,0,,18,0,0,1
ri,2022,22,2022-W22,0,0,0.0,,0,2,121,,,0,,18,0,0,1
sc,2022,22,2022-W22,0,0,0.0,,0,2,121,,,0,,18,0,0,1
sd,2022,22,2022-W22,0,0,0.0,,0,2,121,,,0,,18,0,0,1
tn,2022,22,2022-W22,0,0,0.0,,0,2,121,,,0,,18,0,0,1
tx,2022,22,2022-W22,0,0,0.0,,0,2,121,,,0,,18,0,0,1
ut,2022,22,2022-W22,0,0,0.0,,0,2,121,,,0,,18,0,0,1
va,2022,22,2022-W22,0,0,0.0,,0,2,121,,,0,,18,0,0,1
vt,2022,22,2022-W22,0,0,0.0,,0,2,121,,,0,,18,0,0,1
wa,2022,22,2022-W22,0,0,0.0,,0,2,121,,,0,,18,0,0,1
wi,2022,22,2022-W22,0,0,0.0,,0,2,121,,,0,,18,0,0,1
wv,2022,22,2022-W22,0,0,0.0,,0,2,121,,,0,,18,0,0,1
wy,2022,22,2022-W22,0,0,0.0,,0,2,121,,,0,,18,0,0,1
ak,2022,23,2022-W23,0,0,0.0,,0,3,121,,,0,,33,0,0,1
al,2022,23,2022-W23,0,0,0.0,,0,3,121,,,0,,33,0,0,1
ar,2022,23,2022-W23,0,0,0.0,,0,3,121,,,0,,33,0,0,1
ca,2022,23,2022-W23,0,0,0.0,,0,3,121,,,0,,33,0,0,1
co,2022,23,2022-W23,0,0,0.0,,0,3,121,,,0,,33,0,0,1
ct,2022,23,2022-W23,0,0,0.0,,0,3,121,,,0,,33,0,0,1
dc,2022,23,2022-W23,0,0,0.0,,0,3,121,,,0,,33,0,0,1
de,2022,23,2022-W23,0,0,0.0,,0,3,121,,,0,,33,0,0,1
fl,2022,23,2022-W23,0,0,0.0,,0,3,121,,,0,,33,0,0,1
ga,2022,23,2022-W23,0,0,0.0,,0,3,121,,,0,,33,0,0,1
gu,2022,23,2022-W23,0,0,0.0,,0,3,121,,,0,,33,0,0,1
hi,2022,23,2022-W23,0,0,0.0,,0,3,121,,,0,,33,0,0,1
ia,2022,23,2022-W23,0,0,0.0,,0,3,121,,,0,,33,0,0,1
id,2022,23,2022-W23,0,0,0.0,,0,3,121,,,0,,33,0,0,1
il,2022,23,2022-W23,0,0,0.0,,0,3,121,,,0,,33,0,0,1
in,2022,23,2022-W23,0,0,0.0,,0,3,121,,,0,,33,0,0,1
ks,2022,23,2022-W23,0,0,0.0,,0,3,121,,,0,,33,0,0,1
ky,2022,23,2022-W23,0,0,0.0,,0,3,121,,,0,,33,0,0,1
la,2022,23,2022-W23,0,0,0.0,,0,3,121,,,0,,33,0,0,1
ma,2022,23,2022-W23,0,0,0.0,,0,3,121,,,0,,33,0,0,1
md,2022,23,2022-W23,0,0,0.0,,0,3,121,,,0,,33,0,0,1
me,2022,23,2022-W23,0,0,0.0,,0,3,121,,,0,,33,0,0,1
mi,2022,23,2022-W23,0,0,0.0,,0,3,121,,,0,,33,0,0,1
mn,2022,23,2022-W23,0,0,0.0,,0,3,121,,,0,,33,0,0,1
mo,2022,23,2022-W23,0,0,0.0,,0,3,121,,,0,,33,0,0,1
ms,2022,23,2022-W23,0,0,0.0,,0,3,121,,,0,,33,0,0,1
mt,2022,23,2022-W23,0,0,0.0,,0,3,121,,,0,,33,0,0,1
nc,2022,23,2022-W23,0,0,0.0,,0,3,121,,,0,,33,0,0,1
ne,2022,23,2022-W23,0,0,0.0,,0,3,121,,,0,,33,0,0,1
nh,2022,23,2022-W23,0,0,0.0,,0,3,121,,,0,,33,0,0,1
nj,2022,23,2022-W23,0,0,0.0,,0,3,121,,,0,,33,0,0,1
nm,2022,23,2022-W23,0,0,0.0,,0,3,121,,,0,,33,0,0,1
nv,2022,23,2022-W23,0,0,0.0,,0,3,121,,,0,,33,0,0,1
ny,2022,23,2022-W23,0,0,0.0,,0,3,121,,,0,,33,0,0,1
oh,2022,23,2022-W23,0,0,0.0,,0,3,121,,,0,,33,0,0,1
ok,2022,23,2022-W23,0,0,0.0,,0,3,121,,,0,,33,0,0,1
or,2022,23,2022-W23,0,0,0.0,,0,3,121,,,0,,33,0,0,1
pa,2022,23,2022-W23,0,0,0.0,,0,3,121,,,0,,33,0,0,1
ri,2022,23,2022-W23,0,0,0.0,,0,3,121,,,0,,33,0,0,1
sc,2022,23,2022-W23,0,0,0.0,,0,3,121,,,0,,33,0,0,1
sd,2022,23,2022-W23,0,0,0.0,,0,3,121,,,0,,33,0,0,1
tn,2022,23,2022-W23,0,0,0.0,,0,3,121,,,0,,33,0,0,1
tx,2022,23,2022-W23,0,0,0.0,,0,3,121,,,0,,33,0,0,1
ut,2022,23,2022-W23,0,0,0.0,,0,3,121,,,0,,33,0,0,1
va,2022,23,2022-W23,0,0,0.0,,0,3,121,,,0,,33,0,0,1
vt,2022,23,2022-W23,0,0,0.0,,0,3,121,,,0,,33,0,0,1
wa,2022,23,2022-W23,0,0,0.0,,0,3,121,,,0,,33,0,0,1
wi,2022,23,2022-W23,0,0,0.0,,0,3,121,,,0,,33,0,0,1
wv,2022,23,2022-W23,0,0,0.0,,0,3,121,,,0,,33,0,0,1
wy,2022,23,2022-W23,0,0,0.0,,0,3,121,,,0,,33,0,0,1
ak,2022,24,2022-W24,0,0,0.0,,0,4,121,,,0,,23,0,0,1
al,2022,24,2022-W24,0,0,0.0,,0,4,121,,,0,,23,0,0,1
ar,2022,24,2022-W24,0,0,0.0,,0,4,121,,,0,,23,0,0,1
ca,2022,24,2022-W24,0,0,0.0,,0,4,121,,,0,,23,0,0,1
co,2022,24,2022-W24,0,0,0.0,,0,4,121,,,0,,23,0,0,1
ct,2022,24,2022-W24,0,0,0.0,,0,4,121,,,0,,23,0,0,1
dc,2022,24,2022-W24,0,0,0.0,,0,4,121,,,0,,23,0,0,1
de,2022,24,2022-W24,0,0,0.0,,0,4,121,,,0,,23,0,0,1
fl,2022,24,2022-W24,0,0,0.0,,0,4,121,,,0,,23,0,0,1
ga,2022,24,2022-W24,0,0,0.0,,0,4,121,,,0,,23,0,0,1
gu,2022,24,2022-W24,0,0,0.0,,0,4,121,,,0,,23,0,0,1
hi,2022,24,2022-W24,0,0,0.0,,0,4,121,,,0,,23,0,0,1
ia,2022,24,2022-W24,0,0,0.0,,0,4,121,,,0,,23,0,0,1
id,2022,24,2022-W24,0,0,0.0,,0,4,121,,,0,,23,0,0,1
il,2022,24,2022-W24,0,0,0.0,,0,4,121,,,0,,23,0,0,1
in,2022,24,2022-W24,0,0,0.0,,0,4,121,,,0,,23,0,0,1
ks,2022,24,2022-W24,0,0,0.0,,0,4,121,,,0,,23,0,0,1
ky,2022,24,2022-W24,0,0,0.0,,0,4,121,,,0,,23,0,0,1
la,2022,24,2022-W24,0,0,0.0,,0,4,121,,,0,,23,0,0,1
ma,2022,24,2022-W24,0,0,0.0,,0,4,121,,,0,,23,0,0,1
md,2022,24,2022-W24,0,0,0.0,,0,4,121,,,0,,23,0,0,1
me,2022,24,2022-W24,0,0,0.0,,0,4,121,,,0,,23,0,0,1
mi,2022,24,2022-W24,0,0,0.0,,0,4,121,,,0,,23,0,0,1
mn,2022,24,2022-W24,0,0,0.0,,0,4,121,,,0,,23,0,0,1
mo,2022,24,2022-W24,0,0,0.0,,0,4,121,,,0,,23,0,0,1
ms,2022,24,2022-W24,0,0,0.0,,0,4,121,,,0,,23,0,0,1
mt,2022,24,2022-W24,0,0,0.0,,0,4,121,,,0,,23,0,0,1
nc,2022,24,2022-W24,0,0,0.0,,0,4,121,,,0,,23,0,0,1
ne,2022,24,2022-W24,0,0,0.0,,0,4,121,,,0,,23,0,0,1
nh,2022,24,2022-W24,0,0,0.0,,0,4,121,,,0,,23,0,0,1
nj,2022,24,2022-W24,0,0,0.0,,0,4,121,,,0,,23,0,0,1
nm,2022,24,2022-W24,0,0,0.0,,0,4,121,,,0,,23,0,0,1
nv,2022,24,2022-W24,0,0,0.0,,0,4,121,,,0,,23,0,0,1
ny,2022,24,2022-W24,0,0,0.0,,0,4,121,,,0,,23,0,0,1
oh,2022,24,2022-W24,0,0,0.0,,0,4,121,,,0,,23,0,0,1
ok,2022,24,2022-W24,0,0,0.0,,0,4,121,,,0,,23,0,0,1
or,2022,24,2022-W24,0,0,0.0,,0,4,121,,,0,,23,0,0,1
pa,2022,24,2022-W24,0,0,0.0,,0,4,121,,,0,,23,0,0,1
ri,2022,24,2022-W24,0,0,0.0,,0,4,121,,,0,,23,0,0,1
sc,2022,24,2022-W24,0,0,0.0,,0,4,121,,,0,,23,0,0,1
sd,2022,24,2022-W24,0,0,0.0,,0,4,121,,,0,,23,0,0,1
tn,2022,24,2022-W24,0,0,0.0,,0,4,121,,,0,,23,0,0,1
tx,2022,24,2022-W24,0,0,0.0,,0,4,121,,,0,,23,0,0,1
ut,2022,24,2022-W24,0,0,0.0,,0,4,121,,,0,,23,0,0,1
va,2022,24,2022-W24,0,0,0.0,,0,4,121,,,0,,23,0,0,1
vt,2022,24,2022-W24,0,0,0.0,,0,4,121,,,0,,23,0,0,1
wa,2022,24,2022-W24,0,0,0.0,,0,4,121,,,0,,23,0,0,1
wi,2022,24,2022-W24,0,0,0.0,,0,4,121,,,0,,23,0,0,1
wv,2022,24,2022-W24,0,0,0.0,,0,4,121,,,0,,23,0,0,1
wy,2022,24,2022-W24,0,0,0.0,,0,4,121,,,0,,23,0,0,1
ak,2022,25,2022-W25,0,0,0.0,,0,2,121,,,0,,15,0,0,1
al,2022,25,2022-W25,0,0,0.0,,0,2,121,,,0,,15,0,0,1
ar,2022,25,2022-W25,0,0,0.0,,0,2,121,,,0,,15,0,0,1
ca,2022,25,2022-W25,0,0,0.0,,0,2,121,,,0,,15,0,0,1
co,2022,25,2022-W25,0,0,0.0,,0,2,121,,,0,,15,0,0,1
ct,2022,25,2022-W25,0,0,0.0,,0,2,121,,,0,,15,0,0,1
dc,2022,25,2022-W25,0,0,0.0,,0,2,121,,,0,,15,0,0,1
de,2022,25,2022-W25,0,0,0.0,,0,2,121,,,0,,15,0,0,1
fl,2022,25,2022-W25,0,0,0.0,,0,2,121,,,0,,15,0,0,1
ga,2022,25,2022-W25,0,0,0.0,,0,2,121,,,0,,15,0,0,1
gu,2022,25,2022-W25,0,0,0.0,,0,2,121,,,0,,15,0,0,1
hi,2022,25,2022-W25,0,0,0.0,,0,2,121,,,0,,15,0,0,1
ia,2022,25,2022-W25,0,0,0.0,,0,2,121,,,0,,15,0,0,1
id,2022,25,2022-W25,0,0,0.0,,0,2,121,,,0,,15,0,0,1
il,2022,25,2022-W25,0,0,0.0,,0,2,121,,,0,,15,0,0,1
in,2022,25,2022-W25,0,0,0.0,,0,2,121,,,0,,15,0,0,1
ks,2022,25,2022-W25,0,0,0.0,,0,2,121,,,0,,15,0,0,1
ky,2022,25,2022-W25,0,0,0.0,,0,2,121,,,0,,15,0,0,1
la,2022,25,2022-W25,0,0,0.0,,0,2,121,,,0,,15,0,0,1
ma,2022,25,2022-W25,0,0,0.0,,0,2,121,,,0,,15,0,0,1
md,2022,25,2022-W25,0,0,0.0,,0,2,121,,,0,,15,0,0,1
me,2022,25,2022-W25,0,0,0.0,,0,2,121,,,0,,15,0,0,1
mi,2022,25,2022-W25,0,0,0.0,,0,2,121,,,0,,15,0,0,1
mn,2022,25,2022-W25,0,0,0.0,,0,2,121,,,0,,15,0,0,1
mo,2022,25,2022-W25,0,0,0.0,,0,2,121,,,0,,15,0,0,1
ms,2022,25,2022-W25,0,0,0.0,,0,2,121,,,0,,15,0,0,1
mt,2022,25,2022-W25,0,0,0.0,,0,2,121,,,0,,15,0,0,1
nc,2022,25,2022-W25,0,0,0.0,,0,2,121,,,0,,15,0,0,1
ne,2022,25,2022-W25,0,0,0.0,,0,2,121,,,0,,15,0,0,1
nh,2022,25,2022-W25,0,0,0.0,,0,2,121,,,0,,15,0,0,1
nj,2022,25,2022-W25,0,0,0.0,,0,2,121,,,0,,15,0,0,1
nm,2022,25,2022-W25,0,0,0.0,,0,2,121,,,0,,15,0,0,1
nv,2022,25,2022-W25,0,0,0.0,,0,2,121,,,0,,15,0,0,1
ny,2022,25,2022-W25,0,0,0.0,,0,2,121,,,0,,15,0,0,1
oh,2022,25,2022-W25,0,0,0.0,,0,2,121,,,0,,15,0,0,1
ok,2022,25,2022-W25,0,0,0.0,,0,2,121,,,0,,15,0,0,1
or,2022,25,2022-W25,0,0,0.0,,0,2,121,,,0,,15,0,0,1
pa,2022,25,2022-W25,0,0,0.0,,0,2,121,,,0,,15,0,0,1
ri,2022,25,2022-W25,0,0,0.0,,0,2,121,,,0,,15,0,0,1
sc,2022,25,2022-W25,0,0,0.0,,0,2,121,,,0,,15,0,0,1
sd,2022,25,2022-W25,0,0,0.0,,0,2,121,,,0,,15,0,0,1
tn,2022,25,2022-W25,0,0,0.0,,0,2,121,,,0,,15,0,0,1
tx,2022,25,2022-W25,0,0,0.0,,0,2,121,,,0,,15,0,0,1
ut,2022,25,2022-W25,0,0,0.0,,0,2,121,,,0,,15,0,0,1
va,2022,25,2022-W25,0,0,0.0,,0,2,121,,,0,,15,0,0,1
vt,2022,25,2022-W25,0,0,0.0,,0,2,121,,,0,,15,0,0,1
wa,2022,25,2022-W25,0,0,0.0,,0,2,121,,,0,,15,0,0,1
wi,2022,25,2022-W25,0,0,0.0,,0,2,121,,,0,,15,0,0,1
wv,2022,25,2022-W25,0,0,0.0,,0,2,121,,,0,,15,0,0,1
wy,2022,25,2022-W25,0,0,0.0,,0,2,121,,,0,,15,0,0,1
ak,2022,26,2022-W26,0,0,0.0,,0,2,121,,,0,,14,0,0,1
al,2022,26,2022-W26,0,0,0.0,,0,2,121,,,0,,14,0,0,1
ar,2022,26,2022-W26,0,0,0.0,,0,2,121,,,0,,14,0,0,1
ca,2022,26,2022-W26,0,0,0.0,,0,2,121,,,0,,14,0,0,1
co,2022,26,2022-W26,0,0,0.0,,0,2,121,,,0,,14,0,0,1
ct,2022,26,2022-W26,0,0,0.0,,0,2,121,,,0,,14,0,0,1
dc,2022,26,2022-W26,0,0,0.0,,0,2,121,,,0,,14,0,0,1
de,2022,26,2022-W26,0,0,0.0,,0,2,121,,,0,,14,0,0,1
fl,2022,26,2022-W26,0,0,0.0,,0,2,121,,,0,,14,0,0,1
ga,2022,26,2022-W26,0,0,0.0,,0,2,121,,,0,,14,0,0,1
gu,2022,26,2022-W26,0,0,0.0,,0,2,121,,,0,,14,0,0,1
hi,2022,26,2022-W26,0,0,0.0,,0,2,121,,,0,,14,0,0,1
ia,2022,26,2022-W26,0,0,0.0,,0,2,121,,,0,,14,0,0,1
id,2022,26,2022-W26,0,0,0.0,,0,2,121,,,0,,14,0,0,1
il,2022,26,2022-W26,0,0,0.0,,0,2,121,,,0,,14,0,0,1
in,2022,26,2022-W26,0,0,0.0,,0,2,121,,,0,,14,0,0,1
ks,2022,26,2022-W26,0,0,0.0,,0,2,121,,,0,,14,0,0,1
ky,2022,26,2022-W26,0,0,0.0,,0,2,121,,,0,,14,0,0,1
la,2022,26,2022-W26,0,0,0.0,,0,2,121,,,0,,14,0,0,1
ma,2022,26,2022-W26,0,0,0.0,,0,2,121,,,0,,14,0,0,1
md,2022,26,2022-W26,0,0,0.0,,0,2,121,,,0,,14,0,0,1
me,2022,26,2022-W26,0,0,0.0,,0,2,121,,,0,,14,0,0,1
mi,2022,26,2022-W26,0,0,0.0,,0,2,121,,,0,,14,0,0,1
mn,2022,26,2022-W26,0,0,0.0,,0,2,121,,,0,,14,0,0,1
mo,2022,26,2022-W26,0,0,0.0,,0,2,121,,,0,,14,0,0,1
ms,2022,26,2022-W26,0,0,0.0,,0,2,121,,,0,,14,0,0,1
mt,2022,26,2022-W26,0,0,0.0,,0,2,121,,,0,,14,0,0,1
nc,2022,26,2022-W26,0,0,0.0,,0,2,121,,,0,,14,0,0,1
ne,2022,26,2022-W26,0,0,0.0,,0,2,121,,,0,,14,0,0,1
nh,2022,26,2022-W26,0,0,0.0,,0,2,121,,,0,,14,0,0,1
nj,2022,26,2022-W26,0,0,0.0,,0,2,121,,,0,,14,0,0,1
nm,2022,26,2022-W26,0,0,0.0,,0,2,121,,,0,,14,0,0,1
nv,2022,26,2022-W26,0,0,0.0,,0,2,121,,,0,,14,0,0,1
ny,2022,26,2022-W26,0,0,0.0,,0,2,121,,,0,,14,0,0,1
oh,2022,26,2022-W26,0,0,0.0,,0,2,121,,,0,,14,0,0,1
ok,2022,26,2022-W26,0,0,0.0,,0,2,121,,,0,,14,0,0,1
or,2022,26,2022-W26,0,0,0.0,,0,2,121,,,0,,14,0,0,1
pa,2022,26,2022-W26,0,0,0.0,,0,2,121,,,0,,14,0,0,1
ri,2022,26,2022-W26,0,0,0.0,,0,2,121,,,0,,14,0,0,1
sc,2022,26,2022-W26,0,0,0.0,,0,2,121,,,0,,14,0,0,1
sd,2022,26,2022-W26,0,0,0.0,,0,2,121,,,0,,14,0,0,1
tn,2022,26,2022-W26,0,0,0.0,,0,2,121,,,0,,14,0,0,1
tx,2022,26,2022-W26,0,0,0.0,,0,2,121,,,0,,14,0,0,1
ut,2022,26,2022-W26,0,0,0.0,,0,2,121,,,0,,14,0,0,1
va,2022,26,2022-W26,0,0,0.0,,0,2,121,,,0,,14,0,0,1
vt,2022,26,2022-W26,0,0,0.0,,0,2,121,,,0,,14,0,0,1
wa,2022,26,2022-W26,0,0,0.0,,0,2,121,,,0,,14,0,0,1
wi,2022,26,2022-W26,0,0,0.0,,0,2,121,,,0,,14,0,0,1
wv,2022,26,2022-W26,0,0,0.0,,0,2,121,,,0,,14,0,0,1
wy,2022,26,2022-W26,0,0,0.0,,0,2,121,,,0,,14,0,0,1
ak,2022,27,2022-W27,0,0,0.0,,0,1,121,,,0,,22,0,0,1
al,2022,27,2022-W27,0,0,0.0,,0,1,121,,,0,,22,0,0,1
ar,2022,27,2022-W27,0,0,0.0,,0,1,121,,,0,,22,0,0,1
ca,2022,27,2022-W27,0,0,0.0,,0,1,121,,,0,,22,0,0,1
co,2022,27,2022-W27,0,0,0.0,,0,1,121,,,0,,22,0,0,1
ct,2022,27,2022-W27,0,0,0.0,,0,1,121,,,0,,22,0,0,1
dc,2022,27,2022-W27,0,0,0.0,,0,1,121,,,0,,22,0,0,1
de,2022,27,2022-W27,0,0,0.0,,0,1,121,,,0,,22,0,0,1
fl,2022,27,2022-W27,0,0,0.0,,0,1,121,,,0,,22,0,0,1
ga,2022,27,2022-W27,0,0,0.0,,0,1,121,,,0,,22,0,0,1
gu,2022,27,2022-W27,0,0,0.0,,0,1,121,,,0,,22,0,0,1
hi,2022,27,2022-W27,0,0,0.0,,0,1,121,,,0,,22,0,0,1
ia,2022,27,2022-W27,0,0,0.0,,0,1,121,,,0,,22,0,0,1
id,2022,27,2022-W27,0,0,0.0,,0,1,121,,,0,,22,0,0,1
il,2022,27,2022-W27,0,0,0.0,,0,1,121,,,0,,22,0,0,1
in,2022,27,2022-W27,0,0,0.0,,0,1,121,,,0,,22,0,0,1
ks,2022,27,2022-W27,0,0,0.0,,0,1,121,,,0,,22,0,0,1
ky,2022,27,2022-W27,0,0,0.0,,0,1,121,,,0,,22,0,0,1
la,2022,27,2022-W27,0,0,0.0,,0,1,121,,,0,,22,0,0,1
ma,2022,27,2022-W27,0,0,0.0,,0,1,121,,,0,,22,0,0,1
md,2022,27,2022-W27,0,0,0.0,,0,1,121,,,0,,22,0,0,1
me,2022,27,2022-W27,0,0,0.0,,0,1,121,,,0,,22,0,0,1
mi,2022,27,2022-W27,0,0,0.0,,0,1,121,,,0,,22,0,0,1
mn,2022,27,2022-W27,0,0,0.0,,0,1,121,,,0,,22,0,0,1
mo,2022,27,2022-W27,0,0,0.0,,0,1,121,,,0,,22,0,0,1
ms,2022,27,2022-W27,0,0,0.0,,0,1,121,,,0,,22,0,0,1
mt,2022,27,2022-W27,0,0,0.0,,0,1,121,,,0,,22,0,0,1
nc,2022,27,2022-W27,0,0,0.0,,0,1,121,,,0,,22,0,0,1
ne,2022,27,2022-W27,0,0,0.0,,0,1,121,,,0,,22,0,0,1
nh,2022,27,2022-W27,0,0,0.0,,0,1,121,,,0,,22,0,0,1
nj,2022,27,2022-W27,0,0,0.0,,0,1,121,,,0,,22,0,0,1
nm,2022,27,2022-W27,0,0,0.0,,0,1,121,,,0,,22,0,0,1
nv,2022,27,2022-W27,0,0,0.0,,0,1,121,,,0,,22,0,0,1
ny,2022,27,2022-W27,0,0,0.0,,0,1,121,,,0,,22,0,0,1
oh,2022,27,2022-W27,0,0,0.0,,0,1,121,,,0,,22,0,0,1
ok,2022,27,2022-W27,0,0,0.0,,0,1,121,,,0,,22,0,0,1
or,2022,27,2022-W27,0,0,0.0,,0,1,121,,,0,,22,0,0,1
pa,2022,27,2022-W27,0,0,0.0,,0,1,121,,,0,,22,0,0,1
ri,2022,27,2022-W27,0,0,0.0,,0,1,121,,,0,,22,0,0,1
sc,2022,27,2022-W27,0,0,0.0,,0,1,121,,,0,,22,0,0,1
sd,2022,27,2022-W27,0,0,0.0,,0,1,121,,,0,,22,0,0,1
tn,2022,27,2022-W27,0,0,0.0,,0,1,121,,,0,,22,0,0,1
tx,2022,27,2022-W27,0,0,0.0,,0,1,121,,,0,,22,0,0,1
ut,2022,27,2022-W27,0,0,0.0,,0,1,121,,,0,,22,0,0,1
va,2022,27,2022-W27,0,0,0.0,,0,1,121,,,0,,22,0,0,1
vt,2022,27,2022-W27,0,0,0.0,,0,1,121,,,0,,22,0,0,1
wa,2022,27,2022-W27,0,0,0.0,,0,1,121,,,0,,22,0,0,1
wi,2022,27,2022-W27,0,0,0.0,,0,1,121,,,0,,22,0,0,1
wv,2022,27,2022-W27,0,0,0.0,,0,1,121,,,0,,22,0,0,1
wy,2022,27,2022-W27,0,0,0.0,,0,1,121,,,0,,22,0,0,1
ak,2022,28,2022-W28,0,0,0.0,,0,1,121,,,0,,18,0,0,1
al,2022,28,2022-W28,0,0,0.0,,0,1,121,,,0,,18,0,0,1
ar,2022,28,2022-W28,0,0,0.0,,0,1,121,,,0,,18,0,0,1
ca,2022,28,2022-W28,0,0,0.0,,0,1,121,,,0,,18,0,0,1
co,2022,28,2022-W28,0,0,0.0,,0,1,121,,,0,,18,0,0,1
ct,2022,28,2022-W28,0,0,0.0,,0,1,121,,,0,,18,0,0,1
dc,2022,28,2022-W28,0,0,0.0,,0,1,121,,,0,,18,0,0,1
de,2022,28,2022-W28,0,0,0.0,,0,1,121,,,0,,18,0,0,1
fl,2022,28,2022-W28,0,0,0.0,,0,1,121,,,0,,18,0,0,1
ga,2022,28,2022-W28,0,0,0.0,,0,1,121,,,0,,18,0,0,1
gu,2022,28,2022-W28,0,0,0.0,,0,1,121,,,0,,18,0,0,1
hi,2022,28,2022-W28,0,0,0.0,,0,1,121,,,0,,18,0,0,1
ia,2022,28,2022-W28,0,0,0.0,,0,1,121,,,0,,18,0,0,1
id,2022,28,2022-W28,0,0,0.0,,0,1,121,,,0,,18,0,0,1
il,2022,28,2022-W28,0,0,0.0,,0,1,121,,,0,,18,0,0,1
in,2022,28,2022-W28,0,0,0.0,,0,1,121,,,0,,18,0,0,1
ks,2022,28,2022-W28,0,0,0.0,,0,1,121,,,0,,18,0,0,1
ky,2022,28,2022-W28,0,0,0.0,,0,1,121,,,0,,18,0,0,1
la,2022,28,2022-W28,0,0,0.0,,0,1,121,,,0,,18,0,0,1
ma,2022,28,2022-W28,0,0,0.0,,0,1,121,,,0,,18,0,0,1
md,2022,28,2022-W28,0,0,0.0,,0,1,121,,,0,,18,0,0,1
me,2022,28,2022-W28,0,0,0.0,,0,1,121,,,0,,18,0,0,1
mi,2022,28,2022-W28,0,0,0.0,,0,1,121,,,0,,18,0,0,1
mn,2022,28,2022-W28,0,0,0.0,,0,1,121,,,0,,18,0,0,1
mo,2022,28,2022-W28,0,0,0.0,,0,1,121,,,0,,18,0,0,1
ms,2022,28,2022-W28,0,0,0.0,,0,1,121,,,0,,18,0,0,1
mt,2022,28,2022-W28,0,0,0.0,,0,1,121,,,0,,18,0,0,1
nc,2022,28,2022-W28,0,0,0.0,,0,1,121,,,0,,18,0,0,1
ne,2022,28,2022-W28,0,0,0.0,,0,1,121,,,0,,18,0,0,1
nh,2022,28,2022-W28,0,0,0.0,,0,1,121,,,0,,18,0,0,1
nj,2022,28,2022-W28,0,0,0.0,,0,1,121,,,0,,18,0,0,1
nm,2022,28,2022-W28,0,0,0.0,,0,1,121,,,0,,18,0,0,1
nv,2022,28,2022-W28,0,0,0.0,,0,1,121,,,0,,18,0,0,1
ny,2022,28,2022-W28,0,0,0.0,,0,1,121,,,0,,18,0,0,1
oh,2022,28,2022-W28,0,0,0.0,,0,1,121,,,0,,18,0,0,1
ok,2022,28,2022-W28,0,0,0.0,,0,1,121,,,0,,18,0,0,1
or,2022,28,2022-W28,0,0,0.0,,0,1,121,,,0,,18,0,0,1
pa,2022,28,2022-W28,0,0,0.0,,0,1,121,,,0,,18,0,0,1
ri,2022,28,2022-W28,0,0,0.0,,0,1,121,,,0,,18,0,0,1
sc,2022,28,2022-W28,0,0,0.0,,0,1,121,,,0,,18,0,0,1
sd,2022,28,2022-W28,0,0,0.0,,0,1,121,,,0,,18,0,0,1
tn,2022,28,2022-W28,0,0,0.0,,0,1,121,,,0,,18,0,0,1
tx,2022,28,2022-W28,0,0,0.0,,0,1,121,,,0,,18,0,0,1
ut,2022,28,2022-W28,0,0,0.0,,0,1,121,,,0,,18,0,0,1
va,2022,28,2022-W28,0,0,0.0,,0,1,121,,,0,,18,0,0,1
vt,2022,28,2022-W28,0,0,0.0,,0,1,121,,,0,,18,0,0,1
wa,2022,28,2022-W28,0,0,0.0,,0,1,121,,,0,,18,0,0,1
wi,2022,28,2022-W28,0,0,0.0,,0,1,121,,,0,,18,0,0,1
wv,2022,28,2022-W28,0,0,0.0,,0,1,121,,,0,,18,0,0,1
wy,2022,28,2022-W28,0,0,0.0,,0,1,121,,,0,,18,0,0,1
ak,2022,29,2022-W29,0,0,0.0,,0,2,121,,,0,,23,0,0,1
al,2022,29,2022-W29,0,0,0.0,,0,2,121,,,0,,23,0,0,1
ar,2022,29,2022-W29,0,0,0.0,,0,2,121,,,0,,23,0,0,1
ca,2022,29,2022-W29,0,0,0.0,,0,2,121,,,0,,23,0,0,1
co,2022,29,2022-W29,0,0,0.0,,0,2,121,,,0,,23,0,0,1
ct,2022,29,2022-W29,0,0,0.0,,0,2,121,,,0,,23,0,0,1
dc,2022,29,2022-W29,0,0,0.0,,0,2,121,,,0,,23,0,0,1
de,2022,29,2022-W29,0,0,0.0,,0,2,121,,,0,,23,0,0,1
fl,2022,29,2022-W29,0,0,0.0,,0,2,121,,,0,,23,0,0,1
ga,2022,29,2022-W29,0,0,0.0,,0,2,121,,,0,,23,0,0,1
gu,2022,29,2022-W29,0,0,0.0,,0,2,121,,,0,,23,0,0,1
hi,2022,29,2022-W29,0,0,0.0,,0,2,121,,,0,,23,0,0,1
ia,2022,29,2022-W29,0,0,0.0,,0,2,121,,,0,,23,0,0,1
id,2022,29,2022-W29,0,0,0.0,,0,2,121,,,0,,23,0,0,1
il,2022,29,2022-W29,0,0,0.0,,0,2,121,,,0,,23,0,0,1
in,2022,29,2022-W29,0,0,0.0,,0,2,121,,,0,,23,0,0,1
ks,2022,29,2022-W29,0,0,0.0,,0,2,121,,,0,,23,0,0,1
ky,2022,29,2022-W29,0,0,0.0,,0,2,121,,,0,,23,0,0,1
la,2022,29,2022-W29,0,0,0.0,,0,2,121,,,0,,23,0,0,1
ma,2022,29,2022-W29,0,0,0.0,,0,2,121,,,0,,23,0,0,1
md,2022,29,2022-W29,0,0,0.0,,0,2,121,,,0,,23,0,0,1
me,2022,29,2022-W29,0,0,0.0,,0,2,121,,,0,,23,0,0,1
mi,2022,29,2022-W29,0,0,0.0,,0,2,121,,,0,,23,0,0,1
mn,2022,29,2022-W29,0,0,0.0,,0,2,121,,,0,,23,0,0,1
mo,2022,29,2022-W29,0,0,0.0,,0,2,121,,,0,,23,0,0,1
ms,2022,29,2022-W29,0,0,0.0,,0,2,121,,,0,,23,0,0,1
mt,2022,29,2022-W29,0,0,0.0,,0,2,121,,,0,,23,0,0,1
nc,2022,29,2022-W29,0,0,0.0,,0,2,121,,,0,,23,0,0,1
ne,2022,29,2022-W29,0,0,0.0,,0,2,121,,,0,,23,0,0,1
nh,2022,29,2022-W29,0,0,0.0,,0,2,121,,,0,,23,0,0,1
nj,2022,29,2022-W29,0,0,0.0,,0,2,121,,,0,,23,0,0,1
nm,2022,29,2022-W29,0,0,0.0,,0,2,121,,,0,,23,0,0,1
nv,2022,29,2022-W29,0,0,0.0,,0,2,121,,,0,,23,0,0,1
ny,2022,29,2022-W29,0,0,0.0,,0,2,121,,,0,,23,0,0,1
oh,2022,29,2022-W29,0,0,0.0,,0,2,121,,,0,,23,0,0,1
ok,2022,29,2022-W29,0,0,0.0,,0,2,121,,,0,,23,0,0,1
or,2022,29,2022-W29,0,0,0.0,,0,2,121,,,0,,23,0,0,1
pa,2022,29,2022-W29,0,0,0.0,,0,2,121,,,0,,23,0,0,1
ri,2022,29,2022-W29,0,0,0.0,,0,2,121,,,0,,23,0,0,1
sc,2022,29,2022-W29,0,0,0.0,,0,2,121,,,0,,23,0,0,1
sd,2022,29,2022-W29,0,0,0.0,,0,2,121,,,0,,23,0,0,1
tn,2022,29,2022-W29,0,0,0.0,,0,2,121,,,0,,23,0,0,1
tx,2022,29,2022-W29,0,0,0.0,,0,2,121,,,0,,23,0,0,1
ut,2022,29,2022-W29,0,0,0.0,,0,2,121,,,0,,23,0,0,1
va,2022,29,2022-W29,0,0,0.0,,0,2,121,,,0,,23,0,0,1
vt,2022,29,2022-W29,0,0,0.0,,0,2,121,,,0,,23,0,0,1
wa,2022,29,2022-W29,0,0,0.0,,0,2,121,,,0,,23,0,0,1
wi,2022,29,2022-W29,0,0,0.0,,0,2,121,,,0,,23,0,0,1
wv,2022,29,2022-W29,0,0,0.0,,0,2,121,,,0,,23,0,0,1
wy,2022,29,2022-W29,0,0,0.0,,0,2,121,,,0,,23,0,0,1
ak,2022,30,2022-W30,0,0,0.0,,0,3,121,,,0,,22,0,0,1
al,2022,30,2022-W30,0,0,0.0,,0,3,121,,,0,,22,0,0,1
ar,2022,30,2022-W30,0,0,0.0,,0,3,121,,,0,,22,0,0,1
ca,2022,30,2022-W30,0,0,0.0,,0,3,121,,,0,,22,0,0,1
co,2022,30,2022-W30,0,0,0.0,,0,3,121,,,0,,22,0,0,1
ct,2022,30,2022-W30,0,0,0.0,,0,3,121,,,0,,22,0,0,1
dc,2022,30,2022-W30,0,0,0.0,,0,3,121,,,0,,22,0,0,1
de,2022,30,2022-W30,0,0,0.0,,0,3,121,,,0,,22,0,0,1
fl,2022,30,2022-W30,0,0,0.0,,0,3,121,,,0,,22,0,0,1
ga,2022,30,2022-W30,0,0,0.0,,0,3,121,,,0,,22,0,0,1
gu,2022,30,2022-W30,0,0,0.0,,0,3,121,,,0,,22,0,0,1
hi,2022,30,2022-W30,0,0,0.0,,0,3,121,,,0,,22,0,0,1
ia,2022,30,2022-W30,0,0,0.0,,0,3,121,,,0,,22,0,0,1
id,2022,30,2022-W30,0,0,0.0,,0,3,121,,,0,,22,0,0,1
il,2022,30,2022-W30,0,0,0.0,,0,3,121,,,0,,22,0,0,1
in,2022,30,2022-W30,0,0,0.0,,0,3,121,,,0,,22,0,0,1
ks,2022,30,2022-W30,0,0,0.0,,0,3,121,,,0,,22,0,0,1
ky,2022,30,2022-W30,0,0,0.0,,0,3,121,,,0,,22,0,0,1
la,2022,30,2022-W30,0,0,0.0,,0,3,121,,,0,,22,0,0,1
ma,2022,30,2022-W30,0,0,0.0,,0,3,121,,,0,,22,0,0,1
md,2022,30,2022-W30,0,0,0.0,,0,3,121,,,0,,22,0,0,1
me,2022,30,2022-W30,0,0,0.0,,0,3,121,,,0,,22,0,0,1
mi,2022,30,2022-W30,0,0,0.0,,0,3,121,,,0,,22,0,0,1
mn,2022,30,2022-W30,0,0,0.0,,0,3,121,,,0,,22,0,0,1
mo,2022,30,2022-W30,0,0,0.0,,0,3,121,,,0,,22,0,0,1
ms,2022,30,2022-W30,0,0,0.0,,0,3,121,,,0,,22,0,0,1
mt,2022,30,2022-W30,0,0,0.0,,0,3,121,,,0,,22,0,0,1
nc,2022,30,2022-W30,0,0,0.0,,0,3,121,,,0,,22,0,0,1
ne,2022,30,2022-W30,0,0,0.0,,0,3,121,,,0,,22,0,0,1
nh,2022,30,2022-W30,0,0,0.0,,0,3,121,,,0,,22,0,0,1
nj,2022,30,2022-W30,0,0,0.0,,0,3,121,,,0,,22,0,0,1
nm,2022,30,2022-W30,0,0,0.0,,0,3,121,,,0,,22,0,0,1
nv,2022,30,2022-W30,0,0,0.0,,0,3,121,,,0,,22,0,0,1
ny,2022,30,2022-W30,0,0,0.0,,0,3,121,,,0,,22,0,0,1
oh,2022,30,2022-W30,0,0,0.0,,0,3,121,,,0,,22,0,0,1
ok,2022,30,2022-W30,0,0,0.0,,0,3,121,,,0,,22,0,0,1
or,2022,30,2022-W30,0,0,0.0,,0,3,121,,,0,,22,0,0,1
pa,2022,30,2022-W30,0,0,0.0,,0,3,121,,,0,,22,0,0,1
ri,2022,30,2022-W30,0,0,0.0,,0,3,121,,,0,,22,0,0,1
sc,2022,30,2022-W30,0,0,0.0,,0,3,121,,,0,,22,0,0,1
sd,2022,30,2022-W30,0,0,0.0,,0,3,121,,,0,,22,0,0,1
tn,2022,30,2022-W30,0,0,0.0,,0,3,121,,,0,,22,0,0,1
tx,2022,30,2022-W30,0,0,0.0,,0,3,121,,,0,,22,0,0,1
ut,2022,30,2022-W30,0,0,0.0,,0,3,121,,,0,,22,0,0,1
va,2022,30,2022-W30,0,0,0.0,,0,3,121,,,0,,22,0,0,1
vt,2022,30,2022-W30,0,0,0.0,,0,3,121,,,0,,22,0,0,1
wa,2022,30,2022-W30,0,0,0.0,,0,3,121,,,0,,22,0,0,1
wi,2022,30,2022-W30,0,0,0.0,,0,3,121,,,0,,22,0,0,1
wv,2022,30,2022-W30,0,0,0.0,,0,3,121,,,0,,22,0,0,1
wy,2022,30,2022-W30,0,0,0.0,,0,3,121,,,0,,22,0,0,1
ak,2022,31,2022-W31,0,0,0.0,,0,1,121,,,0,,19,0,0,1
al,2022,31,2022-W31,0,0,0.0,,0,1,121,,,0,,19,0,0,1
ar,2022,31,2022-W31,0,0,0.0,,0,1,121,,,0,,19,0,0,1
ca,2022,31,2022-W31,0,0,0.0,,0,1,121,,,0,,19,0,0,1
co,2022,31,2022-W31,0,0,0.0,,0,1,121,,,0,,19,0,0,1
ct,2022,31,2022-W31,0,0,0.0,,0,1,121,,,0,,19,0,0,1
dc,2022,31,2022-W31,0,0,0.0,,0,1,121,,,0,,19,0,0,1
de,2022,31,2022-W31,0,0,0.0,,0,1,121,,,0,,19,0,0,1
fl,2022,31,2022-W31,0,0,0.0,,0,1,121,,,0,,19,0,0,1
ga,2022,31,2022-W31,0,0,0.0,,0,1,121,,,0,,19,0,0,1
gu,2022,31,2022-W31,0,0,0.0,,0,1,121,,,0,,19,0,0,1
hi,2022,31,2022-W31,0,0,0.0,,0,1,121,,,0,,19,0,0,1
ia,2022,31,2022-W31,0,0,0.0,,0,1,121,,,0,,19,0,0,1
id,2022,31,2022-W31,0,0,0.0,,0,1,121,,,0,,19,0,0,1
il,2022,31,2022-W31,0,0,0.0,,0,1,121,,,0,,19,0,0,1
in,2022,31,2022-W31,0,0,0.0,,0,1,121,,,0,,19,0,0,1
ks,2022,31,2022-W31,0,0,0.0,,0,1,121,,,0,,19,0,0,1
ky,2022,31,2022-W31,0,0,0.0,,0,1,121,,,0,,19,0,0,1
la,2022,31,2022-W31,0,0,0.0,,0,1,121,,,0,,19,0,0,1
ma,2022,31,2022-W31,0,0,0.0,,0,1,121,,,0,,19,0,0,1
md,2022,31,2022-W31,0,0,0.0,,0,1,121,,,0,,19,0,0,1
me,2022,31,2022-W31,0,0,0.0,,0,1,121,,,0,,19,0,0,1
mi,2022,31,2022-W31,0,0,0.0,,0,1,121,,,0,,19,0,0,1
mn,2022,31,2022-W31,0,0,0.0,,0,1,121,,,0,,19,0,0,1
mo,2022,31,2022-W31,0,0,0.0,,0,1,121,,,0,,19,0,0,1
ms,2022,31,2022-W31,0,0,0.0,,0,1,121,,,0,,19,0,0,1
mt,2022,31,2022-W31,0,0,0.0,,0,1,121,,,0,,19,0,0,1
nc,2022,31,2022-W31,0,0,0.0,,0,1,121,,,0,,19,0,0,1
ne,2022,31,2022-W31,0,0,0.0,,0,1,121,,,0,,19,0,0,1
nh,2022,31,2022-W31,0,0,0.0,,0,1,121,,,0,,19,0,0,1
nj,2022,31,2022-W31,0,0,0.0,,0,1,121,,,0,,19,0,0,1
nm,2022,31,2022-W31,0,0,0.0,,0,1,121,,,0,,19,0,0,1
nv,2022,31,2022-W31,0,0,0.0,,0,1,121,,,0,,19,0,0,1
ny,2022,31,2022-W31,0,0,0.0,,0,1,121,,,0,,19,0,0,1
oh,2022,31,2022-W31,0,0,0.0,,0,1,121,,,0,,19,0,0,1
ok,2022,31,2022-W31,0,0,0.0,,0,1,121,,,0,,19,0,0,1
or,2022,31,2022-W31,0,0,0.0,,0,1,121,,,0,,19,0,0,1
pa,2022,31,2022-W31,0,0,0.0,,0,1,121,,,0,,19,0,0,1
ri,2022,31,2022-W31,0,0,0.0,,0,1,121,,,0,,19,0,0,1
sc,2022,31,2022-W31,0,0,0.0,,0,1,121,,,0,,19,0,0,1
sd,2022,31,2022-W31,0,0,0.0,,0,1,121,,,0,,19,0,0,1
tn,2022,31,2022-W31,0,0,0.0,,0,1,121,,,0,,19,0,0,1
tx,2022,31,2022-W31,0,0,0.0,,0,1,121,,,0,,19,0,0,1
ut,2022,31,2022-W31,0,0,0.0,,0,1,121,,,0,,19,0,0,1
va,2022,31,2022-W31,0,0,0.0,,0,1,121,,,0,,19,0,0,1
vt,2022,31,2022-W31,0,0,0.0,,0,1,121,,,0,,19,0,0,1
wa,2022,31,2022-W31,0,0,0.0,,0,1,121,,,0,,19,0,0,1
wi,2022,31,2022-W31,0,0,0.0,,0,1,121,,,0,,19,0,0,1
wv,2022,31,2022-W31,0,0,0.0,,0,1,121,,,0,,19,0,0,1
wy,2022,31,2022-W31,0,0,0.0,,0,1,121,,,0,,19,0,0,1
ak,2022,32,2022-W32,0,0,0.0,,0,5,121,,,0,,15,0,0,1
al,2022,32,2022-W32,0,0,0.0,,0,5,121,,,0,,15,0,0,1
ar,2022,32,2022-W32,0,0,0.0,,0,5,121,,,0,,15,0,0,1
ca,2022,32,2022-W32,0,0,0.0,,0,5,121,,,0,,15,0,0,1
co,2022,32,2022-W32,0,0,0.0,,0,5,121,,,0,,15,0,0,1
ct,2022,32,2022-W32,0,0,0.0,,0,5,121,,,0,,15,0,0,1
dc,2022,32,2022-W32,0,0,0.0,,0,5,121,,,0,,15,0,0,1
de,2022,32,2022-W32,0,0,0.0,,0,5,121,,,0,,15,0,0,1
fl,2022,32,2022-W32,0,0,0.0,,0,5,121,,,0,,15,0,0,1
ga,2022,32,2022-W32,0,0,0.0,,0,5,121,,,0,,15,0,0,1
gu,2022,32,2022-W32,0,0,0.0,,0,5,121,,,0,,15,0,0,1
hi,2022,32,2022-W32,0,0,0.0,,0,5,121,,,0,,15,0,0,1
ia,2022,32,2022-W32,0,0,0.0,,0,5,121,,,0,,15,0,0,1
id,2022,32,2022-W32,0,0,0.0,,0,5,121,,,0,,15,0,0,1
il,2022,32,2022-W32,0,0,0.0,,0,5,121,,,0,,15,0,0,1
in,2022,32,2022-W32,0,0,0.0,,0,5,121,,,0,,15,0,0,1
ks,2022,32,2022-W32,0,0,0.0,,0,5,121,,,0,,15,0,0,1
ky,2022,32,2022-W32,0,0,0.0,,0,5,121,,,0,,15,0,0,1
la,2022,32,2022-W32,0,0,0.0,,0,5,121,,,0,,15,0,0,1
ma,2022,32,2022-W32,0,0,0.0,,0,5,121,,,0,,15,0,0,1
md,2022,32,2022-W32,0,0,0.0,,0,5,121,,,0,,15,0,0,1
me,2022,32,2022-W32,0,0,0.0,,0,5,121,,,0,,15,0,0,1
mi,2022,32,2022-W32,0,0,0.0,,0,5,121,,,0,,15,0,0,1
mn,2022,32,2022-W32,0,0,0.0,,0,5,121,,,0,,15,0,0,1
mo,2022,32,2022-W32,0,0,0.0,,0,5,121,,,0,,15,0,0,1
ms,2022,32,2022-W32,0,0,0.0,,0,5,121,,,0,,15,0,0,1
mt,2022,32,2022-W32,0,0,0.0,,0,5,121,,,0,,15,0,0,1
nc,2022,32,2022-W32,0,0,0.0,,0,5,121,,,0,,15,0,0,1
ne,2022,32,2022-W32,0,0,0.0,,0,5,121,,,0,,15,0,0,1
nh,2022,32,2022-W32,0,0,0.0,,0,5,121,,,0,,15,0,0,1
nj,2022,32,2022-W32,0,0,0.0,,0,5,121,,,0,,15,0,0,1
nm,2022,32,2022-W32,0,0,0.0,,0,5,121,,,0,,15,0,0,1
nv,2022,32,2022-W32,0,0,0.0,,0,5,121,,,0,,15,0,0,1
ny,2022,32,2022-W32,0,0,0.0,,0,5,121,,,0,,15,0,0,1
oh,2022,32,2022-W32,0,0,0.0,,0,5,121,,,0,,15,0,0,1
ok,2022,32,2022-W32,0,0,0.0,,0,5,121,,,0,,15,0,0,1
or,2022,32,2022-W32,0,0,0.0,,0,5,121,,,0,,15,0,0,1
pa,2022,32,2022-W32,0,0,0.0,,0,5,121,,,0,,15,0,0,1
ri,2022,32,2022-W32,0,0,0.0,,0,5,121,,,0,,15,0,0,1
sc,2022,32,2022-W32,0,0,0.0,,0,5,121,,,0,,15,0,0,1
sd,2022,32,2022-W32,0,0,0.0,,0,5,121,,,0,,15,0,0,1
tn,2022,32,2022-W32,0,0,0.0,,0,5,121,,,0,,15,0,0,1
tx,2022,32,2022-W32,0,0,0.0,,0,5,121,,,0,,15,0,0,1
ut,2022,32,2022-W32,0,0,0.0,,0,5,121,,,0,,15,0,0,1
va,2022,32,2022-W32,0,0,0.0,,0,5,121,,,0,,15,0,0,1
vt,2022,32,2022-W32,0,0,0.0,,0,5,121,,,0,,15,0,0,1
wa,2022,32,2022-W32,0,0,0.0,,0,5,121,,,0,,15,0,0,1
wi,2022,32,2022-W32,0,0,0.0,,0,5,121,,,0,,15,0,0,1
wv,2022,32,2022-W32,0,0,0.0,,0,5,121,,,0,,15,0,0,1
wy,2022,32,2022-W32,0,0,0.0,,0,5,121,,,0,,15,0,0,1
ak,2022,33,2022-W33,0,0,0.0,,0,0,121,,,0,,12,0,0,1
al,2022,33,2022-W33,0,0,0.0,,0,0,121,,,0,,12,0,0,1
ar,2022,33,2022-W33,0,0,0.0,,0,0,121,,,0,,12,0,0,1
ca,2022,33,2022-W33,0,0,0.0,,0,0,121,,,0,,12,0,0,1
co,2022,33,2022-W33,0,0,0.0,,0,0,121,,,0,,12,0,0,1
ct,2022,33,2022-W33,0,0,0.0,,0,0,121,,,0,,12,0,0,1
dc,2022,33,2022-W33,0,0,0.0,,0,0,121,,,0,,12,0,0,1
de,2022,33,2022-W33,0,0,0.0,,0,0,121,,,0,,12,0,0,1
fl,2022,33,2022-W33,0,0,0.0,,0,0,121,,,0,,12,0,0,1
ga,2022,33,2022-W33,0,0,0.0,,0,0,121,,,0,,12,0,0,1
gu,2022,33,2022-W33,0,0,0.0,,0,0,121,,,0,,12,0,0,1
hi,2022,33,2022-W33,0,0,0.0,,0,0,121,,,0,,12,0,0,1
ia,2022,33,2022-W33,0,0,0.0,,0,0,121,,,0,,12,0,0,1
id,2022,33,2022-W33,0,0,0.0,,0,0,121,,,0,,12,0,0,1
il,2022,33,2022-W33,0,0,0.0,,0,0,121,,,0,,12,0,0,1
in,2022,33,2022-W33,0,0,0.0,,0,0,121,,,0,,12,0,0,1
ks,2022,33,2022-W33,0,0,0.0,,0,0,121,,,0,,12,0,0,1
ky,2022,33,2022-W33,0,0,0.0,,0,0,121,,,0,,12,0,0,1
la,2022,33,2022-W33,0,0,0.0,,0,0,121,,,0,,12,0,0,1
ma,2022,33,2022-W33,0,0,0.0,,0,0,121,,,0,,12,0,0,1
md,2022,33,2022-W33,0,0,0.0,,0,0,121,,,0,,12,0,0,1
me,2022,33,2022-W33,0,0,0.0,,0,0,121,,,0,,12,0,0,1
mi,2022,33,2022-W33,0,0,0.0,,0,0,121,,,0,,12,0,0,1
mn,2022,33,2022-W33,0,0,0.0,,0,0,121,,,0,,12,0,0,1
mo,2022,33,2022-W33,0,0,0.0,,0,0,121,,,0,,12,0,0,1
ms,2022,33,2022-W33,0,0,0.0,,0,0,121,,,0,,12,0,0,1
mt,2022,33,2022-W33,0,0,0.0,,0,0,121,,,0,,12,0,0,1
nc,2022,33,2022-W33,0,0,0.0,,0,0,121,,,0,,12,0,0,1
ne,2022,33,2022-W33,0,0,0.0,,0,0,121,,,0,,12,0,0,1
nh,2022,33,2022-W33,0,0,0.0,,0,0,121,,,0,,12,0,0,1
nj,2022,33,2022-W33,0,0,0.0,,0,0,121,,,0,,12,0,0,1
nm,2022,33,2022-W33,0,0,0.0,,0,0,121,,,0,,12,0,0,1
nv,2022,33,2022-W33,0,0,0.0,,0,0,121,,,0,,12,0,0,1
ny,2022,33,2022-W33,0,0,0.0,,0,0,121,,,0,,12,0,0,1
oh,2022,33,2022-W33,0,0,0.0,,0,0,121,,,0,,12,0,0,1
ok,2022,33,2022-W33,0,0,0.0,,0,0,121,,,0,,12,0,0,1
or,2022,33,2022-W33,0,0,0.0,,0,0,121,,,0,,12,0,0,1
pa,2022,33,2022-W33,0,0,0.0,,0,0,121,,,0,,12,0,0,1
ri,2022,33,2022-W33,0,0,0.0,,0,0,121,,,0,,12,0,0,1
sc,2022,33,2022-W33,0,0,0.0,,0,0,121,,,0,,12,0,0,1
sd,2022,33,2022-W33,0,0,0.0,,0,0,121,,,0,,12,0,0,1
tn,2022,33,2022-W33,0,0,0.0,,0,0,121,,,0,,12,0,0,1
tx,2022,33,2022-W33,0,0,0.0,,0,0,121,,,0,,12,0,0,1
ut,2022,33,2022-W33,0,0,0.0,,0,0,121,,,0,,12,0,0,1
va,2022,33,2022-W33,0,0,0.0,,0,0,121,,,0,,12,0,0,1
vt,2022,33,2022-W33,0,0,0.0,,0,0,121,,,0,,12,0,0,1
wa,2022,33,2022-W33,0,0,0.0,,0,0,121,,,0,,12,0,0,1
wi,2022,33,2022-W33,0,0,0.0,,0,0,121,,,0,,12,0,0,1
wv,2022,33,2022-W33,0,0,0.0,,0,0,121,,,0,,12,0,0,1
wy,2022,33,2022-W33,0,0,0.0,,0,0,121,,,0,,12,0,0,1
ak,2022,34,2022-W34,0,0,0.0,,0,1,121,,,0,,17,0,0,1
al,2022,34,2022-W34,0,0,0.0,,0,1,121,,,0,,17,0,0,1
ar,2022,34,2022-W34,0,0,0.0,,0,1,121,,,0,,17,0,0,1
ca,2022,34,2022-W34,0,0,0.0,,0,1,121,,,0,,17,0,0,1
co,2022,34,2022-W34,0,0,0.0,,0,1,121,,,0,,17,0,0,1
ct,2022,34,2022-W34,0,0,0.0,,0,1,121,,,0,,17,0,0,1
dc,2022,34,2022-W34,0,0,0.0,,0,1,121,,,0,,17,0,0,1
de,2022,34,2022-W34,0,0,0.0,,0,1,121,,,0,,17,0,0,1
fl,2022,34,2022-W34,0,0,0.0,,0,1,121,,,0,,17,0,0,1
ga,2022,34,2022-W34,0,0,0.0,,0,1,121,,,0,,17,0,0,1
gu,2022,34,2022-W34,0,0,0.0,,0,1,121,,,0,,17,0,0,1
hi,2022,34,2022-W34,0,0,0.0,,0,1,121,,,0,,17,0,0,1
ia,2022,34,2022-W34,0,0,0.0,,0,1,121,,,0,,17,0,0,1
id,2022,34,2022-W34,0,0,0.0,,0,1,121,,,0,,17,0,0,1
il,2022,34,2022-W34,0,0,0.0,,0,1,121,,,0,,17,0,0,1
in,2022,34,2022-W34,0,0,0.0,,0,1,121,,,0,,17,0,0,1
ks,2022,34,2022-W34,0,0,0.0,,0,1,121,,,0,,17,0,0,1
ky,2022,34,2022-W34,0,0,0.0,,0,1,121,,,0,,17,0,0,1
la,2022,34,2022-W34,0,0,0.0,,0,1,121,,,0,,17,0,0,1
ma,2022,34,2022-W34,0,0,0.0,,0,1,121,,,0,,17,0,0,1
md,2022,34,2022-W34,0,0,0.0,,0,1,121,,,0,,17,0,0,1
me,2022,34,2022-W34,0,0,0.0,,0,1,121,,,0,,17,0,0,1
mi,2022,34,2022-W34,0,0,0.0,,0,1,121,,,0,,17,0,0,1
mn,2022,34,2022-W34,0,0,0.0,,0,1,121,,,0,,17,0,0,1
mo,2022,34,2022-W34,0,0,0.0,,0,1,121,,,0,,17,0,0,1
ms,2022,34,2022-W34,0,0,0.0,,0,1,121,,,0,,17,0,0,1
mt,2022,34,2022-W34,0,0,0.0,,0,1,121,,,0,,17,0,0,1
nc,2022,34,2022-W34,0,0,0.0,,0,1,121,,,0,,17,0,0,1
ne,2022,34,2022-W34,0,0,0.0,,0,1,121,,,0,,17,0,0,1
nh,2022,34,2022-W34,0,0,0.0,,0,1,121,,,0,,17,0,0,1
nj,2022,34,2022-W34,0,0,0.0,,0,1,121,,,0,,17,0,0,1
nm,2022,34,2022-W34,0,0,0.0,,0,1,121,,,0,,17,0,0,1
nv,2022,34,2022-W34,0,0,0.0,,0,1,121,,,0,,17,0,0,1
ny,2022,34,2022-W34,0,0,0.0,,0,1,121,,,0,,17,0,0,1
oh,2022,34,2022-W34,0,0,0.0,,0,1,121,,,0,,17,0,0,1
ok,2022,34,2022-W34,0,0,0.0,,0,1,121,,,0,,17,0,0,1
or,2022,34,2022-W34,0,0,0.0,,0,1,121,,,0,,17,0,0,1
pa,2022,34,2022-W34,0,0,0.0,,0,1,121,,,0,,17,0,0,1
ri,2022,34,2022-W34,0,0,0.0,,0,1,121,,,0,,17,0,0,1
sc,2022,34,2022-W34,0,0,0.0,,0,1,121,,,0,,17,0,0,1
sd,2022,34,2022-W34,0,0,0.0,,0,1,121,,,0,,17,0,0,1
tn,2022,34,2022-W34,0,0,0.0,,0,1,121,,,0,,17,0,0,1
tx,2022,34,2022-W34,0,0,0.0,,0,1,121,,,0,,17,0,0,1
ut,2022,34,2022-W34,0,0,0.0,,0,1,121,,,0,,17,0,0,1
va,2022,34,2022-W34,0,0,0.0,,0,1,121,,,0,,17,0,0,1
vt,2022,34,2022-W34,0,0,0.0,,0,1,121,,,0,,17,0,0,1
wa,2022,34,2022-W34,0,0,0.0,,0,1,121,,,0,,17,0,0,1
wi,2022,34,2022-W34,0,0,0.0,,0,1,121,,,0,,17,0,0,1
wv,2022,34,2022-W34,0,0,0.0,,0,1,121,,,0,,17,0,0,1
wy,2022,34,2022-W34,0,0,0.0,,0,1,121,,,0,,17,0,0,1
ak,2022,35,2022-W35,0,0,0.0,,0,3,121,,,0,,24,0,0,1
al,2022,35,2022-W35,0,0,0.0,,0,3,121,,,0,,24,0,0,1
ar,2022,35,2022-W35,0,0,0.0,,0,3,121,,,0,,24,0,0,1
ca,2022,35,2022-W35,0,0,0.0,,0,3,121,,,0,,24,0,0,1
co,2022,35,2022-W35,0,0,0.0,,0,3,121,,,0,,24,0,0,1
ct,2022,35,2022-W35,0,0,0.0,,0,3,121,,,0,,24,0,0,1
dc,2022,35,2022-W35,0,0,0.0,,0,3,121,,,0,,24,0,0,1
de,2022,35,2022-W35,0,0,0.0,,0,3,121,,,0,,24,0,0,1
fl,2022,35,2022-W35,0,0,0.0,,0,3,121,,,0,,24,0,0,1
ga,2022,35,2022-W35,0,0,0.0,,0,3,121,,,0,,24,0,0,1
gu,2022,35,2022-W35,0,0,0.0,,0,3,121,,,0,,24,0,0,1
hi,2022,35,2022-W35,0,0,0.0,,0,3,121,,,0,,24,0,0,1
ia,2022,35,2022-W35,0,0,0.0,,0,3,121,,,0,,24,0,0,1
id,2022,35,2022-W35,0,0,0.0,,0,3,121,,,0,,24,0,0,1
il,2022,35,2022-W35,0,0,0.0,,0,3,121,,,0,,24,0,0,1
in,2022,35,2022-W35,0,0,0.0,,0,3,121,,,0,,24,0,0,1
ks,2022,35,2022-W35,0,0,0.0,,0,3,121,,,0,,24,0,0,1
ky,2022,35,2022-W35,0,0,0.0,,0,3,121,,,0,,24,0,0,1
la,2022,35,2022-W35,0,0,0.0,,0,3,121,,,0,,24,0,0,1
ma,2022,35,2022-W35,0,0,0.0,,0,3,121,,,0,,24,0,0,1
md,2022,35,2022-W35,0,0,0.0,,0,3,121,,,0,,24,0,0,1
me,2022,35,2022-W35,0,0,0.0,,0,3,121,,,0,,24,0,0,1
mi,2022,35,2022-W35,0,0,0.0,,0,3,121,,,0,,24,0,0,1
mn,2022,35,2022-W35,0,0,0.0,,0,3,121,,,0,,24,0,0,1
mo,2022,35,2022-W35,0,0,0.0,,0,3,121,,,0,,24,0,0,1
ms,2022,35,2022-W35,0,0,0.0,,0,3,121,,,0,,24,0,0,1
mt,2022,35,2022-W35,0,0,0.0,,0,3,121,,,0,,24,0,0,1
nc,2022,35,2022-W35,0,0,0.0,,0,3,121,,,0,,24,0,0,1
ne,2022,35,2022-W35,0,0,0.0,,0,3,121,,,0,,24,0,0,1
nh,2022,35,2022-W35,0,0,0.0,,0,3,121,,,0,,24,0,0,1
nj,2022,35,2022-W35,0,0,0.0,,0,3,121,,,0,,24,0,0,1
nm,2022,35,2022-W35,0,0,0.0,,0,3,121,,,0,,24,0,0,1
nv,2022,35,2022-W35,0,0,0.0,,0,3,121,,,0,,24,0,0,1
ny,2022,35,2022-W35,0,0,0.0,,0,3,121,,,0,,24,0,0,1
oh,2022,35,2022-W35,0,0,0.0,,0,3,121,,,0,,24,0,0,1
ok,2022,35,2022-W35,0,0,0.0,,0,3,121,,,0,,24,0,0,1
or,2022,35,2022-W35,0,0,0.0,,0,3,121,,,0,,24,0,0,1
pa,2022,35,2022-W35,0,0,0.0,,0,3,121,,,0,,24,0,0,1
ri,2022,35,2022-W35,0,0,0.0,,0,3,121,,,0,,24,0,0,1
sc,2022,35,2022-W35,0,0,0.0,,0,3,121,,,0,,24,0,0,1
sd,2022,35,2022-W35,0,0,0.0,,0,3,121,,,0,,24,0,0,1
tn,2022,35,2022-W35,0,0,0.0,,0,3,121,,,0,,24,0,0,1
tx,2022,35,2022-W35,0,0,0.0,,0,3,121,,,0,,24,0,0,1
ut,2022,35,2022-W35,0,0,0.0,,0,3,121,,,0,,24,0,0,1
va,2022,35,2022-W35,0,0,0.0,,0,3,121,,,0,,24,0,0,1
vt,2022,35,2022-W35,0,0,0.0,,0,3,121,,,0,,24,0,0,1
wa,2022,35,2022-W35,0,0,0.0,,0,3,121,,,0,,24,0,0,1
wi,2022,35,2022-W35,0,0,0.0,,0,3,121,,,0,,24,0,0,1
wv,2022,35,2022-W35,0,0,0.0,,0,3,121,,,0,,24,0,0,1
wy,2022,35,2022-W35,0,0,0.0,,0,3,121,,,0,,24,0,0,1
ak,2022,36,2022-W36,0,0,0.0,,0,1,121,,,0,,21,0,0,1
al,2022,36,2022-W36,0,0,0.0,,0,1,121,,,0,,21,0,0,1
ar,2022,36,2022-W36,0,0,0.0,,0,1,121,,,0,,21,0,0,1
ca,2022,36,2022-W36,0,0,0.0,,0,1,121,,,0,,21,0,0,1
co,2022,36,2022-W36,0,0,0.0,,0,1,121,,,0,,21,0,0,1
ct,2022,36,2022-W36,0,0,0.0,,0,1,121,,,0,,21,0,0,1
dc,2022,36,2022-W36,0,0,0.0,,0,1,121,,,0,,21,0,0,1
de,2022,36,2022-W36,0,0,0.0,,0,1,121,,,0,,21,0,0,1
fl,2022,36,2022-W36,0,0,0.0,,0,1,121,,,0,,21,0,0,1
ga,2022,36,2022-W36,0,0,0.0,,0,1,121,,,0,,21,0,0,1
gu,2022,36,2022-W36,0,0,0.0,,0,1,121,,,0,,21,0,0,1
hi,2022,36,2022-W36,0,0,0.0,,0,1,121,,,0,,21,0,0,1
ia,2022,36,2022-W36,0,0,0.0,,0,1,121,,,0,,21,0,0,1
id,2022,36,2022-W36,0,0,0.0,,0,1,121,,,0,,21,0,0,1
il,2022,36,2022-W36,0,0,0.0,,0,1,121,,,0,,21,0,0,1
in,2022,36,2022-W36,0,0,0.0,,0,1,121,,,0,,21,0,0,1
ks,2022,36,2022-W36,0,0,0.0,,0,1,121,,,0,,21,0,0,1
ky,2022,36,2022-W36,0,0,0.0,,0,1,121,,,0,,21,0,0,1
la,2022,36,2022-W36,0,0,0.0,,0,1,121,,,0,,21,0,0,1
ma,2022,36,2022-W36,0,0,0.0,,0,1,121,,,0,,21,0,0,1
md,2022,36,2022-W36,0,0,0.0,,0,1,121,,,0,,21,0,0,1
me,2022,36,2022-W36,0,0,0.0,,0,1,121,,,0,,21,0,0,1
mi,2022,36,2022-W36,0,0,0.0,,0,1,121,,,0,,21,0,0,1
mn,2022,36,2022-W36,0,0,0.0,,0,1,121,,,0,,21,0,0,1
mo,2022,36,2022-W36,0,0,0.0,,0,1,121,,,0,,21,0,0,1
ms,2022,36,2022-W36,0,0,0.0,,0,1,121,,,0,,21,0,0,1
mt,2022,36,2022-W36,0,0,0.0,,0,1,121,,,0,,21,0,0,1
nc,2022,36,2022-W36,0,0,0.0,,0,1,121,,,0,,21,0,0,1
ne,2022,36,2022-W36,0,0,0.0,,0,1,121,,,0,,21,0,0,1
nh,2022,36,2022-W36,0,0,0.0,,0,1,121,,,0,,21,0,0,1
nj,2022,36,2022-W36,0,0,0.0,,0,1,121,,,0,,21,0,0,1
nm,2022,36,2022-W36,0,0,0.0,,0,1,121,,,0,,21,0,0,1
nv,2022,36,2022-W36,0,0,0.0,,0,1,121,,,0,,21,0,0,1
ny,2022,36,2022-W36,0,0,0.0,,0,1,121,,,0,,21,0,0,1
oh,2022,36,2022-W36,0,0,0.0,,0,1,121,,,0,,21,0,0,1
ok,2022,36,2022-W36,0,0,0.0,,0,1,121,,,0,,21,0,0,1
or,2022,36,2022-W36,0,0,0.0,,0,1,121,,,0,,21,0,0,1
pa,2022,36,2022-W36,0,0,0.0,,0,1,121,,,0,,21,0,0,1
ri,2022,36,2022-W36,0,0,0.0,,0,1,121,,,0,,21,0,0,1
sc,2022,36,2022-W36,0,0,0.0,,0,1,121,,,0,,21,0,0,1
sd,2022,36,2022-W36,0,0,0.0,,0,1,121,,,0,,21,0,0,1
tn,2022,36,2022-W36,0,0,0.0,,0,1,121,,,0,,21,0,0,1
tx,2022,36,2022-W36,0,0,0.0,,0,1,121,,,0,,21,0,0,1
ut,2022,36,2022-W36,0,0,0.0,,0,1,121,,,0,,21,0,0,1
va,2022,36,2022-W36,0,0,0.0,,0,1,121,,,0,,21,0,0,1
vt,2022,36,2022-W36,0,0,0.0,,0,1,121,,,0,,21,0,0,1
wa,2022,36,2022-W36,0,0,0.0,,0,1,121,,,0,,21,0,0,1
wi,2022,36,2022-W36,0,0,0.0,,0,1,121,,,0,,21,0,0,1
wv,2022,36,2022-W36,0,0,0.0,,0,1,121,,,0,,21,0,0,1
wy,2022,36,2022-W36,0,0,0.0,,0,1,121,,,0,,21,0,0,1
ak,2022,37,2022-W37,0,0,0.0,,0,1,121,,,0,,13,0,0,1
al,2022,37,2022-W37,0,0,0.0,,0,1,121,,,0,,13,0,0,1
ar,2022,37,2022-W37,0,0,0.0,,0,1,121,,,0,,13,0,0,1
ca,2022,37,2022-W37,0,0,0.0,,0,1,121,,,0,,13,0,0,1
co,2022,37,2022-W37,0,0,0.0,,0,1,121,,,0,,13,0,0,1
ct,2022,37,2022-W37,0,0,0.0,,0,1,121,,,0,,13,0,0,1
dc,2022,37,2022-W37,0,0,0.0,,0,1,121,,,0,,13,0,0,1
de,2022,37,2022-W37,0,0,0.0,,0,1,121,,,0,,13,0,0,1
fl,2022,37,2022-W37,0,0,0.0,,0,1,121,,,0,,13,0,0,1
ga,2022,37,2022-W37,0,0,0.0,,0,1,121,,,0,,13,0,0,1
gu,2022,37,2022-W37,0,0,0.0,,0,1,121,,,0,,13,0,0,1
hi,2022,37,2022-W37,0,0,0.0,,0,1,121,,,0,,13,0,0,1
ia,2022,37,2022-W37,0,0,0.0,,0,1,121,,,0,,13,0,0,1
id,2022,37,2022-W37,0,0,0.0,,0,1,121,,,0,,13,0,0,1
il,2022,37,2022-W37,0,0,0.0,,0,1,121,,,0,,13,0,0,1
in,2022,37,2022-W37,0,0,0.0,,0,1,121,,,0,,13,0,0,1
ks,2022,37,2022-W37,0,0,0.0,,0,1,121,,,0,,13,0,0,1
ky,2022,37,2022-W37,0,0,0.0,,0,1,121,,,0,,13,0,0,1
la,2022,37,2022-W37,0,0,0.0,,0,1,121,,,0,,13,0,0,1
ma,2022,37,2022-W37,0,0,0.0,,0,1,121,,,0,,13,0,0,1
md,2022,37,2022-W37,0,0,0.0,,0,1,121,,,0,,13,0,0,1
me,2022,37,2022-W37,0,0,0.0,,0,1,121,,,0,,13,0,0,1
mi,2022,37,2022-W37,0,0,0.0,,0,1,121,,,0,,13,0,0,1
mn,2022,37,2022-W37,0,0,0.0,,0,1,121,,,0,,13,0,0,1
mo,2022,37,2022-W37,0,0,0.0,,0,1,121,,,0,,13,0,0,1
ms,2022,37,2022-W37,0,0,0.0,,0,1,121,,,0,,13,0,0,1
mt,2022,37,2022-W37,0,0,0.0,,0,1,121,,,0,,13,0,0,1
nc,2022,37,2022-W37,0,0,0.0,,0,1,121,,,0,,13,0,0,1
ne,2022,37,2022-W37,0,0,0.0,,0,1,121,,,0,,13,0,0,1
nh,2022,37,2022-W37,0,0,0.0,,0,1,121,,,0,,13,0,0,1
nj,2022,37,2022-W37,0,0,0.0,,0,1,121,,,0,,13,0,0,1
nm,2022,37,2022-W37,0,0,0.0,,0,1,121,,,0,,13,0,0,1
nv,2022,37,2022-W37,0,0,0.0,,0,1,121,,,0,,13,0,0,1
ny,2022,37,2022-W37,0,0,0.0,,0,1,121,,,0,,13,0,0,1
oh,2022,37,2022-W37,0,0,0.0,,0,1,121,,,0,,13,0,0,1
ok,2022,37,2022-W37,0,0,0.0,,0,1,121,,,0,,13,0,0,1
or,2022,37,2022-W37,0,0,0.0,,0,1,121,,,0,,13,0,0,1
pa,2022,37,2022-W37,0,0,0.0,,0,1,121,,,0,,13,0,0,1
ri,2022,37,2022-W37,0,0,0.0,,0,1,121,,,0,,13,0,0,1
sc,2022,37,2022-W37,0,0,0.0,,0,1,121,,,0,,13,0,0,1
sd,2022,37,2022-W37,0,0,0.0,,0,1,121,,,0,,13,0,0,1
tn,2022,37,2022-W37,0,0,0.0,,0,1,121,,,0,,13,0,0,1
tx,2022,37,2022-W37,0,0,0.0,,0,1,121,,,0,,13,0,0,1
ut,2022,37,2022-W37,0,0,0.0,,0,1,121,,,0,,13,0,0,1
va,2022,37,2022-W37,0,0,0.0,,0,1,121,,,0,,13,0,0,1
vt,2022,37,2022-W37,0,0,0.0,,0,1,121,,,0,,13,0,0,1
wa,2022,37,2022-W37,0,0,0.0,,0,1,121,,,0,,13,0,0,1
wi,2022,37,2022-W37,0,0,0.0,,0,1,121,,,0,,13,0,0,1
wv,2022,37,2022-W37,0,0,0.0,,0,1,121,,,0,,13,0,0,1
wy,2022,37,2022-W37,0,0,0.0,,0,1,121,,,0,,13,0,0,1
ak,2022,38,2022-W38,0,0,0.0,,0,2,121,,,0,,20,0,0,1
al,2022,38,2022-W38,0,0,0.0,,0,2,121,,,0,,20,0,0,1
ar,2022,38,2022-W38,0,0,0.0,,0,2,121,,,0,,20,0,0,1
ca,2022,38,2022-W38,0,0,0.0,,0,2,121,,,0,,20,0,0,1
co,2022,38,2022-W38,0,0,0.0,,0,2,121,,,0,,20,0,0,1
ct,2022,38,2022-W38,0,0,0.0,,0,2,121,,,0,,20,0,0,1
dc,2022,38,2022-W38,0,0,0.0,,0,2,121,,,0,,20,0,0,1
de,2022,38,2022-W38,0,0,0.0,,0,2,121,,,0,,20,0,0,1
fl,2022,38,2022-W38,0,0,0.0,,0,2,121,,,0,,20,0,0,1
ga,2022,38,2022-W38,0,0,0.0,,0,2,121,,,0,,20,0,0,1
gu,2022,38,2022-W38,0,0,0.0,,0,2,121,,,0,,20,0,0,1
hi,2022,38,2022-W38,0,0,0.0,,0,2,121,,,0,,20,0,0,1
ia,2022,38,2022-W38,0,0,0.0,,0,2,121,,,0,,20,0,0,1
id,2022,38,2022-W38,0,0,0.0,,0,2,121,,,0,,20,0,0,1
il,2022,38,2022-W38,0,0,0.0,,0,2,121,,,0,,20,0,0,1
in,2022,38,2022-W38,0,0,0.0,,0,2,121,,,0,,20,0,0,1
ks,2022,38,2022-W38,0,0,0.0,,0,2,121,,,0,,20,0,0,1
ky,2022,38,2022-W38,0,0,0.0,,0,2,121,,,0,,20,0,0,1
la,2022,38,2022-W38,0,0,0.0,,0,2,121,,,0,,20,0,0,1
ma,2022,38,2022-W38,0,0,0.0,,0,2,121,,,0,,20,0,0,1
md,2022,38,2022-W38,0,0,0.0,,0,2,121,,,0,,20,0,0,1
me,2022,38,2022-W38,0,0,0.0,,0,2,121,,,0,,20,0,0,1
mi,2022,38,2022-W38,0,0,0.0,,0,2,121,,,0,,20,0,0,1
mn,2022,38,2022-W38,0,0,0.0,,0,2,121,,,0,,20,0,0,1
mo,2022,38,2022-W38,0,0,0.0,,0,2,121,,,0,,20,0,0,1
ms,2022,38,2022-W38,0,0,0.0,,0,2,121,,,0,,20,0,0,1
mt,2022,38,2022-W38,0,0,0.0,,0,2,121,,,0,,20,0,0,1
nc,2022,38,2022-W38,0,0,0.0,,0,2,121,,,0,,20,0,0,1
ne,2022,38,2022-W38,0,0,0.0,,0,2,121,,,0,,20,0,0,1
nh,2022,38,2022-W38,0,0,0.0,,0,2,121,,,0,,20,0,0,1
nj,2022,38,2022-W38,0,0,0.0,,0,2,121,,,0,,20,0,0,1
nm,2022,38,2022-W38,0,0,0.0,,0,2,121,,,0,,20,0,0,1
nv,2022,38,2022-W38,0,0,0.0,,0,2,121,,,0,,20,0,0,1
ny,2022,38,2022-W38,0,0,0.0,,0,2,121,,,0,,20,0,0,1
oh,2022,38,2022-W38,0,0,0.0,,0,2,121,,,0,,20,0,0,1
ok,2022,38,2022-W38,0,0,0.0,,0,2,121,,,0,,20,0,0,1
or,2022,38,2022-W38,0,0,0.0,,0,2,121,,,0,,20,0,0,1
pa,2022,38,2022-W38,0,0,0.0,,0,2,121,,,0,,20,0,0,1
ri,2022,38,2022-W38,0,0,0.0,,0,2,121,,,0,,20,0,0,1
sc,2022,38,2022-W38,0,0,0.0,,0,2,121,,,0,,20,0,0,1
sd,2022,38,2022-W38,0,0,0.0,,0,2,121,,,0,,20,0,0,1
tn,2022,38,2022-W38,0,0,0.0,,0,2,121,,,0,,20,0,0,1
tx,2022,38,2022-W38,0,0,0.0,,0,2,121,,,0,,20,0,0,1
ut,2022,38,2022-W38,0,0,0.0,,0,2,121,,,0,,20,0,0,1
va,2022,38,2022-W38,0,0,0.0,,0,2,121,,,0,,20,0,0,1
vt,2022,38,2022-W38,0,0,0.0,,0,2,121,,,0,,20,0,0,1
wa,2022,38,2022-W38,0,0,0.0,,0,2,121,,,0,,20,0,0,1
wi,2022,38,2022-W38,0,0,0.0,,0,2,121,,,0,,20,0,0,1
wv,2022,38,2022-W38,0,0,0.0,,0,2,121,,,0,,20,0,0,1
wy,2022,38,2022-W38,0,0,0.0,,0,2,121,,,0,,20,0,0,1
ak,2022,39,2022-W39,0,0,0.0,,0,1,121,,,0,,21,0,0,1
al,2022,39,2022-W39,0,0,0.0,,0,1,121,,,0,,21,0,0,1
ar,2022,39,2022-W39,0,0,0.0,,0,1,121,,,0,,21,0,0,1
ca,2022,39,2022-W39,0,0,0.0,,0,1,121,,,0,,21,0,0,1
co,2022,39,2022-W39,0,0,0.0,,0,1,121,,,0,,21,0,0,1
ct,2022,39,2022-W39,0,0,0.0,,0,1,121,,,0,,21,0,0,1
dc,2022,39,2022-W39,0,0,0.0,,0,1,121,,,0,,21,0,0,1
de,2022,39,2022-W39,0,0,0.0,,0,1,121,,,0,,21,0,0,1
fl,2022,39,2022-W39,0,0,0.0,,0,1,121,,,0,,21,0,0,1
ga,2022,39,2022-W39,0,0,0.0,,0,1,121,,,0,,21,0,0,1
gu,2022,39,2022-W39,0,0,0.0,,0,1,121,,,0,,21,0,0,1
hi,2022,39,2022-W39,0,0,0.0,,0,1,121,,,0,,21,0,0,1
ia,2022,39,2022-W39,0,0,0.0,,0,1,121,,,0,,21,0,0,1
id,2022,39,2022-W39,0,0,0.0,,0,1,121,,,0,,21,0,0,1
il,2022,39,2022-W39,0,0,0.0,,0,1,121,,,0,,21,0,0,1
in,2022,39,2022-W39,0,0,0.0,,0,1,121,,,0,,21,0,0,1
ks,2022,39,2022-W39,0,0,0.0,,0,1,121,,,0,,21,0,0,1
ky,2022,39,2022-W39,0,0,0.0,,0,1,121,,,0,,21,0,0,1
la,2022,39,2022-W39,0,0,0.0,,0,1,121,,,0,,21,0,0,1
ma,2022,39,2022-W39,0,0,0.0,,0,1,121,,,0,,21,0,0,1
md,2022,39,2022-W39,0,0,0.0,,0,1,121,,,0,,21,0,0,1
me,2022,39,2022-W39,0,0,0.0,,0,1,121,,,0,,21,0,0,1
mi,2022,39,2022-W39,0,0,0.0,,0,1,121,,,0,,21,0,0,1
mn,2022,39,2022-W39,0,0,0.0,,0,1,121,,,0,,21,0,0,1
mo,2022,39,2022-W39,0,0,0.0,,0,1,121,,,0,,21,0,0,1
ms,2022,39,2022-W39,0,0,0.0,,0,1,121,,,0,,21,0,0,1
mt,2022,39,2022-W39,0,0,0.0,,0,1,121,,,0,,21,0,0,1
nc,2022,39,2022-W39,0,0,0.0,,0,1,121,,,0,,21,0,0,1
ne,2022,39,2022-W39,0,0,0.0,,0,1,121,,,0,,21,0,0,1
nh,2022,39,2022-W39,0,0,0.0,,0,1,121,,,0,,21,0,0,1
nj,2022,39,2022-W39,0,0,0.0,,0,1,121,,,0,,21,0,0,1
nm,2022,39,2022-W39,0,0,0.0,,0,1,121,,,0,,21,0,0,1
nv,2022,39,2022-W39,0,0,0.0,,0,1,121,,,0,,21,0,0,1
ny,2022,39,2022-W39,0,0,0.0,,0,1,121,,,0,,21,0,0,1
oh,2022,39,2022-W39,0,0,0.0,,0,1,121,,,0,,21,0,0,1
ok,2022,39,2022-W39,0,0,0.0,,0,1,121,,,0,,21,0,0,1
or,2022,39,2022-W39,0,0,0.0,,0,1,121,,,0,,21,0,0,1
pa,2022,39,2022-W39,0,0,0.0,,0,1,121,,,0,,21,0,0,1
ri,2022,39,2022-W39,0,0,0.0,,0,1,121,,,0,,21,0,0,1
sc,2022,39,2022-W39,0,0,0.0,,0,1,121,,,0,,21,0,0,1
sd,2022,39,2022-W39,0,0,0.0,,0,1,121,,,0,,21,0,0,1
tn,2022,39,2022-W39,0,0,0.0,,0,1,121,,,0,,21,0,0,1
tx,2022,39,2022-W39,0,0,0.0,,0,1,121,,,0,,21,0,0,1
ut,2022,39,2022-W39,0,0,0.0,,0,1,121,,,0,,21,0,0,1
va,2022,39,2022-W39,0,0,0.0,,0,1,121,,,0,,21,0,0,1
vt,2022,39,2022-W39,0,0,0.0,,0,1,121,,,0,,21,0,0,1
wa,2022,39,2022-W39,0,0,0.0,,0,1,121,,,0,,21,0,0,1
wi,2022,39,2022-W39,0,0,0.0,,0,1,121,,,0,,21,0,0,1
wv,2022,39,2022-W39,0,0,0.0,,0,1,121,,,0,,21,0,0,1
wy,2022,39,2022-W39,0,0,0.0,,0,1,121,,,0,,21,0,0,1
ak,2022,40,2022-W40,0,0,0.0,,0,3,121,,,0,,15,0,0,1
al,2022,40,2022-W40,0,0,0.0,,0,3,121,,,0,,15,0,0,1
ar,2022,40,2022-W40,0,0,0.0,,0,3,121,,,0,,15,0,0,1
ca,2022,40,2022-W40,0,0,0.0,,0,3,121,,,0,,15,0,0,1
co,2022,40,2022-W40,0,0,0.0,,0,3,121,,,0,,15,0,0,1
ct,2022,40,2022-W40,0,0,0.0,,0,3,121,,,0,,15,0,0,1
dc,2022,40,2022-W40,0,0,0.0,,0,3,121,,,0,,15,0,0,1
de,2022,40,2022-W40,0,0,0.0,,0,3,121,,,0,,15,0,0,1
fl,2022,40,2022-W40,0,0,0.0,,0,3,121,,,0,,15,0,0,1
ga,2022,40,2022-W40,0,0,0.0,,0,3,121,,,0,,15,0,0,1
gu,2022,40,2022-W40,0,0,0.0,,0,3,121,,,0,,15,0,0,1
hi,2022,40,2022-W40,0,0,0.0,,0,3,121,,,0,,15,0,0,1
ia,2022,40,2022-W40,0,0,0.0,,0,3,121,,,0,,15,0,0,1
id,2022,40,2022-W40,0,0,0.0,,0,3,121,,,0,,15,0,0,1
il,2022,40,2022-W40,0,0,0.0,,0,3,121,,,0,,15,0,0,1
in,2022,40,2022-W40,0,0,0.0,,0,3,121,,,0,,15,0,0,1
ks,2022,40,2022-W40,0,0,0.0,,0,3,121,,,0,,15,0,0,1
ky,2022,40,2022-W40,0,0,0.0,,0,3,121,,,0,,15,0,0,1
la,2022,40,2022-W40,0,0,0.0,,0,3,121,,,0,,15,0,0,1
ma,2022,40,2022-W40,0,0,0.0,,0,3,121,,,0,,15,0,0,1
md,2022,40,2022-W40,0,0,0.0,,0,3,121,,,0,,15,0,0,1
me,2022,40,2022-W40,0,0,0.0,,0,3,121,,,0,,15,0,0,1
mi,2022,40,2022-W40,0,0,0.0,,0,3,121,,,0,,15,0,0,1
mn,2022,40,2022-W40,0,0,0.0,,0,3,121,,,0,,15,0,0,1
mo,2022,40,2022-W40,0,0,0.0,,0,3,121,,,0,,15,0,0,1
ms,2022,40,2022-W40,0,0,0.0,,0,3,121,,,0,,15,0,0,1
mt,2022,40,2022-W40,0,0,0.0,,0,3,121,,,0,,15,0,0,1
nc,2022,40,2022-W40,0,0,0.0,,0,3,121,,,0,,15,0,0,1
ne,2022,40,2022-W40,0,0,0.0,,0,3,121,,,0,,15,0,0,1
nh,2022,40,2022-W40,0,0,0.0,,0,3,121,,,0,,15,0,0,1
nj,2022,40,2022-W40,0,0,0.0,,0,3,121,,,0,,15,0,0,1
nm,2022,40,2022-W40,0,0,0.0,,0,3,121,,,0,,15,0,0,1
nv,2022,40,2022-W40,0,0,0.0,,0,3,121,,,0,,15,0,0,1
ny,2022,40,2022-W40,0,0,0.0,,0,3,121,,,0,,15,0,0,1
oh,2022,40,2022-W40,0,0,0.0,,0,3,121,,,0,,15,0,0,1
ok,2022,40,2022-W40,0,0,0.0,,0,3,121,,,0,,15,0,0,1
or,2022,40,2022-W40,0,0,0.0,,0,3,121,,,0,,15,0,0,1
pa,2022,40,2022-W40,0,0,0.0,,0,3,121,,,0,,15,0,0,1
ri,2022,40,2022-W40,0,0,0.0,,0,3,121,,,0,,15,0,0,1
sc,2022,40,2022-W40,0,0,0.0,,0,3,121,,,0,,15,0,0,1
sd,2022,40,2022-W40,0,0,0.0,,0,3,121,,,0,,15,0,0,1
tn,2022,40,2022-W40,0,0,0.0,,0,3,121,,,0,,15,0,0,1
tx,2022,40,2022-W40,0,0,0.0,,0,3,121,,,0,,15,0,0,1
ut,2022,40,2022-W40,0,0,0.0,,0,3,121,,,0,,15,0,0,1
va,2022,40,2022-W40,0,0,0.0,,0,3,121,,,0,,15,0,0,1
vt,2022,40,2022-W40,0,0,0.0,,0,3,121,,,0,,15,0,0,1
wa,2022,40,2022-W40,0,0,0.0,,0,3,121,,,0,,15,0,0,1
wi,2022,40,2022-W40,0,0,0.0,,0,3,121,,,0,,15,0,0,1
wv,2022,40,2022-W40,0,0,0.0,,0,3,121,,,0,,15,0,0,1
wy,2022,40,2022-W40,0,0,0.0,,0,3,121,,,0,,15,0,0,1
ak,2022,41,2022-W41,0,0,0.0,,0,2,121,,,0,,20,0,0,1
al,2022,41,2022-W41,0,0,0.0,,0,2,121,,,0,,20,0,0,1
ar,2022,41,2022-W41,0,0,0.0,,0,2,121,,,0,,20,0,0,1
ca,2022,41,2022-W41,0,0,0.0,,0,2,121,,,0,,20,0,0,1
co,2022,41,2022-W41,0,0,0.0,,0,2,121,,,0,,20,0,0,1
ct,2022,41,2022-W41,0,0,0.0,,0,2,121,,,0,,20,0,0,1
dc,2022,41,2022-W41,0,0,0.0,,0,2,121,,,0,,20,0,0,1
de,2022,41,2022-W41,0,0,0.0,,0,2,121,,,0,,20,0,0,1
fl,2022,41,2022-W41,0,0,0.0,,0,2,121,,,0,,20,0,0,1
ga,2022,41,2022-W41,0,0,0.0,,0,2,121,,,0,,20,0,0,1
gu,2022,41,2022-W41,0,0,0.0,,0,2,121,,,0,,20,0,0,1
hi,2022,41,2022-W41,0,0,0.0,,0,2,121,,,0,,20,0,0,1
ia,2022,41,2022-W41,0,0,0.0,,0,2,121,,,0,,20,0,0,1
id,2022,41,2022-W41,0,0,0.0,,0,2,121,,,0,,20,0,0,1
il,2022,41,2022-W41,0,0,0.0,,0,2,121,,,0,,20,0,0,1
in,2022,41,2022-W41,0,0,0.0,,0,2,121,,,0,,20,0,0,1
ks,2022,41,2022-W41,0,0,0.0,,0,2,121,,,0,,20,0,0,1
ky,2022,41,2022-W41,0,0,0.0,,0,2,121,,,0,,20,0,0,1
la,2022,41,2022-W41,0,0,0.0,,0,2,121,,,0,,20,0,0,1
ma,2022,41,2022-W41,0,0,0.0,,0,2,121,,,0,,20,0,0,1
md,2022,41,2022-W41,0,0,0.0,,0,2,121,,,0,,20,0,0,1
me,2022,41,2022-W41,0,0,0.0,,0,2,121,,,0,,20,0,0,1
mi,2022,41,2022-W41,0,0,0.0,,0,2,121,,,0,,20,0,0,1
mn,2022,41,2022-W41,0,0,0.0,,0,2,121,,,0,,20,0,0,1
mo,2022,41,2022-W41,0,0,0.0,,0,2,121,,,0,,20,0,0,1
ms,2022,41,2022-W41,0,0,0.0,,0,2,121,,,0,,20,0,0,1
mt,2022,41,2022-W41,0,0,0.0,,0,2,121,,,0,,20,0,0,1
nc,2022,41,2022-W41,0,0,0.0,,0,2,121,,,0,,20,0,0,1
ne,2022,41,2022-W41,0,0,0.0,,0,2,121,,,0,,20,0,0,1
nh,2022,41,2022-W41,0,0,0.0,,0,2,121,,,0,,20,0,0,1
nj,2022,41,2022-W41,0,0,0.0,,0,2,121,,,0,,20,0,0,1
nm,2022,41,2022-W41,0,0,0.0,,0,2,121,,,0,,20,0,0,1
nv,2022,41,2022-W41,0,0,0.0,,0,2,121,,,0,,20,0,0,1
ny,2022,41,2022-W41,0,0,0.0,,0,2,121,,,0,,20,0,0,1
oh,2022,41,2022-W41,0,0,0.0,,0,2,121,,,0,,20,0,0,1
ok,2022,41,2022-W41,0,0,0.0,,0,2,121,,,0,,20,0,0,1
or,2022,41,2022-W41,0,0,0.0,,0,2,121,,,0,,20,0,0,1
pa,2022,41,2022-W41,0,0,0.0,,0,2,121,,,0,,20,0,0,1
ri,2022,41,2022-W41,0,0,0.0,,0,2,121,,,0,,20,0,0,1
sc,2022,41,2022-W41,0,0,0.0,,0,2,121,,,0,,20,0,0,1
sd,2022,41,2022-W41,0,0,0.0,,0,2,121,,,0,,20,0,0,1
tn,2022,41,2022-W41,0,0,0.0,,0,2,121,,,0,,20,0,0,1
tx,2022,41,2022-W41,0,0,0.0,,0,2,121,,,0,,20,0,0,1
ut,2022,41,2022-W41,0,0,0.0,,0,2,121,,,0,,20,0,0,1
va,2022,41,2022-W41,0,0,0.0,,0,2,121,,,0,,20,0,0,1
vt,2022,41,2022-W41,0,0,0.0,,0,2,121,,,0,,20,0,0,1
wa,2022,41,2022-W41,0,0,0.0,,0,2,121,,,0,,20,0,0,1
wi,2022,41,2022-W41,0,0,0.0,,0,2,121,,,0,,20,0,0,1
wv,2022,41,2022-W41,0,0,0.0,,0,2,121,,,0,,20,0,0,1
wy,2022,41,2022-W41,0,0,0.0,,0,2,121,,,0,,20,0,0,1
ak,2022,42,2022-W42,0,0,0.0,,0,1,121,,,0,,20,0,0,1
al,2022,42,2022-W42,0,0,0.0,,0,1,121,,,0,,20,0,0,1
ar,2022,42,2022-W42,0,0,0.0,,0,1,121,,,0,,20,0,0,1
ca,2022,42,2022-W42,0,0,0.0,,0,1,121,,,0,,20,0,0,1
co,2022,42,2022-W42,0,0,0.0,,0,1,121,,,0,,20,0,0,1
ct,2022,42,2022-W42,0,0,0.0,,0,1,121,,,0,,20,0,0,1
dc,2022,42,2022-W42,0,0,0.0,,0,1,121,,,0,,20,0,0,1
de,2022,42,2022-W42,0,0,0.0,,0,1,121,,,0,,20,0,0,1
fl,2022,42,2022-W42,0,0,0.0,,0,1,121,,,0,,20,0,0,1
ga,2022,42,2022-W42,0,0,0.0,,0,1,121,,,0,,20,0,0,1
gu,2022,42,2022-W42,0,0,0.0,,0,1,121,,,0,,20,0,0,1
hi,2022,42,2022-W42,0,0,0.0,,0,1,121,,,0,,20,0,0,1
ia,2022,42,2022-W42,0,0,0.0,,0,1,121,,,0,,20,0,0,1
id,2022,42,2022-W42,0,0,0.0,,0,1,121,,,0,,20,0,0,1
il,2022,42,2022-W42,0,0,0.0,,0,1,121,,,0,,20,0,0,1
in,2022,42,2022-W42,0,0,0.0,,0,1,121,,,0,,20,0,0,1
ks,2022,42,2022-W42,0,0,0.0,,0,1,121,,,0,,20,0,0,1
ky,2022,42,2022-W42,0,0,0.0,,0,1,121,,,0,,20,0,0,1
la,2022,42,2022-W42,0,0,0.0,,0,1,121,,,0,,20,0,0,1
ma,2022,42,2022-W42,0,0,0.0,,0,1,121,,,0,,20,0,0,1
md,2022,42,2022-W42,0,0,0.0,,0,1,121,,,0,,20,0,0,1
me,2022,42,2022-W42,0,0,0.0,,0,1,121,,,0,,20,0,0,1
mi,2022,42,2022-W42,0,0,0.0,,0,1,121,,,0,,20,0,0,1
mn,2022,42,2022-W42,0,0,0.0,,0,1,121,,,0,,20,0,0,1
mo,2022,42,2022-W42,0,0,0.0,,0,1,121,,,0,,20,0,0,1
ms,2022,42,2022-W42,0,0,0.0,,0,1,121,,,0,,20,0,0,1
mt,2022,42,2022-W42,0,0,0.0,,0,1,121,,,0,,20,0,0,1
nc,2022,42,2022-W42,0,0,0.0,,0,1,121,,,0,,20,0,0,1
ne,2022,42,2022-W42,0,0,0.0,,0,1,121,,,0,,20,0,0,1
nh,2022,42,2022-W42,0,0,0.0,,0,1,121,,,0,,20,0,0,1
nj,2022,42,2022-W42,0,0,0.0,,0,1,121,,,0,,20,0,0,1
nm,2022,42,2022-W42,0,0,0.0,,0,1,121,,,0,,20,0,0,1
nv,2022,42,2022-W42,0,0,0.0,,0,1,121,,,0,,20,0,0,1
ny,2022,42,2022-W42,0,0,0.0,,0,1,121,,,0,,20,0,0,1
oh,2022,42,2022-W42,0,0,0.0,,0,1,121,,,0,,20,0,0,1
ok,2022,42,2022-W42,0,0,0.0,,0,1,121,,,0,,20,0,0,1
or,2022,42,2022-W42,0,0,0.0,,0,1,121,,,0,,20,0,0,1
pa,2022,42,2022-W42,0,0,0.0,,0,1,121,,,0,,20,0,0,1
ri,2022,42,2022-W42,0,0,0.0,,0,1,121,,,0,,20,0,0,1
sc,2022,42,2022-W42,0,0,0.0,,0,1,121,,,0,,20,0,0,1
sd,2022,42,2022-W42,0,0,0.0,,0,1,121,,,0,,20,0,0,1
tn,2022,42,2022-W42,0,0,0.0,,0,1,121,,,0,,20,0,0,1
tx,2022,42,2022-W42,0,0,0.0,,0,1,121,,,0,,20,0,0,1
ut,2022,42,2022-W42,0,0,0.0,,0,1,121,,,0,,20,0,0,1
va,2022,42,2022-W42,0,0,0.0,,0,1,121,,,0,,20,0,0,1
vt,2022,42,2022-W42,0,0,0.0,,0,1,121,,,0,,20,0,0,1
wa,2022,42,2022-W42,0,0,0.0,,0,1,121,,,0,,20,0,0,1
wi,2022,42,2022-W42,0,0,0.0,,0,1,121,,,0,,20,0,0,1
wv,2022,42,2022-W42,0,0,0.0,,0,1,121,,,0,,20,0,0,1
wy,2022,42,2022-W42,0,0,0.0,,0,1,121,,,0,,20,0,0,1
ak,2022,43,2022-W43,0,0,0.0,,0,5,121,,,0,,14,0,0,1
al,2022,43,2022-W43,0,0,0.0,,0,5,121,,,0,,14,0,0,1
ar,2022,43,2022-W43,0,0,0.0,,0,5,121,,,0,,14,0,0,1
ca,2022,43,2022-W43,0,0,0.0,,0,5,121,,,0,,14,0,0,1
co,2022,43,2022-W43,0,0,0.0,,0,5,121,,,0,,14,0,0,1
ct,2022,43,2022-W43,0,0,0.0,,0,5,121,,,0,,14,0,0,1
dc,2022,43,2022-W43,0,0,0.0,,0,5,121,,,0,,14,0,0,1
de,2022,43,2022-W43,0,0,0.0,,0,5,121,,,0,,14,0,0,1
fl,2022,43,2022-W43,0,0,0.0,,0,5,121,,,0,,14,0,0,1
ga,2022,43,2022-W43,0,0,0.0,,0,5,121,,,0,,14,0,0,1
gu,2022,43,2022-W43,0,0,0.0,,0,5,121,,,0,,14,0,0,1
hi,2022,43,2022-W43,0,0,0.0,,0,5,121,,,0,,14,0,0,1
ia,2022,43,2022-W43,0,0,0.0,,0,5,121,,,0,,14,0,0,1
id,2022,43,2022-W43,0,0,0.0,,0,5,121,,,0,,14,0,0,1
il,2022,43,2022-W43,0,0,0.0,,0,5,121,,,0,,14,0,0,1
in,2022,43,2022-W43,0,0,0.0,,0,5,121,,,0,,14,0,0,1
ks,2022,43,2022-W43,0,0,0.0,,0,5,121,,,0,,14,0,0,1
ky,2022,43,2022-W43,0,0,0.0,,0,5,121,,,0,,14,0,0,1
la,2022,43,2022-W43,0,0,0.0,,0,5,121,,,0,,14,0,0,1
ma,2022,43,2022-W43,0,0,0.0,,0,5,121,,,0,,14,0,0,1
md,2022,43,2022-W43,0,0,0.0,,0,5,121,,,0,,14,0,0,1
me,2022,43,2022-W43,0,0,0.0,,0,5,121,,,0,,14,0,0,1
mi,2022,43,2022-W43,0,0,0.0,,0,5,121,,,0,,14,0,0,1
mn,2022,43,2022-W43,0,0,0.0,,0,5,121,,,0,,14,0,0,1
mo,2022,43,2022-W43,0,0,0.0,,0,5,121,,,0,,14,0,0,1
ms,2022,43,2022-W43,0,0,0.0,,0,5,121,,,0,,14,0,0,1
mt,2022,43,2022-W43,0,0,0.0,,0,5,121,,,0,,14,0,0,1
nc,2022,43,2022-W43,0,0,0.0,,0,5,121,,,0,,14,0,0,1
ne,2022,43,2022-W43,0,0,0.0,,0,5,121,,,0,,14,0,0,1
nh,2022,43,2022-W43,0,0,0.0,,0,5,121,,,0,,14,0,0,1
nj,2022,43,2022-W43,0,0,0.0,,0,5,121,,,0,,14,0,0,1
nm,2022,43,2022-W43,0,0,0.0,,0,5,121,,,0,,14,0,0,1
nv,2022,43,2022-W43,0,0,0.0,,0,5,121,,,0,,14,0,0,1
ny,2022,43,2022-W43,0,0,0.0,,0,5,121,,,0,,14,0,0,1
oh,2022,43,2022-W43,0,0,0.0,,0,5,121,,,0,,14,0,0,1
ok,2022,43,2022-W43,0,0,0.0,,0,5,121,,,0,,14,0,0,1
or,2022,43,2022-W43,0,0,0.0,,0,5,121,,,0,,14,0,0,1
pa,2022,43,2022-W43,0,0,0.0,,0,5,121,,,0,,14,0,0,1
ri,2022,43,2022-W43,0,0,0.0,,0,5,121,,,0,,14,0,0,1
sc,2022,43,2022-W43,0,0,0.0,,0,5,121,,,0,,14,0,0,1
sd,2022,43,2022-W43,0,0,0.0,,0,5,121,,,0,,14,0,0,1
tn,2022,43,2022-W43,0,0,0.0,,0,5,121,,,0,,14,0,0,1
tx,2022,43,2022-W43,0,0,0.0,,0,5,121,,,0,,14,0,0,1
ut,2022,43,2022-W43,0,0,0.0,,0,5,121,,,0,,14,0,0,1
va,2022,43,2022-W43,0,0,0.0,,0,5,121,,,0,,14,0,0,1
vt,2022,43,2022-W43,0,0,0.0,,0,5,121,,,0,,14,0,0,1
wa,2022,43,2022-W43,0,0,0.0,,0,5,121,,,0,,14,0,0,1
wi,2022,43,2022-W43,0,0,0.0,,0,5,121,,,0,,14,0,0,1
wv,2022,43,2022-W43,0,0,0.0,,0,5,121,,,0,,14,0,0,1
wy,2022,43,2022-W43,0,0,0.0,,0,5,121,,,0,,14,0,0,1
ak,2022,44,2022-W44,0,0,0.0,,0,1,121,,,0,,21,0,0,1
al,2022,44,2022-W44,0,0,0.0,,0,1,121,,,0,,21,0,0,1
ar,2022,44,2022-W44,0,0,0.0,,0,1,121,,,0,,21,0,0,1
ca,2022,44,2022-W44,0,0,0.0,,0,1,121,,,0,,21,0,0,1
co,2022,44,2022-W44,0,0,0.0,,0,1,121,,,0,,21,0,0,1
ct,2022,44,2022-W44,0,0,0.0,,0,1,121,,,0,,21,0,0,1
dc,2022,44,2022-W44,0,0,0.0,,0,1,121,,,0,,21,0,0,1
de,2022,44,2022-W44,0,0,0.0,,0,1,121,,,0,,21,0,0,1
fl,2022,44,2022-W44,0,0,0.0,,0,1,121,,,0,,21,0,0,1
ga,2022,44,2022-W44,0,0,0.0,,0,1,121,,,0,,21,0,0,1
gu,2022,44,2022-W44,0,0,0.0,,0,1,121,,,0,,21,0,0,1
hi,2022,44,2022-W44,0,0,0.0,,0,1,121,,,0,,21,0,0,1
ia,2022,44,2022-W44,0,0,0.0,,0,1,121,,,0,,21,0,0,1
id,2022,44,2022-W44,0,0,0.0,,0,1,121,,,0,,21,0,0,1
il,2022,44,2022-W44,0,0,0.0,,0,1,121,,,0,,21,0,0,1
in,2022,44,2022-W44,0,0,0.0,,0,1,121,,,0,,21,0,0,1
ks,2022,44,2022-W44,0,0,0.0,,0,1,121,,,0,,21,0,0,1
ky,2022,44,2022-W44,0,0,0.0,,0,1,121,,,0,,21,0,0,1
la,2022,44,2022-W44,0,0,0.0,,0,1,121,,,0,,21,0,0,1
ma,2022,44,2022-W44,0,0,0.0,,0,1,121,,,0,,21,0,0,1
md,2022,44,2022-W44,0,0,0.0,,0,1,121,,,0,,21,0,0,1
me,2022,44,2022-W44,0,0,0.0,,0,1,121,,,0,,21,0,0,1
mi,2022,44,2022-W44,0,0,0.0,,0,1,121,,,0,,21,0,0,1
mn,2022,44,2022-W44,0,0,0.0,,0,1,121,,,0,,21,0,0,1
mo,2022,44,2022-W44,0,0,0.0,,0,1,121,,,0,,21,0,0,1
ms,2022,44,2022-W44,0,0,0.0,,0,1,121,,,0,,21,0,0,1
mt,2022,44,2022-W44,0,0,0.0,,0,1,121,,,0,,21,0,0,1
nc,2022,44,2022-W44,0,0,0.0,,0,1,121,,,0,,21,0,0,1
ne,2022,44,2022-W44,0,0,0.0,,0,1,121,,,0,,21,0,0,1
nh,2022,44,2022-W44,0,0,0.0,,0,1,121,,,0,,21,0,0,1
nj,2022,44,2022-W44,0,0,0.0,,0,1,121,,,0,,21,0,0,1
nm,2022,44,2022-W44,0,0,0.0,,0,1,121,,,0,,21,0,0,1
nv,2022,44,2022-W44,0,0,0.0,,0,1,121,,,0,,21,0,0,1
ny,2022,44,2022-W44,0,0,0.0,,0,1,121,,,0,,21,0,0,1
oh,2022,44,2022-W44,0,0,0.0,,0,1,121,,,0,,21,0,0,1
ok,2022,44,2022-W44,0,0,0.0,,0,1,121,,,0,,21,0,0,1
or,2022,44,2022-W44,0,0,0.0,,0,1,121,,,0,,21,0,0,1
pa,2022,44,2022-W44,0,0,0.0,,0,1,121,,,0,,21,0,0,1
ri,2022,44,2022-W44,0,0,0.0,,0,1,121,,,0,,21,0,0,1
sc,2022,44,2022-W44,0,0,0.0,,0,1,121,,,0,,21,0,0,1
sd,2022,44,2022-W44,0,0,0.0,,0,1,121,,,0,,21,0,0,1
tn,2022,44,2022-W44,0,0,0.0,,0,1,121,,,0,,21,0,0,1
tx,2022,44,2022-W44,0,0,0.0,,0,1,121,,,0,,21,0,0,1
ut,2022,44,2022-W44,0,0,0.0,,0,1,121,,,0,,21,0,0,1
va,2022,44,2022-W44,0,0,0.0,,0,1,121,,,0,,21,0,0,1
vt,2022,44,2022-W44,0,0,0.0,,0,1,121,,,0,,21,0,0,1
wa,2022,44,2022-W44,0,0,0.0,,0,1,121,,,0,,21,0,0,1
wi,2022,44,2022-W44,0,0,0.0,,0,1,121,,,0,,21,0,0,1
wv,2022,44,2022-W44,0,0,0.0,,0,1,121,,,0,,21,0,0,1
wy,2022,44,2022-W44,0,0,0.0,,0,1,121,,,0,,21,0,0,1
ak,2022,45,2022-W45,0,0,0.0,,0,1,121,,,0,,22,0,0,1
al,2022,45,2022-W45,0,0,0.0,,0,1,121,,,0,,22,0,0,1
ar,2022,45,2022-W45,0,0,0.0,,0,1,121,,,0,,22,0,0,1
ca,2022,45,2022-W45,0,0,0.0,,0,1,121,,,0,,22,0,0,1
co,2022,45,2022-W45,0,0,0.0,,0,1,121,,,0,,22,0,0,1
ct,2022,45,2022-W45,0,0,0.0,,0,1,121,,,0,,22,0,0,1
dc,2022,45,2022-W45,0,0,0.0,,0,1,121,,,0,,22,0,0,1
de,2022,45,2022-W45,0,0,0.0,,0,1,121,,,0,,22,0,0,1
fl,2022,45,2022-W45,0,0,0.0,,0,1,121,,,0,,22,0,0,1
ga,2022,45,2022-W45,0,0,0.0,,0,1,121,,,0,,22,0,0,1
gu,2022,45,2022-W45,0,0,0.0,,0,1,121,,,0,,22,0,0,1
hi,2022,45,2022-W45,0,0,0.0,,0,1,121,,,0,,22,0,0,1
ia,2022,45,2022-W45,0,0,0.0,,0,1,121,,,0,,22,0,0,1
id,2022,45,2022-W45,0,0,0.0,,0,1,121,,,0,,22,0,0,1
il,2022,45,2022-W45,0,0,0.0,,0,1,121,,,0,,22,0,0,1
in,2022,45,2022-W45,0,0,0.0,,0,1,121,,,0,,22,0,0,1
ks,2022,45,2022-W45,0,0,0.0,,0,1,121,,,0,,22,0,0,1
ky,2022,45,2022-W45,0,0,0.0,,0,1,121,,,0,,22,0,0,1
la,2022,45,2022-W45,0,0,0.0,,0,1,121,,,0,,22,0,0,1
ma,2022,45,2022-W45,0,0,0.0,,0,1,121,,,0,,22,0,0,1
md,2022,45,2022-W45,0,0,0.0,,0,1,121,,,0,,22,0,0,1
me,2022,45,2022-W45,0,0,0.0,,0,1,121,,,0,,22,0,0,1
mi,2022,45,2022-W45,0,0,0.0,,0,1,121,,,0,,22,0,0,1
mn,2022,45,2022-W45,0,0,0.0,,0,1,121,,,0,,22,0,0,1
mo,2022,45,2022-W45,0,0,0.0,,0,1,121,,,0,,22,0,0,1
ms,2022,45,2022-W45,0,0,0.0,,0,1,121,,,0,,22,0,0,1
mt,2022,45,2022-W45,0,0,0.0,,0,1,121,,,0,,22,0,0,1
nc,2022,45,2022-W45,0,0,0.0,,0,1,121,,,0,,22,0,0,1
ne,2022,45,2022-W45,0,0,0.0,,0,1,121,,,0,,22,0,0,1
nh,2022,45,2022-W45,0,0,0.0,,0,1,121,,,0,,22,0,0,1
nj,2022,45,2022-W45,0,0,0.0,,0,1,121,,,0,,22,0,0,1
nm,2022,45,2022-W45,0,0,0.0,,0,1,121,,,0,,22,0,0,1
nv,2022,45,2022-W45,0,0,0.0,,0,1,121,,,0,,22,0,0,1
ny,2022,45,2022-W45,0,0,0.0,,0,1,121,,,0,,22,0,0,1
oh,2022,45,2022-W45,0,0,0.0,,0,1,121,,,0,,22,0,0,1
ok,2022,45,2022-W45,0,0,0.0,,0,1,121,,,0,,22,0,0,1
or,2022,45,2022-W45,0,0,0.0,,0,1,121,,,0,,22,0,0,1
pa,2022,45,2022-W45,0,0,0.0,,0,1,121,,,0,,22,0,0,1
ri,2022,45,2022-W45,0,0,0.0,,0,1,121,,,0,,22,0,0,1
sc,2022,45,2022-W45,0,0,0.0,,0,1,121,,,0,,22,0,0,1
sd,2022,45,2022-W45,0,0,0.0,,0,1,121,,,0,,22,0,0,1
tn,2022,45,2022-W45,0,0,0.0,,0,1,121,,,0,,22,0,0,1
tx,2022,45,2022-W45,0,0,0.0,,0,1,121,,,0,,22,0,0,1
ut,2022,45,2022-W45,0,0,0.0,,0,1,121,,,0,,22,0,0,1
va,2022,45,2022-W45,0,0,0.0,,0,1,121,,,0,,22,0,0,1
vt,2022,45,2022-W45,0,0,0.0,,0,1,121,,,0,,22,0,0,1
wa,2022,45,2022-W45,0,0,0.0,,0,1,121,,,0,,22,0,0,1
wi,2022,45,2022-W45,0,0,0.0,,0,1,121,,,0,,22,0,0,1
wv,2022,45,2022-W45,0,0,0.0,,0,1,121,,,0,,22,0,0,1
wy,2022,45,2022-W45,0,0,0.0,,0,1,121,,,0,,22,0,0,1
ak,2022,46,2022-W46,0,0,0.0,,0,3,121,,,0,,25,0,0,1
al,2022,46,2022-W46,0,0,0.0,,0,3,121,,,0,,25,0,0,1
ar,2022,46,2022-W46,0,0,0.0,,0,3,121,,,0,,25,0,0,1
ca,2022,46,2022-W46,0,0,0.0,,0,3,121,,,0,,25,0,0,1
co,2022,46,2022-W46,0,0,0.0,,0,3,121,,,0,,25,0,0,1
ct,2022,46,2022-W46,0,0,0.0,,0,3,121,,,0,,25,0,0,1
dc,2022,46,2022-W46,0,0,0.0,,0,3,121,,,0,,25,0,0,1
de,2022,46,2022-W46,0,0,0.0,,0,3,121,,,0,,25,0,0,1
fl,2022,46,2022-W46,0,0,0.0,,0,3,121,,,0,,25,0,0,1
ga,2022,46,2022-W46,0,0,0.0,,0,3,121,,,0,,25,0,0,1
gu,2022,46,2022-W46,0,0,0.0,,0,3,121,,,0,,25,0,0,1
hi,2022,46,2022-W46,0,0,0.0,,0,3,121,,,0,,25,0,0,1
ia,2022,46,2022-W46,0,0,0.0,,0,3,121,,,0,,25,0,0,1
id,2022,46,2022-W46,0,0,0.0,,0,3,121,,,0,,25,0,0,1
il,2022,46,2022-W46,0,0,0.0,,0,3,121,,,0,,25,0,0,1
in,2022,46,2022-W46,0,0,0.0,,0,3,121,,,0,,25,0,0,1
ks,2022,46,2022-W46,0,0,0.0,,0,3,121,,,0,,25,0,0,1
ky,2022,46,2022-W46,0,0,0.0,,0,3,121,,,0,,25,0,0,1
la,2022,46,2022-W46,0,0,0.0,,0,3,121,,,0,,25,0,0,1
ma,2022,46,2022-W46,0,0,0.0,,0,3,121,,,0,,25,0,0,1
md,2022,46,2022-W46,0,0,0.0,,0,3,121,,,0,,25,0,0,1
me,2022,46,2022-W46,0,0,0.0,,0,3,121,,,0,,25,0,0,1
mi,2022,46,2022-W46,0,0,0.0,,0,3,121,,,0,,25,0,0,1
mn,2022,46,2022-W46,0,0,0.0,,0,3,121,,,0,,25,0,0,1
mo,2022,46,2022-W46,0,0,0.0,,0,3,121,,,0,,25,0,0,1
ms,2022,46,2022-W46,0,0,0.0,,0,3,121,,,0,,25,0,0,1
mt,2022,46,2022-W46,0,0,0.0,,0,3,121,,,0,,25,0,0,1
nc,2022,46,2022-W46,0,0,0.0,,0,3,121,,,0,,25,0,0,1
ne,2022,46,2022-W46,0,0,0.0,,0,3,121,,,0,,25,0,0,1
nh,2022,46,2022-W46,0,0,0.0,,0,3,121,,,0,,25,0,0,1
nj,2022,46,2022-W46,0,0,0.0,,0,3,121,,,0,,25,0,0,1
nm,2022,46,2022-W46,0,0,0.0,,0,3,121,,,0,,25,0,0,1
nv,2022,46,2022-W46,0,0,0.0,,0,3,121,,,0,,25,0,0,1
ny,2022,46,2022-W46,0,0,0.0,,0,3,121,,,0,,25,0,0,1
oh,2022,46,2022-W46,0,0,0.0,,0,3,121,,,0,,25,0,0,1
ok,2022,46,2022-W46,0,0,0.0,,0,3,121,,,0,,25,0,0,1
or,2022,46,2022-W46,0,0,0.0,,0,3,121,,,0,,25,0,0,1
pa,2022,46,2022-W46,0,0,0.0,,0,3,121,,,0,,25,0,0,1
ri,2022,46,2022-W46,0,0,0.0,,0,3,121,,,0,,25,0,0,1
sc,2022,46,2022-W46,0,0,0.0,,0,3,121,,,0,,25,0,0,1
sd,2022,46,2022-W46,0,0,0.0,,0,3,121,,,0,,25,0,0,1
tn,2022,46,2022-W46,0,0,0.0,,0,3,121,,,0,,25,0,0,1
tx,2022,46,2022-W46,0,0,0.0,,0,3,121,,,0,,25,0,0,1
ut,2022,46,2022-W46,0,0,0.0,,0,3,121,,,0,,25,0,0,1
va,2022,46,2022-W46,0,0,0.0,,0,3,121,,,0,,25,0,0,1
vt,2022,46,2022-W46,0,0,0.0,,0,3,121,,,0,,25,0,0,1
wa,2022,46,2022-W46,0,0,0.0,,0,3,121,,,0,,25,0,0,1
wi,2022,46,2022-W46,0,0,0.0,,0,3,121,,,0,,25,0,0,1
wv,2022,46,2022-W46,0,0,0.0,,0,3,121,,,0,,25,0,0,1
wy,2022,46,2022-W46,0,0,0.0,,0,3,121,,,0,,25,0,0,1
ak,2022,47,2022-W47,0,0,0.0,,0,1,121,,,0,,25,0,0,1
al,2022,47,2022-W47,0,0,0.0,,0,1,121,,,0,,25,0,0,1
ar,2022,47,2022-W47,0,0,0.0,,0,1,121,,,0,,25,0,0,1
ca,2022,47,2022-W47,0,0,0.0,,0,1,121,,,0,,25,0,0,1
co,2022,47,2022-W47,0,0,0.0,,0,1,121,,,0,,25,0,0,1
ct,2022,47,2022-W47,0,0,0.0,,0,1,121,,,0,,25,0,0,1
dc,2022,47,2022-W47,0,0,0.0,,0,1,121,,,0,,25,0,0,1
de,2022,47,2022-W47,0,0,0.0,,0,1,121,,,0,,25,0,0,1
fl,2022,47,2022-W47,0,0,0.0,,0,1,121,,,0,,25,0,0,1
ga,2022,47,2022-W47,0,0,0.0,,0,1,121,,,0,,25,0,0,1
gu,2022,47,2022-W47,0,0,0.0,,0,1,121,,,0,,25,0,0,1
hi,2022,47,2022-W47,0,0,0.0,,0,1,121,,,0,,25,0,0,1
ia,2022,47,2022-W47,0,0,0.0,,0,1,121,,,0,,25,0,0,1
id,2022,47,2022-W47,0,0,0.0,,0,1,121,,,0,,25,0,0,1
il,2022,47,2022-W47,0,0,0.0,,0,1,121,,,0,,25,0,0,1
in,2022,47,2022-W47,0,0,0.0,,0,1,121,,,0,,25,0,0,1
ks,2022,47,2022-W47,0,0,0.0,,0,1,121,,,0,,25,0,0,1
ky,2022,47,2022-W47,0,0,0.0,,0,1,121,,,0,,25,0,0,1
la,2022,47,2022-W47,0,0,0.0,,0,1,121,,,0,,25,0,0,1
ma,2022,47,2022-W47,0,0,0.0,,0,1,121,,,0,,25,0,0,1
md,2022,47,2022-W47,0,0,0.0,,0,1,121,,,0,,25,0,0,1
me,2022,47,2022-W47,0,0,0.0,,0,1,121,,,0,,25,0,0,1
mi,2022,47,2022-W47,0,0,0.0,,0,1,121,,,0,,25,0,0,1
mn,2022,47,2022-W47,0,0,0.0,,0,1,121,,,0,,25,0,0,1
mo,2022,47,2022-W47,0,0,0.0,,0,1,121,,,0,,25,0,0,1
ms,2022,47,2022-W47,0,0,0.0,,0,1,121,,,0,,25,0,0,1
mt,2022,47,2022-W47,0,0,0.0,,0,1,121,,,0,,25,0,0,1
nc,2022,47,2022-W47,0,0,0.0,,0,1,121,,,0,,25,0,0,1
ne,2022,47,2022-W47,0,0,0.0,,0,1,121,,,0,,25,0,0,1
nh,2022,47,2022-W47,0,0,0.0,,0,1,121,,,0,,25,0,0,1
nj,2022,47,2022-W47,0,0,0.0,,0,1,121,,,0,,25,0,0,1
nm,2022,47,2022-W47,0,0,0.0,,0,1,121,,,0,,25,0,0,1
nv,2022,47,2022-W47,0,0,0.0,,0,1,121,,,0,,25,0,0,1
ny,2022,47,2022-W47,0,0,0.0,,0,1,121,,,0,,25,0,0,1
oh,2022,47,2022-W47,0,0,0.0,,0,1,121,,,0,,25,0,0,1
ok,2022,47,2022-W47,0,0,0.0,,0,1,121,,,0,,25,0,0,1
or,2022,47,2022-W47,0,0,0.0,,0,1,121,,,0,,25,0,0,1
pa,2022,47,2022-W47,0,0,0.0,,0,1,121,,,0,,25,0,0,1
ri,2022,47,2022-W47,0,0,0.0,,0,1,121,,,0,,25,0,0,1
sc,2022,47,2022-W47,0,0,0.0,,0,1,121,,,0,,25,0,0,1
sd,2022,47,2022-W47,0,0,0.0,,0,1,121,,,0,,25,0,0,1
tn,2022,47,2022-W47,0,0,0.0,,0,1,121,,,0,,25,0,0,1
tx,2022,47,2022-W47,0,0,0.0,,0,1,121,,,0,,25,0,0,1
ut,2022,47,2022-W47,0,0,0.0,,0,1,121,,,0,,25,0,0,1
va,2022,47,2022-W47,0,0,0.0,,0,1,121,,,0,,25,0,0,1
vt,2022,47,2022-W47,0,0,0.0,,0,1,121,,,0,,25,0,0,1
wa,2022,47,2022-W47,0,0,0.0,,0,1,121,,,0,,25,0,0,1
wi,2022,47,2022-W47,0,0,0.0,,0,1,121,,,0,,25,0,0,1
wv,2022,47,2022-W47,0,0,0.0,,0,1,121,,,0,,25,0,0,1
wy,2022,47,2022-W47,0,0,0.0,,0,1,121,,,0,,25,0,0,1
ak,2022,48,2022-W48,0,0,0.0,,0,4,121,,,0,,13,0,0,1
al,2022,48,2022-W48,0,0,0.0,,0,4,121,,,0,,13,0,0,1
ar,2022,48,2022-W48,0,0,0.0,,0,4,121,,,0,,13,0,0,1
ca,2022,48,2022-W48,0,0,0.0,,0,4,121,,,0,,13,0,0,1
co,2022,48,2022-W48,0,0,0.0,,0,4,121,,,0,,13,0,0,1
ct,2022,48,2022-W48,0,0,0.0,,0,4,121,,,0,,13,0,0,1
dc,2022,48,2022-W48,0,0,0.0,,0,4,121,,,0,,13,0,0,1
de,2022,48,2022-W48,0,0,0.0,,0,4,121,,,0,,13,0,0,1
fl,2022,48,2022-W48,0,0,0.0,,0,4,121,,,0,,13,0,0,1
ga,2022,48,2022-W48,0,0,0.0,,0,4,121,,,0,,13,0,0,1
gu,2022,48,2022-W48,0,0,0.0,,0,4,121,,,0,,13,0,0,1
hi,2022,48,2022-W48,0,0,0.0,,0,4,121,,,0,,13,0,0,1
ia,2022,48,2022-W48,0,0,0.0,,0,4,121,,,0,,13,0,0,1
id,2022,48,2022-W48,0,0,0.0,,0,4,121,,,0,,13,0,0,1
il,2022,48,2022-W48,0,0,0.0,,0,4,121,,,0,,13,0,0,1
in,2022,48,2022-W48,0,0,0.0,,0,4,121,,,0,,13,0,0,1
ks,2022,48,2022-W48,0,0,0.0,,0,4,121,,,0,,13,0,0,1
ky,2022,48,2022-W48,0,0,0.0,,0,4,121,,,0,,13,0,0,1
la,2022,48,2022-W48,0,0,0.0,,0,4,121,,,0,,13,0,0,1
ma,2022,48,2022-W48,0,0,0.0,,0,4,121,,,0,,13,0,0,1
md,2022,48,2022-W48,0,0,0.0,,0,4,121,,,0,,13,0,0,1
me,2022,48,2022-W48,0,0,0.0,,0,4,121,,,0,,13,0,0,1
mi,2022,48,2022-W48,0,0,0.0,,0,4,121,,,0,,13,0,0,1
mn,2022,48,2022-W48,0,0,0.0,,0,4,121,,,0,,13,0,0,1
mo,2022,48,2022-W48,0,0,0.0,,0,4,121,,,0,,13,0,0,1
ms,2022,48,2022-W48,0,0,0.0,,0,4,121,,,0,,13,0,0,1
mt,2022,48,2022-W48,0,0,0.0,,0,4,121,,,0,,13,0,0,1
nc,2022,48,2022-W48,0,0,0.0,,0,4,121,,,0,,13,0,0,1
ne,2022,48,2022-W48,0,0,0.0,,0,4,121,,,0,,13,0,0,1
nh,2022,48,2022-W48,0,0,0.0,,0,4,121,,,0,,13,0,0,1
nj,2022,48,2022-W48,0,0,0.0,,0,4,121,,,0,,13,0,0,1
nm,2022,48,2022-W48,0,0,0.0,,0,4,121,,,0,,13,0,0,1
nv,2022,48,2022-W48,0,0,0.0,,0,4,121,,,0,,13,0,0,1
ny,2022,48,2022-W48,0,0,0.0,,0,4,121,,,0,,13,0,0,1
oh,2022,48,2022-W48,0,0,0.0,,0,4,121,,,0,,13,0,0,1
ok,2022,48,2022-W48,0,0,0.0,,0,4,121,,,0,,13,0,0,1
or,2022,48,2022-W48,0,0,0.0,,0,4,121,,,0,,13,0,0,1
pa,2022,48,2022-W48,0,0,0.0,,0,4,121,,,0,,13,0,0,1
ri,2022,48,2022-W48,0,0,0.0,,0,4,121,,,0,,13,0,0,1
sc,2022,48,2022-W48,0,0,0.0,,0,4,121,,,0,,13,0,0,1
sd,2022,48,2022-W48,0,0,0.0,,0,4,121,,,0,,13,0,0,1
tn,2022,48,2022-W48,0,0,0.0,,0,4,121,,,0,,13,0,0,1
tx,2022,48,2022-W48,0,0,0.0,,0,4,121,,,0,,13,0,0,1
ut,2022,48,2022-W48,0,0,0.0,,0,4,121,,,0,,13,0,0,1
va,2022,48,2022-W48,0,0,0.0,,0,4,121,,,0,,13,0,0,1
vt,2022,48,2022-W48,0,0,0.0,,0,4,121,,,0,,13,0,0,1
wa,2022,48,2022-W48,0,0,0.0,,0,4,121,,,0,,13,0,0,1
wi,2022,48,2022-W48,0,0,0.0,,0,4,121,,,0,,13,0,0,1
wv,2022,48,2022-W48,0,0,0.0,,0,4,121,,,0,,13,0,0,1
wy,2022,48,2022-W48,0,0,0.0,,0,4,121,,,0,,13,0,0,1
ak,2022,49,2022-W49,0,0,0.0,,0,0,121,,,0,,15,0,0,1
al,2022,49,2022-W49,0,0,0.0,,0,0,121,,,0,,15,0,0,1
ar,2022,49,2022-W49,0,0,0.0,,0,0,121,,,0,,15,0,0,1
ca,2022,49,2022-W49,0,0,0.0,,0,0,121,,,0,,15,0,0,1
co,2022,49,2022-W49,0,0,0.0,,0,0,121,,,0,,15,0,0,1
ct,2022,49,2022-W49,0,0,0.0,,0,0,121,,,0,,15,0,0,1
dc,2022,49,2022-W49,0,0,0.0,,0,0,121,,,0,,15,0,0,1
de,2022,49,2022-W49,0,0,0.0,,0,0,121,,,0,,15,0,0,1
fl,2022,49,2022-W49,0,0,0.0,,0,0,121,,,0,,15,0,0,1
ga,2022,49,2022-W49,0,0,0.0,,0,0,121,,,0,,15,0,0,1
gu,2022,49,2022-W49,0,0,0.0,,0,0,121,,,0,,15,0,0,1
hi,2022,49,2022-W49,0,0,0.0,,0,0,121,,,0,,15,0,0,1
ia,2022,49,2022-W49,0,0,0.0,,0,0,121,,,0,,15,0,0,1
id,2022,49,2022-W49,0,0,0.0,,0,0,121,,,0,,15,0,0,1
il,2022,49,2022-W49,0,0,0.0,,0,0,121,,,0,,15,0,0,1
in,2022,49,2022-W49,0,0,0.0,,0,0,121,,,0,,15,0,0,1
ks,2022,49,2022-W49,0,0,0.0,,0,0,121,,,0,,15,0,0,1
ky,2022,49,2022-W49,0,0,0.0,,0,0,121,,,0,,15,0,0,1
la,2022,49,2022-W49,0,0,0.0,,0,0,121,,,0,,15,0,0,1
ma,2022,49,2022-W49,0,0,0.0,,0,0,121,,,0,,15,0,0,1
md,2022,49,2022-W49,0,0,0.0,,0,0,121,,,0,,15,0,0,1
me,2022,49,2022-W49,0,0,0.0,,0,0,121,,,0,,15,0,0,1
mi,2022,49,2022-W49,0,0,0.0,,0,0,121,,,0,,15,0,0,1
mn,2022,49,2022-W49,0,0,0.0,,0,0,121,,,0,,15,0,0,1
mo,2022,49,2022-W49,0,0,0.0,,0,0,121,,,0,,15,0,0,1
ms,2022,49,2022-W49,0,0,0.0,,0,0,121,,,0,,15,0,0,1
mt,2022,49,2022-W49,0,0,0.0,,0,0,121,,,0,,15,0,0,1
nc,2022,49,2022-W49,0,0,0.0,,0,0,121,,,0,,15,0,0,1
ne,2022,49,2022-W49,0,0,0.0,,0,0,121,,,0,,15,0,0,1
nh,2022,49,2022-W49,0,0,0.0,,0,0,121,,,0,,15,0,0,1
nj,2022,49,2022-W49,0,0,0.0,,0,0,121,,,0,,15,0,0,1
nm,2022,49,2022-W49,0,0,0.0,,0,0,121,,,0,,15,0,0,1
nv,2022,49,2022-W49,0,0,0.0,,0,0,121,,,0,,15,0,0,1
ny,2022,49,2022-W49,0,0,0.0,,0,0,121,,,0,,15,0,0,1
oh,2022,49,2022-W49,0,0,0.0,,0,0,121,,,0,,15,0,0,1
ok,2022,49,2022-W49,0,0,0.0,,0,0,121,,,0,,15,0,0,1
or,2022,49,2022-W49,0,0,0.0,,0,0,121,,,0,,15,0,0,1
pa,2022,49,2022-W49,0,0,0.0,,0,0,121,,,0,,15,0,0,1
ri,2022,49,2022-W49,0,0,0.0,,0,0,121,,,0,,15,0,0,1
sc,2022,49,2022-W49,0,0,0.0,,0,0,121,,,0,,15,0,0,1
sd,2022,49,2022-W49,0,0,0.0,,0,0,121,,,0,,15,0,0,1
tn,2022,49,2022-W49,0,0,0.0,,0,0,121,,,0,,15,0,0,1
tx,2022,49,2022-W49,0,0,0.0,,0,0,121,,,0,,15,0,0,1
ut,2022,49,2022-W49,0,0,0.0,,0,0,121,,,0,,15,0,0,1
va,2022,49,2022-W49,0,0,0.0,,0,0,121,,,0,,15,0,0,1
vt,2022,49,2022-W49,0,0,0.0,,0,0,121,,,0,,15,0,0,1
wa,2022,49,2022-W49,0,0,0.0,,0,0,121,,,0,,15,0,0,1
wi,2022,49,2022-W49,0,0,0.0,,0,0,121,,,0,,15,0,0,1
wv,2022,49,2022-W49,0,0,0.0,,0,0,121,,,0,,15,0,0,1
wy,2022,49,2022-W49,0,0,0.0,,0,0,121,,,0,,15,0,0,1
ak,2022,50,2022-W50,0,0,0.0,,0,2,121,,,0,,22,0,0,1
al,2022,50,2022-W50,0,0,0.0,,0,2,121,,,0,,22,0,0,1
ar,2022,50,2022-W50,0,0,0.0,,0,2,121,,,0,,22,0,0,1
ca,2022,50,2022-W50,0,0,0.0,,0,2,121,,,0,,22,0,0,1
co,2022,50,2022-W50,0,0,0.0,,0,2,121,,,0,,22,0,0,1
ct,2022,50,2022-W50,0,0,0.0,,0,2,121,,,0,,22,0,0,1
dc,2022,50,2022-W50,0,0,0.0,,0,2,121,,,0,,22,0,0,1
de,2022,50,2022-W50,0,0,0.0,,0,2,121,,,0,,22,0,0,1
fl,2022,50,2022-W50,0,0,0.0,,0,2,121,,,0,,22,0,0,1
ga,2022,50,2022-W50,0,0,0.0,,0,2,121,,,0,,22,0,0,1
gu,2022,50,2022-W50,0,0,0.0,,0,2,121,,,0,,22,0,0,1
hi,2022,50,2022-W50,0,0,0.0,,0,2,121,,,0,,22,0,0,1
ia,2022,50,2022-W50,0,0,0.0,,0,2,121,,,0,,22,0,0,1
id,2022,50,2022-W50,0,0,0.0,,0,2,121,,,0,,22,0,0,1
il,2022,50,2022-W50,0,0,0.0,,0,2,121,,,0,,22,0,0,1
in,2022,50,2022-W50,0,0,0.0,,0,2,121,,,0,,22,0,0,1
ks,2022,50,2022-W50,0,0,0.0,,0,2,121,,,0,,22,0,0,1
ky,2022,50,2022-W50,0,0,0.0,,0,2,121,,,0,,22,0,0,1
la,2022,50,2022-W50,0,0,0.0,,0,2,121,,,0,,22,0,0,1
ma,2022,50,2022-W50,0,0,0.0,,0,2,121,,,0,,22,0,0,1
md,2022,50,2022-W50,0,0,0.0,,0,2,121,,,0,,22,0,0,1
me,2022,50,2022-W50,0,0,0.0,,0,2,121,,,0,,22,0,0,1
mi,2022,50,2022-W50,0,0,0.0,,0,2,121,,,0,,22,0,0,1
mn,2022,50,2022-W50,0,0,0.0,,0,2,121,,,0,,22,0,0,1
mo,2022,50,2022-W50,0,0,0.0,,0,2,121,,,0,,22,0,0,1
ms,2022,50,2022-W50,0,0,0.0,,0,2,121,,,0,,22,0,0,1
mt,2022,50,2022-W50,0,0,0.0,,0,2,121,,,0,,22,0,0,1
nc,2022,50,2022-W50,0,0,0.0,,0,2,121,,,0,,22,0,0,1
ne,2022,50,2022-W50,0,0,0.0,,0,2,121,,,0,,22,0,0,1
nh,2022,50,2022-W50,0,0,0.0,,0,2,121,,,0,,22,0,0,1
nj,2022,50,2022-W50,0,0,0.0,,0,2,121,,,0,,22,0,0,1
nm,2022,50,2022-W50,0,0,0.0,,0,2,121,,,0,,22,0,0,1
nv,2022,50,2022-W50,0,0,0.0,,0,2,121,,,0,,22,0,0,1
ny,2022,50,2022-W50,0,0,0.0,,0,2,121,,,0,,22,0,0,1
oh,2022,50,2022-W50,0,0,0.0,,0,2,121,,,0,,22,0,0,1
ok,2022,50,2022-W50,0,0,0.0,,0,2,121,,,0,,22,0,0,1
or,2022,50,2022-W50,0,0,0.0,,0,2,121,,,0,,22,0,0,1
pa,2022,50,2022-W50,0,0,0.0,,0,2,121,,,0,,22,0,0,1
ri,2022,50,2022-W50,0,0,0.0,,0,2,121,,,0,,22,0,0,1
sc,2022,50,2022-W50,0,0,0.0,,0,2,121,,,0,,22,0,0,1
sd,2022,50,2022-W50,0,0,0.0,,0,2,121,,,0,,22,0,0,1
tn,2022,50,2022-W50,0,0,0.0,,0,2,121,,,0,,22,0,0,1
tx,2022,50,2022-W50,0,0,0.0,,0,2,121,,,0,,22,0,0,1
ut,2022,50,2022-W50,0,0,0.0,,0,2,121,,,0,,22,0,0,1
va,2022,50,2022-W50,0,0,0.0,,0,2,121,,,0,,22,0,0,1
vt,2022,50,2022-W50,0,0,0.0,,0,2,121,,,0,,22,0,0,1
wa,2022,50,2022-W50,0,0,0.0,,0,2,121,,,0,,22,0,0,1
wi,2022,50,2022-W50,0,0,0.0,,0,2,121,,,0,,22,0,0,1
wv,2022,50,2022-W50,0,0,0.0,,0,2,121,,,0,,22,0,0,1
wy,2022,50,2022-W50,0,0,0.0,,0,2,121,,,0,,22,0,0,1
ak,2022,51,2022-W51,0,0,0.0,,0,1,121,,,0,,22,0,0,1
al,2022,51,2022-W51,0,0,0.0,,0,1,121,,,0,,22,0,0,1
ar,2022,51,2022-W51,0,0,0.0,,0,1,121,,,0,,22,0,0,1
ca,2022,51,2022-W51,0,0,0.0,,0,1,121,,,0,,22,0,0,1
co,2022,51,2022-W51,0,0,0.0,,0,1,121,,,0,,22,0,0,1
ct,2022,51,2022-W51,0,0,0.0,,0,1,121,,,0,,22,0,0,1
dc,2022,51,2022-W51,0,0,0.0,,0,1,121,,,0,,22,0,0,1
de,2022,51,2022-W51,0,0,0.0,,0,1,121,,,0,,22,0,0,1
fl,2022,51,2022-W51,0,0,0.0,,0,1,121,,,0,,22,0,0,1
ga,2022,51,2022-W51,0,0,0.0,,0,1,121,,,0,,22,0,0,1
gu,2022,51,2022-W51,0,0,0.0,,0,1,121,,,0,,22,0,0,1
hi,2022,51,2022-W51,0,0,0.0,,0,1,121,,,0,,22,0,0,1
ia,2022,51,2022-W51,0,0,0.0,,0,1,121,,,0,,22,0,0,1
id,2022,51,2022-W51,0,0,0.0,,0,1,121,,,0,,22,0,0,1
il,2022,51,2022-W51,0,0,0.0,,0,1,121,,,0,,22,0,0,1
in,2022,51,2022-W51,0,0,0.0,,0,1,121,,,0,,22,0,0,1
ks,2022,51,2022-W51,0,0,0.0,,0,1,121,,,0,,22,0,0,1
ky,2022,51,2022-W51,0,0,0.0,,0,1,121,,,0,,22,0,0,1
la,2022,51,2022-W51,0,0,0.0,,0,1,121,,,0,,22,0,0,1
ma,2022,51,2022-W51,0,0,0.0,,0,1,121,,,0,,22,0,0,1
md,2022,51,2022-W51,0,0,0.0,,0,1,121,,,0,,22,0,0,1
me,2022,51,2022-W51,0,0,0.0,,0,1,121,,,0,,22,0,0,1
mi,2022,51,2022-W51,0,0,0.0,,0,1,121,,,0,,22,0,0,1
mn,2022,51,2022-W51,0,0,0.0,,0,1,121,,,0,,22,0,0,1
mo,2022,51,2022-W51,0,0,0.0,,0,1,121,,,0,,22,0,0,1
ms,2022,51,2022-W51,0,0,0.0,,0,1,121,,,0,,22,0,0,1
mt,2022,51,2022-W51,0,0,0.0,,0,1,121,,,0,,22,0,0,1
nc,2022,51,2022-W51,0,0,0.0,,0,1,121,,,0,,22,0,0,1
ne,2022,51,2022-W51,0,0,0.0,,0,1,121,,,0,,22,0,0,1
nh,2022,51,2022-W51,0,0,0.0,,0,1,121,,,0,,22,0,0,1
nj,2022,51,2022-W51,0,0,0.0,,0,1,121,,,0,,22,0,0,1
nm,2022,51,2022-W51,0,0,0.0,,0,1,121,,,0,,22,0,0,1
nv,2022,51,2022-W51,0,0,0.0,,0,1,121,,,0,,22,0,0,1
ny,2022,51,2022-W51,0,0,0.0,,0,1,121,,,0,,22,0,0,1
oh,2022,51,2022-W51,0,0,0.0,,0,1,121,,,0,,22,0,0,1
ok,2022,51,2022-W51,0,0,0.0,,0,1,121,,,0,,22,0,0,1
or,2022,51,2022-W51,0,0,0.0,,0,1,121,,,0,,22,0,0,1
pa,2022,51,2022-W51,0,0,0.0,,0,1,121,,,0,,22,0,0,1
ri,2022,51,2022-W51,0,0,0.0,,0,1,121,,,0,,22,0,0,1
sc,2022,51,2022-W51,0,0,0.0,,0,1,121,,,0,,22,0,0,1
sd,2022,51,2022-W51,0,0,0.0,,0,1,121,,,0,,22,0,0,1
tn,2022,51,2022-W51,0,0,0.0,,0,1,121,,,0,,22,0,0,1
tx,2022,51,2022-W51,0,0,0.0,,0,1,121,,,0,,22,0,0,1
ut,2022,51,2022-W51,0,0,0.0,,0,1,121,,,0,,22,0,0,1
va,2022,51,2022-W51,0,0,0.0,,0,1,121,,,0,,22,0,0,1
vt,2022,51,2022-W51,0,0,0.0,,0,1,121,,,0,,22,0,0,1
wa,2022,51,2022-W51,0,0,0.0,,0,1,121,,,0,,22,0,0,1
wi,2022,51,2022-W51,0,0,0.0,,0,1,121,,,0,,22,0,0,1
wv,2022,51,2022-W51,0,0,0.0,,0,1,121,,,0,,22,0,0,1
wy,2022,51,2022-W51,0,0,0.0,,0,1,121,,,0,,22,0,0,1
ak,2022,52,2022-W52,0,0,0.0,,0,0,121,,,0,,29,0,0,1
al,2022,52,2022-W52,0,0,0.0,,0,0,121,,,0,,29,0,0,1
ar,2022,52,2022-W52,0,0,0.0,,0,0,121,,,0,,29,0,0,1
ca,2022,52,2022-W52,0,0,0.0,,0,0,121,,,0,,29,0,0,1
co,2022,52,2022-W52,0,0,0.0,,0,0,121,,,0,,29,0,0,1
ct,2022,52,2022-W52,0,0,0.0,,0,0,121,,,0,,29,0,0,1
dc,2022,52,2022-W52,0,0,0.0,,0,0,121,,,0,,29,0,0,1
de,2022,52,2022-W52,0,0,0.0,,0,0,121,,,0,,29,0,0,1
fl,2022,52,2022-W52,0,0,0.0,,0,0,121,,,0,,29,0,0,1
ga,2022,52,2022-W52,0,0,0.0,,0,0,121,,,0,,29,0,0,1
gu,2022,52,2022-W52,0,0,0.0,,0,0,121,,,0,,29,0,0,1
hi,2022,52,2022-W52,0,0,0.0,,0,0,121,,,0,,29,0,0,1
ia,2022,52,2022-W52,0,0,0.0,,0,0,121,,,0,,29,0,0,1
id,2022,52,2022-W52,0,0,0.0,,0,0,121,,,0,,29,0,0,1
il,2022,52,2022-W52,0,0,0.0,,0,0,121,,,0,,29,0,0,1
in,2022,52,2022-W52,0,0,0.0,,0,0,121,,,0,,29,0,0,1
ks,2022,52,2022-W52,0,0,0.0,,0,0,121,,,0,,29,0,0,1
ky,2022,52,2022-W52,0,0,0.0,,0,0,121,,,0,,29,0,0,1
la,2022,52,2022-W52,0,0,0.0,,0,0,121,,,0,,29,0,0,1
ma,2022,52,2022-W52,0,0,0.0,,0,0,121,,,0,,29,0,0,1
md,2022,52,2022-W52,0,0,0.0,,0,0,121,,,0,,29,0,0,1
me,2022,52,2022-W52,0,0,0.0,,0,0,121,,,0,,29,0,0,1
mi,2022,52,2022-W52,0,0,0.0,,0,0,121,,,0,,29,0,0,1
mn,2022,52,2022-W52,0,0,0.0,,0,0,121,,,0,,29,0,0,1
mo,2022,52,2022-W52,0,0,0.0,,0,0,121,,,0,,29,0,0,1
ms,2022,52,2022-W52,0,0,0.0,,0,0,121,,,0,,29,0,0,1
mt,2022,52,2022-W52,0,0,0.0,,0,0,121,,,0,,29,0,0,1
nc,2022,52,2022-W52,0,0,0.0,,0,0,121,,,0,,29,0,0,1
ne,2022,52,2022-W52,0,0,0.0,,0,0,121,,,0,,29,0,0,1
nh,2022,52,2022-W52,0,0,0.0,,0,0,121,,,0,,29,0,0,1
nj,2022,52,2022-W52,0,0,0.0,,0,0,121,,,0,,29,0,0,1
nm,2022,52,2022-W52,0,0,0.0,,0,0,121,,,0,,29,0,0,1
nv,2022,52,2022-W52,0,0,0.0,,0,0,121,,,0,,29,0,0,1
ny,2022,52,2022-W52,0,0,0.0,,0,0,121,,,0,,29,0,0,1
oh,2022,52,2022-W52,0,0,0.0,,0,0,121,,,0,,29,0,0,1
ok,2022,52,2022-W52,0,0,0.0,,0,0,121,,,0,,29,0,0,1
or,2022,52,2022-W52,0,0,0.0,,0,0,121,,,0,,29,0,0,1
pa,2022,52,2022-W52,0,0,0.0,,0,0,121,,,0,,29,0,0,1
ri,2022,52,2022-W52,0,0,0.0,,0,0,121,,,0,,29,0,0,1
sc,2022,52,2022-W52,0,0,0.0,,0,0,121,,,0,,29,0,0,1
sd,2022,52,2022-W52,0,0,0.0,,0,0,121,,,0,,29,0,0,1
tn,2022,52,2022-W52,0,0,0.0,,0,0,121,,,0,,29,0,0,1
tx,2022,52,2022-W52,0,0,0.0,,0,0,121,,,0,,29,0,0,1
ut,2022,52,2022-W52,0,0,0.0,,0,0,121,,,0,,29,0,0,1
va,2022,52,2022-W52,0,0,0.0,,0,0,121,,,0,,29,0,0,1
vt,2022,52,2022-W52,0,0,0.0,,0,0,121,,,0,,29,0,0,1
wa,2022,52,2022-W52,0,0,0.0,,0,0,121,,,0,,29,0,0,1
wi,2022,52,2022-W52,0,0,0.0,,0,0,121,,,0,,29,0,0,1
wv,2022,52,2022-W52,0,0,0.0,,0,0,121,,,0,,29,0,0,1
wy,2022,52,2022-W52,0,0,0.0,,0,0,121,,,0,,29,0,0,1
ak,2023,1,2023-W01,0,0,0.0,,0,0,58,,,0,,39,0,0,0
al,2023,1,2023-W01,0,0,0.0,,0,0,58,,,0,,39,0,0,0
ar,2023,1,2023-W01,0,0,0.0,,0,0,58,,,0,,39,0,0,0
ca,2023,1,2023-W01,0,0,0.0,,0,0,58,,,0,,39,0,0,0
co,2023,1,2023-W01,0,0,0.0,,0,0,58,,,0,,39,0,0,0
ct,2023,1,2023-W01,0,0,0.0,,0,0,58,,,0,,39,0,0,0
dc,2023,1,2023-W01,0,0,0.0,,0,0,58,,,0,,39,0,0,0
de,2023,1,2023-W01,0,0,0.0,,0,0,58,,,0,,39,0,0,0
fl,2023,1,2023-W01,0,0,0.0,,0,0,58,,,0,,39,0,0,0
ga,2023,1,2023-W01,0,0,0.0,,0,0,58,,,0,,39,0,0,0
gu,2023,1,2023-W01,0,0,0.0,,0,0,58,,,0,,39,0,0,0
hi,2023,1,2023-W01,0,0,0.0,,0,0,58,,,0,,39,0,0,0
ia,2023,1,2023-W01,0,0,0.0,,0,0,58,,,0,,39,0,0,0
id,2023,1,2023-W01,0,0,0.0,,0,0,58,,,0,,39,0,0,0
il,2023,1,2023-W01,0,0,0.0,,0,0,58,,,0,,39,0,0,0
in,2023,1,2023-W01,0,0,0.0,,0,0,58,,,0,,39,0,0,0
ks,2023,1,2023-W01,0,0,0.0,,0,0,58,,,0,,39,0,0,0
ky,2023,1,2023-W01,0,0,0.0,,0,0,58,,,0,,39,0,0,0
la,2023,1,2023-W01,0,0,0.0,,0,0,58,,,0,,39,0,0,0
ma,2023,1,2023-W01,0,0,0.0,,0,0,58,,,0,,39,0,0,0
md,2023,1,2023-W01,0,0,0.0,,0,0,58,,,0,,39,0,0,0
me,2023,1,2023-W01,0,0,0.0,,0,0,58,,,0,,39,0,0,0
mi,2023,1,2023-W01,0,0,0.0,,0,0,58,,,0,,39,0,0,0
mn,2023,1,2023-W01,0,0,0.0,,0,0,58,,,0,,39,0,0,0
mo,2023,1,2023-W01,0,0,0.0,,0,0,58,,,0,,39,0,0,0
ms,2023,1,2023-W01,0,0,0.0,,0,0,58,,,0,,39,0,0,0
mt,2023,1,2023-W01,0,0,0.0,,0,0,58,,,0,,39,0,0,0
nc,2023,1,2023-W01,0,0,0.0,,0,0,58,,,0,,39,0,0,0
ne,2023,1,2023-W01,0,0,0.0,,0,0,58,,,0,,39,0,0,0
nh,2023,1,2023-W01,0,0,0.0,,0,0,58,,,0,,39,0,0,0
nj,2023,1,2023-W01,0,0,0.0,,0,0,58,,,0,,39,0,0,0
nm,2023,1,2023-W01,0,0,0.0,,0,0,58,,,0,,39,0,0,0
nv,2023,1,2023-W01,0,0,0.0,,0,0,58,,,0,,39,0,0,0
ny,2023,1,2023-W01,0,0,0.0,,0,0,58,,,0,,39,0,0,0
oh,2023,1,2023-W01,0,0,0.0,,0,0,58,,,0,,39,0,0,0
ok,2023,1,2023-W01,0,0,0.0,,0,0,58,,,0,,39,0,0,0
or,2023,1,2023-W01,0,0,0.0,,0,0,58,,,0,,39,0,0,0
pa,2023,1,2023-W01,0,0,0.0,,0,0,58,,,0,,39,0,0,0
ri,2023,1,2023-W01,0,0,0.0,,0,0,58,,,0,,39,0,0,0
sc,2023,1,2023-W01,0,0,0.0,,0,0,58,,,0,,39,0,0,0
sd,2023,1,2023-W01,0,0,0.0,,0,0,58,,,0,,39,0,0,0
tn,2023,1,2023-W01,0,0,0.0,,0,0,58,,,0,,39,0,0,0
tx,2023,1,2023-W01,0,0,0.0,,0,0,58,,,0,,39,0,0,0
ut,2023,1,2023-W01,0,0,0.0,,0,0,58,,,0,,39,0,0,0
va,2023,1,2023-W01,0,0,0.0,,0,0,58,,,0,,39,0,0,0
vt,2023,1,2023-W01,0,0,0.0,,0,0,58,,,0,,39,0,0,0
wa,2023,1,2023-W01,0,0,0.0,,0,0,58,,,0,,39,0,0,0
wi,2023,1,2023-W01,0,0,0.0,,0,0,58,,,0,,39,0,0,0
wv,2023,1,2023-W01,0,0,0.0,,0,0,58,,,0,,39,0,0,0
wy,2023,1,2023-W01,0,0,0.0,,0,0,58,,,0,,39,0,0,0
ak,2023,2,2023-W02,0,0,0.0,,0,3,58,,,0,,22,0,0,0
al,2023,2,2023-W02,0,0,0.0,,0,3,58,,,0,,22,0,0,0
ar,2023,2,2023-W02,0,0,0.0,,0,3,58,,,0,,22,0,0,0
ca,2023,2,2023-W02,0,0,0.0,,0,3,58,,,0,,22,0,0,0
co,2023,2,2023-W02,0,0,0.0,,0,3,58,,,0,,22,0,0,0
ct,2023,2,2023-W02,0,0,0.0,,0,3,58,,,0,,22,0,0,0
dc,2023,2,2023-W02,0,0,0.0,,0,3,58,,,0,,22,0,0,0
de,2023,2,2023-W02,0,0,0.0,,0,3,58,,,0,,22,0,0,0
fl,2023,2,2023-W02,0,0,0.0,,0,3,58,,,0,,22,0,0,0
ga,2023,2,2023-W02,0,0,0.0,,0,3,58,,,0,,22,0,0,0
gu,2023,2,2023-W02,0,0,0.0,,0,3,58,,,0,,22,0,0,0
hi,2023,2,2023-W02,0,0,0.0,,0,3,58,,,0,,22,0,0,0
ia,2023,2,2023-W02,0,0,0.0,,0,3,58,,,0,,22,0,0,0
id,2023,2,2023-W02,0,0,0.0,,0,3,58,,,0,,22,0,0,0
il,2023,2,2023-W02,0,0,0.0,,0,3,58,,,0,,22,0,0,0
in,2023,2,2023-W02,0,0,0.0,,0,3,58,,,0,,22,0,0,0
ks,2023,2,2023-W02,0,0,0.0,,0,3,58,,,0,,22,0,0,0
ky,2023,2,2023-W02,0,0,0.0,,0,3,58,,,0,,22,0,0,0
la,2023,2,2023-W02,0,0,0.0,,0,3,58,,,0,,22,0,0,0
ma,2023,2,2023-W02,0,0,0.0,,0,3,58,,,0,,22,0,0,0
md,2023,2,2023-W02,0,0,0.0,,0,3,58,,,0,,22,0,0,0
me,2023,2,2023-W02,0,0,0.0,,0,3,58,,,0,,22,0,0,0
mi,2023,2,2023-W02,0,0,0.0,,0,3,58,,,0,,22,0,0,0
mn,2023,2,2023-W02,0,0,0.0,,0,3,58,,,0,,22,0,0,0
mo,2023,2,2023-W02,0,0,0.0,,0,3,58,,,0,,22,0,0,0
ms,2023,2,2023-W02,0,0,0.0,,0,3,58,,,0,,22,0,0,0
mt,2023,2,2023-W02,0,0,0.0,,0,3,58,,,0,,22,0,0,0
nc,2023,2,2023-W02,0,0,0.0,,0,3,58,,,0,,22,0,0,0
ne,2023,2,2023-W02,0,0,0.0,,0,3,58,,,0,,22,0,0,0
nh,2023,2,2023-W02,0,0,0.0,,0,3,58,,,0,,22,0,0,0
nj,2023,2,2023-W02,0,0,0.0,,0,3,58,,,0,,22,0,0,0
nm,2023,2,2023-W02,0,0,0.0,,0,3,58,,,0,,22,0,0,0
nv,2023,2,2023-W02,0,0,0.0,,0,3,58,,,0,,22,0,0,0
ny,2023,2,2023-W02,0,0,0.0,,0,3,58,,,0,,22,0,0,0
oh,2023,2,2023-W02,0,0,0.0,,0,3,58,,,0,,22,0,0,0
ok,2023,2,2023-W02,0,0,0.0,,0,3,58,,,0,,22,0,0,0
or,2023,2,2023-W02,0,0,0.0,,0,3,58,,,0,,22,0,0,0
pa,2023,2,2023-W02,0,0,0.0,,0,3,58,,,0,,22,0,0,0
ri,2023,2,2023-W02,0,0,0.0,,0,3,58,,,0,,22,0,0,0
sc,2023,2,2023-W02,0,0,0.0,,0,3,58,,,0,,22,0,0,0
sd,2023,2,2023-W02,0,0,0.0,,0,3,58,,,0,,22,0,0,0
tn,2023,2,2023-W02,0,0,0.0,,0,3,58,,,0,,22,0,0,0
tx,2023,2,2023-W02,0,0,0.0,,0,3,58,,,0,,22,0,0,0
ut,2023,2,2023-W02,0,0,0.0,,0,3,58,,,0,,22,0,0,0
va,2023,2,2023-W02,0,0,0.0,,0,3,58,,,0,,22,0,0,0
vt,2023,2,2023-W02,0,0,0.0,,0,3,58,,,0,,22,0,0,0
wa,2023,2,2023-W02,0,0,0.0,,0,3,58,,,0,,22,0,0,0
wi,2023,2,2023-W02,0,0,0.0,,0,3,58,,,0,,22,0,0,0
wv,2023,2,2023-W02,0,0,0.0,,0,3,58,,,0,,22,0,0,0
wy,2023,2,2023-W02,0,0,0.0,,0,3,58,,,0,,22,0,0,0
ak,2023,3,2023-W03,0,0,0.0,,0,0,58,,,0,,25,0,0,0
al,2023,3,2023-W03,0,0,0.0,,0,0,58,,,0,,25,0,0,0
ar,2023,3,2023-W03,0,0,0.0,,0,0,58,,,0,,25,0,0,0
ca,2023,3,2023-W03,0,0,0.0,,0,0,58,,,0,,25,0,0,0
co,2023,3,2023-W03,0,0,0.0,,0,0,58,,,0,,25,0,0,0
ct,2023,3,2023-W03,0,0,0.0,,0,0,58,,,0,,25,0,0,0
dc,2023,3,2023-W03,0,0,0.0,,0,0,58,,,0,,25,0,0,0
de,2023,3,2023-W03,0,0,0.0,,0,0,58,,,0,,25,0,0,0
fl,2023,3,2023-W03,0,0,0.0,,0,0,58,,,0,,25,0,0,0
ga,2023,3,2023-W03,0,0,0.0,,0,0,58,,,0,,25,0,0,0
gu,2023,3,2023-W03,0,0,0.0,,0,0,58,,,0,,25,0,0,0
hi,2023,3,2023-W03,0,0,0.0,,0,0,58,,,0,,25,0,0,0
ia,2023,3,2023-W03,0,0,0.0,,0,0,58,,,0,,25,0,0,0
id,2023,3,2023-W03,0,0,0.0,,0,0,58,,,0,,25,0,0,0
il,2023,3,2023-W03,0,0,0.0,,0,0,58,,,0,,25,0,0,0
in,2023,3,2023-W03,0,0,0.0,,0,0,58,,,0,,25,0,0,0
ks,2023,3,2023-W03,0,0,0.0,,0,0,58,,,0,,25,0,0,0
ky,2023,3,2023-W03,0,0,0.0,,0,0,58,,,0,,25,0,0,0
la,2023,3,2023-W03,0,0,0.0,,0,0,58,,,0,,25,0,0,0
ma,2023,3,2023-W03,0,0,0.0,,0,0,58,,,0,,25,0,0,0
md,2023,3,2023-W03,0,0,0.0,,0,0,58,,,0,,25,0,0,0
me,2023,3,2023-W03,0,0,0.0,,0,0,58,,,0,,25,0,0,0
mi,2023,3,2023-W03,0,0,0.0,,0,0,58,,,0,,25,0,0,0
mn,2023,3,2023-W03,0,0,0.0,,0,0,58,,,0,,25,0,0,0
mo,2023,3,2023-W03,0,0,0.0,,0,0,58,,,0,,25,0,0,0
ms,2023,3,2023-W03,0,0,0.0,,0,0,58,,,0,,25,0,0,0
mt,2023,3,2023-W03,0,0,0.0,,0,0,58,,,0,,25,0,0,0
nc,2023,3,2023-W03,0,0,0.0,,0,0,58,,,0,,25,0,0,0
ne,2023,3,2023-W03,0,0,0.0,,0,0,58,,,0,,25,0,0,0
nh,2023,3,2023-W03,0,0,0.0,,0,0,58,,,0,,25,0,0,0
nj,2023,3,2023-W03,0,0,0.0,,0,0,58,,,0,,25,0,0,0
nm,2023,3,2023-W03,0,0,0.0,,0,0,58,,,0,,25,0,0,0
nv,2023,3,2023-W03,0,0,0.0,,0,0,58,,,0,,25,0,0,0
ny,2023,3,2023-W03,0,0,0.0,,0,0,58,,,0,,25,0,0,0
oh,2023,3,2023-W03,0,0,0.0,,0,0,58,,,0,,25,0,0,0
ok,2023,3,2023-W03,0,0,0.0,,0,0,58,,,0,,25,0,0,0
or,2023,3,2023-W03,0,0,0.0,,0,0,58,,,0,,25,0,0,0
pa,2023,3,2023-W03,0,0,0.0,,0,0,58,,,0,,25,0,0,0
ri,2023,3,2023-W03,0,0,0.0,,0,0,58,,,0,,25,0,0,0
sc,2023,3,2023-W03,0,0,0.0,,0,0,58,,,0,,25,0,0,0
sd,2023,3,2023-W03,0,0,0.0,,0,0,58,,,0,,25,0,0,0
tn,2023,3,2023-W03,0,0,0.0,,0,0,58,,,0,,25,0,0,0
tx,2023,3,2023-W03,0,0,0.0,,0,0,58,,,0,,25,0,0,0
ut,2023,3,2023-W03,0,0,0.0,,0,0,58,,,0,,25,0,0,0
va,2023,3,2023-W03,0,0,0.0,,0,0,58,,,0,,25,0,0,0
vt,2023,3,2023-W03,0,0,0.0,,0,0,58,,,0,,25,0,0,0
wa,2023,3,2023-W03,0,0,0.0,,0,0,58,,,0,,25,0,0,0
wi,2023,3,2023-W03,0,0,0.0,,0,0,58,,,0,,25,0,0,0
wv,2023,3,2023-W03,0,0,0.0,,0,0,58,,,0,,25,0,0,0
wy,2023,3,2023-W03,0,0,0.0,,0,0,58,,,0,,25,0,0,0
ak,2023,4,2023-W04,0,0,0.0,,0,1,58,,,0,,24,0,0,0
al,2023,4,2023-W04,0,0,0.0,,0,1,58,,,0,,24,0,0,0
ar,2023,4,2023-W04,0,0,0.0,,0,1,58,,,0,,24,0,0,0
ca,2023,4,2023-W04,0,0,0.0,,0,1,58,,,0,,24,0,0,0
co,2023,4,2023-W04,0,0,0.0,,0,1,58,,,0,,24,0,0,0
ct,2023,4,2023-W04,0,0,0.0,,0,1,58,,,0,,24,0,0,0
dc,2023,4,2023-W04,0,0,0.0,,0,1,58,,,0,,24,0,0,0
de,2023,4,2023-W04,0,0,0.0,,0,1,58,,,0,,24,0,0,0
fl,2023,4,2023-W04,0,0,0.0,,0,1,58,,,0,,24,0,0,0
ga,2023,4,2023-W04,0,0,0.0,,0,1,58,,,0,,24,0,0,0
gu,2023,4,2023-W04,0,0,0.0,,0,1,58,,,0,,24,0,0,0
hi,2023,4,2023-W04,0,0,0.0,,0,1,58,,,0,,24,0,0,0
ia,2023,4,2023-W04,0,0,0.0,,0,1,58,,,0,,24,0,0,0
id,2023,4,2023-W04,0,0,0.0,,0,1,58,,,0,,24,0,0,0
il,2023,4,2023-W04,0,0,0.0,,0,1,58,,,0,,24,0,0,0
in,2023,4,2023-W04,0,0,0.0,,0,1,58,,,0,,24,0,0,0
ks,2023,4,2023-W04,0,0,0.0,,0,1,58,,,0,,24,0,0,0
ky,2023,4,2023-W04,0,0,0.0,,0,1,58,,,0,,24,0,0,0
la,2023,4,2023-W04,0,0,0.0,,0,1,58,,,0,,24,0,0,0
ma,2023,4,2023-W04,0,0,0.0,,0,1,58,,,0,,24,0,0,0
md,2023,4,2023-W04,0,0,0.0,,0,1,58,,,0,,24,0,0,0
me,2023,4,2023-W04,0,0,0.0,,0,1,58,,,0,,24,0,0,0
mi,2023,4,2023-W04,0,0,0.0,,0,1,58,,,0,,24,0,0,0
mn,2023,4,2023-W04,0,0,0.0,,0,1,58,,,0,,24,0,0,0
mo,2023,4,2023-W04,0,0,0.0,,0,1,58,,,0,,24,0,0,0
ms,2023,4,2023-W04,0,0,0.0,,0,1,58,,,0,,24,0,0,0
mt,2023,4,2023-W04,0,0,0.0,,0,1,58,,,0,,24,0,0,0
nc,2023,4,2023-W04,0,0,0.0,,0,1,58,,,0,,24,0,0,0
ne,2023,4,2023-W04,0,0,0.0,,0,1,58,,,0,,24,0,0,0
nh,2023,4,2023-W04,0,0,0.0,,0,1,58,,,0,,24,0,0,0
nj,2023,4,2023-W04,0,0,0.0,,0,1,58,,,0,,24,0,0,0
nm,2023,4,2023-W04,0,0,0.0,,0,1,58,,,0,,24,0,0,0
nv,2023,4,2023-W04,0,0,0.0,,0,1,58,,,0,,24,0,0,0
ny,2023,4,2023-W04,0,0,0.0,,0,1,58,,,0,,24,0,0,0
oh,2023,4,2023-W04,0,0,0.0,,0,1,58,,,0,,24,0,0,0
ok,2023,4,2023-W04,0,0,0.0,,0,1,58,,,0,,24,0,0,0
or,2023,4,2023-W04,0,0,0.0,,0,1,58,,,0,,24,0,0,0
pa,2023,4,2023-W04,0,0,0.0,,0,1,58,,,0,,24,0,0,0
ri,2023,4,2023-W04,0,0,0.0,,0,1,58,,,0,,24,0,0,0
sc,2023,4,2023-W04,0,0,0.0,,0,1,58,,,0,,24,0,0,0
sd,2023,4,2023-W04,0,0,0.0,,0,1,58,,,0,,24,0,0,0
tn,2023,4,2023-W04,0,0,0.0,,0,1,58,,,0,,24,0,0,0
tx,2023,4,2023-W04,0,0,0.0,,0,1,58,,,0,,24,0,0,0
ut,2023,4,2023-W04,0,0,0.0,,0,1,58,,,0,,24,0,0,0
va,2023,4,2023-W04,0,0,0.0,,0,1,58,,,0,,24,0,0,0
vt,2023,4,2023-W04,0,0,0.0,,0,1,58,,,0,,24,0,0,0
wa,2023,4,2023-W04,0,0,0.0,,0,1,58,,,0,,24,0,0,0
wi,2023,4,2023-W04,0,0,0.0,,0,1,58,,,0,,24,0,0,0
wv,2023,4,2023-W04,0,0,0.0,,0,1,58,,,0,,24,0,0,0
wy,2023,4,2023-W04,0,0,0.0,,0,1,58,,,0,,24,0,0,0
ak,2023,5,2023-W05,0,0,0.0,,0,0,58,,,0,,23,0,0,0
al,2023,5,2023-W05,0,0,0.0,,0,0,58,,,0,,23,0,0,0
ar,2023,5,2023-W05,0,0,0.0,,0,0,58,,,0,,23,0,0,0
ca,2023,5,2023-W05,0,0,0.0,,0,0,58,,,0,,23,0,0,0
co,2023,5,2023-W05,0,0,0.0,,0,0,58,,,0,,23,0,0,0
ct,2023,5,2023-W05,0,0,0.0,,0,0,58,,,0,,23,0,0,0
dc,2023,5,2023-W05,0,0,0.0,,0,0,58,,,0,,23,0,0,0
de,2023,5,2023-W05,0,0,0.0,,0,0,58,,,0,,23,0,0,0
fl,2023,5,2023-W05,0,0,0.0,,0,0,58,,,0,,23,0,0,0
ga,2023,5,2023-W05,0,0,0.0,,0,0,58,,,0,,23,0,0,0
gu,2023,5,2023-W05,0,0,0.0,,0,0,58,,,0,,23,0,0,0
hi,2023,5,2023-W05,0,0,0.0,,0,0,58,,,0,,23,0,0,0
ia,2023,5,2023-W05,0,0,0.0,,0,0,58,,,0,,23,0,0,0
id,2023,5,2023-W05,0,0,0.0,,0,0,58,,,0,,23,0,0,0
il,2023,5,2023-W05,0,0,0.0,,0,0,58,,,0,,23,0,0,0
in,2023,5,2023-W05,0,0,0.0,,0,0,58,,,0,,23,0,0,0
ks,2023,5,2023-W05,0,0,0.0,,0,0,58,,,0,,23,0,0,0
ky,2023,5,2023-W05,0,0,0.0,,0,0,58,,,0,,23,0,0,0
la,2023,5,2023-W05,0,0,0.0,,0,0,58,,,0,,23,0,0,0
ma,2023,5,2023-W05,0,0,0.0,,0,0,58,,,0,,23,0,0,0
md,2023,5,2023-W05,0,0,0.0,,0,0,58,,,0,,23,0,0,0
me,2023,5,2023-W05,0,0,0.0,,0,0,58,,,0,,23,0,0,0
mi,2023,5,2023-W05,0,0,0.0,,0,0,58,,,0,,23,0,0,0
mn,2023,5,2023-W05,0,0,0.0,,0,0,58,,,0,,23,0,0,0
mo,2023,5,2023-W05,0,0,0.0,,0,0,58,,,0,,23,0,0,0
ms,2023,5,2023-W05,0,0,0.0,,0,0,58,,,0,,23,0,0,0
mt,2023,5,2023-W05,0,0,0.0,,0,0,58,,,0,,23,0,0,0
nc,2023,5,2023-W05,0,0,0.0,,0,0,58,,,0,,23,0,0,0
ne,2023,5,2023-W05,0,0,0.0,,0,0,58,,,0,,23,0,0,0
nh,2023,5,2023-W05,0,0,0.0,,0,0,58,,,0,,23,0,0,0
nj,2023,5,2023-W05,0,0,0.0,,0,0,58,,,0,,23,0,0,0
nm,2023,5,2023-W05,0,0,0.0,,0,0,58,,,0,,23,0,0,0
nv,2023,5,2023-W05,0,0,0.0,,0,0,58,,,0,,23,0,0,0
ny,2023,5,2023-W05,0,0,0.0,,0,0,58,,,0,,23,0,0,0
oh,2023,5,2023-W05,0,0,0.0,,0,0,58,,,0,,23,0,0,0
ok,2023,5,2023-W05,0,0,0.0,,0,0,58,,,0,,23,0,0,0
or,2023,5,2023-W05,0,0,0.0,,0,0,58,,,0,,23,0,0,0
pa,2023,5,2023-W05,0,0,0.0,,0,0,58,,,0,,23,0,0,0
ri,2023,5,2023-W05,0,0,0.0,,0,0,58,,,0,,23,0,0,0
sc,2023,5,2023-W05,0,0,0.0,,0,0,58,,,0,,23,0,0,0
sd,2023,5,2023-W05,0,0,0.0,,0,0,58,,,0,,23,0,0,0
tn,2023,5,2023-W05,0,0,0.0,,0,0,58,,,0,,23,0,0,0
tx,2023,5,2023-W05,0,0,0.0,,0,0,58,,,0,,23,0,0,0
ut,2023,5,2023-W05,0,0,0.0,,0,0,58,,,0,,23,0,0,0
va,2023,5,2023-W05,0,0,0.0,,0,0,58,,,0,,23,0,0,0
vt,2023,5,2023-W05,0,0,0.0,,0,0,58,,,0,,23,0,0,0
wa,2023,5,2023-W05,0,0,0.0,,0,0,58,,,0,,23,0,0,0
wi,2023,5,2023-W05,0,0,0.0,,0,0,58,,,0,,23,0,0,0
wv,2023,5,2023-W05,0,0,0.0,,0,0,58,,,0,,23,0,0,0
wy,2023,5,2023-W05,0,0,0.0,,0,0,58,,,0,,23,0,0,0
ak,2023,6,2023-W06,0,0,0.0,,0,1,58,,,0,,18,0,0,0
al,2023,6,2023-W06,0,0,0.0,,0,1,58,,,0,,18,0,0,0
ar,2023,6,2023-W06,0,0,0.0,,0,1,58,,,0,,18,0,0,0
ca,2023,6,2023-W06,0,0,0.0,,0,1,58,,,0,,18,0,0,0
co,2023,6,2023-W06,0,0,0.0,,0,1,58,,,0,,18,0,0,0
ct,2023,6,2023-W06,0,0,0.0,,0,1,58,,,0,,18,0,0,0
dc,2023,6,2023-W06,0,0,0.0,,0,1,58,,,0,,18,0,0,0
de,2023,6,2023-W06,0,0,0.0,,0,1,58,,,0,,18,0,0,0
fl,2023,6,2023-W06,0,0,0.0,,0,1,58,,,0,,18,0,0,0
ga,2023,6,2023-W06,0,0,0.0,,0,1,58,,,0,,18,0,0,0
gu,2023,6,2023-W06,0,0,0.0,,0,1,58,,,0,,18,0,0,0
hi,2023,6,2023-W06,0,0,0.0,,0,1,58,,,0,,18,0,0,0
ia,2023,6,2023-W06,0,0,0.0,,0,1,58,,,0,,18,0,0,0
id,2023,6,2023-W06,0,0,0.0,,0,1,58,,,0,,18,0,0,0
il,2023,6,2023-W06,0,0,0.0,,0,1,58,,,0,,18,0,0,0
in,2023,6,2023-W06,0,0,0.0,,0,1,58,,,0,,18,0,0,0
ks,2023,6,2023-W06,0,0,0.0,,0,1,58,,,0,,18,0,0,0
ky,2023,6,2023-W06,0,0,0.0,,0,1,58,,,0,,18,0,0,0
la,2023,6,2023-W06,0,0,0.0,,0,1,58,,,0,,18,0,0,0
ma,2023,6,2023-W06,0,0,0.0,,0,1,58,,,0,,18,0,0,0
md,2023,6,2023-W06,0,0,0.0,,0,1,58,,,0,,18,0,0,0
me,2023,6,2023-W06,0,0,0.0,,0,1,58,,,0,,18,0,0,0
mi,2023,6,2023-W06,0,0,0.0,,0,1,58,,,0,,18,0,0,0
mn,2023,6,2023-W06,0,0,0.0,,0,1,58,,,0,,18,0,0,0
mo,2023,6,2023-W06,0,0,0.0,,0,1,58,,,0,,18,0,0,0
ms,2023,6,2023-W06,0,0,0.0,,0,1,58,,,0,,18,0,0,0
mt,2023,6,2023-W06,0,0,0.0,,0,1,58,,,0,,18,0,0,0
nc,2023,6,2023-W06,0,0,0.0,,0,1,58,,,0,,18,0,0,0
ne,2023,6,2023-W06,0,0,0.0,,0,1,58,,,0,,18,0,0,0
nh,2023,6,2023-W06,0,0,0.0,,0,1,58,,,0,,18,0,0,0
nj,2023,6,2023-W06,0,0,0.0,,0,1,58,,,0,,18,0,0,0
nm,2023,6,2023-W06,0,0,0.0,,0,1,58,,,0,,18,0,0,0
nv,2023,6,2023-W06,0,0,0.0,,0,1,58,,,0,,18,0,0,0
ny,2023,6,2023-W06,0,0,0.0,,0,1,58,,,0,,18,0,0,0
oh,2023,6,2023-W06,0,0,0.0,,0,1,58,,,0,,18,0,0,0
ok,2023,6,2023-W06,0,0,0.0,,0,1,58,,,0,,18,0,0,0
or,2023,6,2023-W06,0,0,0.0,,0,1,58,,,0,,18,0,0,0
pa,2023,6,2023-W06,0,0,0.0,,0,1,58,,,0,,18,0,0,0
ri,2023,6,2023-W06,0,0,0.0,,0,1,58,,,0,,18,0,0,0
sc,2023,6,2023-W06,0,0,0.0,,0,1,58,,,0,,18,0,0,0
sd,2023,6,2023-W06,0,0,0.0,,0,1,58,,,0,,18,0,0,0
tn,2023,6,2023-W06,0,0,0.0,,0,1,58,,,0,,18,0,0,0
tx,2023,6,2023-W06,0,0,0.0,,0,1,58,,,0,,18,0,0,0
ut,2023,6,2023-W06,0,0,0.0,,0,1,58,,,0,,18,0,0,0
va,2023,6,2023-W06,0,0,0.0,,0,1,58,,,0,,18,0,0,0
vt,2023,6,2023-W06,0,0,0.0,,0,1,58,,,0,,18,0,0,0
wa,2023,6,2023-W06,0,0,0.0,,0,1,58,,,0,,18,0,0,0
wi,2023,6,2023-W06,0,0,0.0,,0,1,58,,,0,,18,0,0,0
wv,2023,6,2023-W06,0,0,0.0,,0,1,58,,,0,,18,0,0,0
wy,2023,6,2023-W06,0,0,0.0,,0,1,58,,,0,,18,0,0,0
ak,2023,7,2023-W07,0,0,0.0,,0,2,58,,,0,,23,0,0,0
al,2023,7,2023-W07,0,0,0.0,,0,2,58,,,0,,23,0,0,0
ar,2023,7,2023-W07,0,0,0.0,,0,2,58,,,0,,23,0,0,0
ca,2023,7,2023-W07,0,0,0.0,,0,2,58,,,0,,23,0,0,0
co,2023,7,2023-W07,0,0,0.0,,0,2,58,,,0,,23,0,0,0
ct,2023,7,2023-W07,0,0,0.0,,0,2,58,,,0,,23,0,0,0
dc,2023,7,2023-W07,0,0,0.0,,0,2,58,,,0,,23,0,0,0
de,2023,7,2023-W07,0,0,0.0,,0,2,58,,,0,,23,0,0,0
fl,2023,7,2023-W07,0,0,0.0,,0,2,58,,,0,,23,0,0,0
ga,2023,7,2023-W07,0,0,0.0,,0,2,58,,,0,,23,0,0,0
gu,2023,7,2023-W07,0,0,0.0,,0,2,58,,,0,,23,0,0,0
hi,2023,7,2023-W07,0,0,0.0,,0,2,58,,,0,,23,0,0,0
ia,2023,7,2023-W07,0,0,0.0,,0,2,58,,,0,,23,0,0,0
id,2023,7,2023-W07,0,0,0.0,,0,2,58,,,0,,23,0,0,0
il,2023,7,2023-W07,0,0,0.0,,0,2,58,,,0,,23,0,0,0
in,2023,7,2023-W07,0,0,0.0,,0,2,58,,,0,,23,0,0,0
ks,2023,7,2023-W07,0,0,0.0,,0,2,58,,,0,,23,0,0,0
ky,2023,7,2023-W07,0,0,0.0,,0,2,58,,,0,,23,0,0,0
la,2023,7,2023-W07,0,0,0.0,,0,2,58,,,0,,23,0,0,0
ma,2023,7,2023-W07,0,0,0.0,,0,2,58,,,0,,23,0,0,0
md,2023,7,2023-W07,0,0,0.0,,0,2,58,,,0,,23,0,0,0
me,2023,7,2023-W07,0,0,0.0,,0,2,58,,,0,,23,0,0,0
mi,2023,7,2023-W07,0,0,0.0,,0,2,58,,,0,,23,0,0,0
mn,2023,7,2023-W07,0,0,0.0,,0,2,58,,,0,,23,0,0,0
mo,2023,7,2023-W07,0,0,0.0,,0,2,58,,,0,,23,0,0,0
ms,2023,7,2023-W07,0,0,0.0,,0,2,58,,,0,,23,0,0,0
mt,2023,7,2023-W07,0,0,0.0,,0,2,58,,,0,,23,0,0,0
nc,2023,7,2023-W07,0,0,0.0,,0,2,58,,,0,,23,0,0,0
ne,2023,7,2023-W07,0,0,0.0,,0,2,58,,,0,,23,0,0,0
nh,2023,7,2023-W07,0,0,0.0,,0,2,58,,,0,,23,0,0,0
nj,2023,7,2023-W07,0,0,0.0,,0,2,58,,,0,,23,0,0,0
nm,2023,7,2023-W07,0,0,0.0,,0,2,58,,,0,,23,0,0,0
nv,2023,7,2023-W07,0,0,0.0,,0,2,58,,,0,,23,0,0,0
ny,2023,7,2023-W07,0,0,0.0,,0,2,58,,,0,,23,0,0,0
oh,2023,7,2023-W07,0,0,0.0,,0,2,58,,,0,,23,0,0,0
ok,2023,7,2023-W07,0,0,0.0,,0,2,58,,,0,,23,0,0,0
or,2023,7,2023-W07,0,0,0.0,,0,2,58,,,0,,23,0,0,0
pa,2023,7,2023-W07,0,0,0.0,,0,2,58,,,0,,23,0,0,0
ri,2023,7,2023-W07,0,0,0.0,,0,2,58,,,0,,23,0,0,0
sc,2023,7,2023-W07,0,0,0.0,,0,2,58,,,0,,23,0,0,0
sd,2023,7,2023-W07,0,0,0.0,,0,2,58,,,0,,23,0,0,0
tn,2023,7,2023-W07,0,0,0.0,,0,2,58,,,0,,23,0,0,0
tx,2023,7,2023-W07,0,0,0.0,,0,2,58,,,0,,23,0,0,0
ut,2023,7,2023-W07,0,0,0.0,,0,2,58,,,0,,23,0,0,0
va,2023,7,2023-W07,0,0,0.0,,0,2,58,,,0,,23,0,0,0
vt,2023,7,2023-W07,0,0,0.0,,0,2,58,,,0,,23,0,0,0
wa,2023,7,2023-W07,0,0,0.0,,0,2,58,,,0,,23,0,0,0
wi,2023,7,2023-W07,0,0,0.0,,0,2,58,,,0,,23,0,0,0
wv,2023,7,2023-W07,0,0,0.0,,0,2,58,,,0,,23,0,0,0
wy,2023,7,2023-W07,0,0,0.0,,0,2,58,,,0,,23,0,0,0
ak,2023,8,2023-W08,0,0,0.0,,0,0,58,,,0,,16,0,0,0
al,2023,8,2023-W08,0,0,0.0,,0,0,58,,,0,,16,0,0,0
ar,2023,8,2023-W08,0,0,0.0,,0,0,58,,,0,,16,0,0,0
ca,2023,8,2023-W08,0,0,0.0,,0,0,58,,,0,,16,0,0,0
co,2023,8,2023-W08,0,0,0.0,,0,0,58,,,0,,16,0,0,0
ct,2023,8,2023-W08,0,0,0.0,,0,0,58,,,0,,16,0,0,0
dc,2023,8,2023-W08,0,0,0.0,,0,0,58,,,0,,16,0,0,0
de,2023,8,2023-W08,0,0,0.0,,0,0,58,,,0,,16,0,0,0
fl,2023,8,2023-W08,0,0,0.0,,0,0,58,,,0,,16,0,0,0
ga,2023,8,2023-W08,0,0,0.0,,0,0,58,,,0,,16,0,0,0
gu,2023,8,2023-W08,0,0,0.0,,0,0,58,,,0,,16,0,0,0
hi,2023,8,2023-W08,0,0,0.0,,0,0,58,,,0,,16,0,0,0
ia,2023,8,2023-W08,0,0,0.0,,0,0,58,,,0,,16,0,0,0
id,2023,8,2023-W08,0,0,0.0,,0,0,58,,,0,,16,0,0,0
il,2023,8,2023-W08,0,0,0.0,,0,0,58,,,0,,16,0,0,0
in,2023,8,2023-W08,0,0,0.0,,0,0,58,,,0,,16,0,0,0
ks,2023,8,2023-W08,0,0,0.0,,0,0,58,,,0,,16,0,0,0
ky,2023,8,2023-W08,0,0,0.0,,0,0,58,,,0,,16,0,0,0
la,2023,8,2023-W08,0,0,0.0,,0,0,58,,,0,,16,0,0,0
ma,2023,8,2023-W08,0,0,0.0,,0,0,58,,,0,,16,0,0,0
md,2023,8,2023-W08,0,0,0.0,,0,0,58,,,0,,16,0,0,0
me,2023,8,2023-W08,0,0,0.0,,0,0,58,,,0,,16,0,0,0
mi,2023,8,2023-W08,0,0,0.0,,0,0,58,,,0,,16,0,0,0
mn,2023,8,2023-W08,0,0,0.0,,0,0,58,,,0,,16,0,0,0
mo,2023,8,2023-W08,0,0,0.0,,0,0,58,,,0,,16,0,0,0
ms,2023,8,2023-W08,0,0,0.0,,0,0,58,,,0,,16,0,0,0
mt,2023,8,2023-W08,0,0,0.0,,0,0,58,,,0,,16,0,0,0
nc,2023,8,2023-W08,0,0,0.0,,0,0,58,,,0,,16,0,0,0
ne,2023,8,2023-W08,0,0,0.0,,0,0,58,,,0,,16,0,0,0
nh,2023,8,2023-W08,0,0,0.0,,0,0,58,,,0,,16,0,0,0
nj,2023,8,2023-W08,0,0,0.0,,0,0,58,,,0,,16,0,0,0
nm,2023,8,2023-W08,0,0,0.0,,0,0,58,,,0,,16,0,0,0
nv,2023,8,2023-W08,0,0,0.0,,0,0,58,,,0,,16,0,0,0
ny,2023,8,2023-W08,0,0,0.0,,0,0,58,,,0,,16,0,0,0
oh,2023,8,2023-W08,0,0,0.0,,0,0,58,,,0,,16,0,0,0
ok,2023,8,2023-W08,0,0,0.0,,0,0,58,,,0,,16,0,0,0
or,2023,8,2023-W08,0,0,0.0,,0,0,58,,,0,,16,0,0,0
pa,2023,8,2023-W08,0,0,0.0,,0,0,58,,,0,,16,0,0,0
ri,2023,8,2023-W08,0,0,0.0,,0,0,58,,,0,,16,0,0,0
sc,2023,8,2023-W08,0,0,0.0,,0,0,58,,,0,,16,0,0,0
sd,2023,8,2023-W08,0,0,0.0,,0,0,58,,,0,,16,0,0,0
tn,2023,8,2023-W08,0,0,0.0,,0,0,58,,,0,,16,0,0,0
tx,2023,8,2023-W08,0,0,0.0,,0,0,58,,,0,,16,0,0,0
ut,2023,8,2023-W08,0,0,0.0,,0,0,58,,,0,,16,0,0,0
va,2023,8,2023-W08,0,0,0.0,,0,0,58,,,0,,16,0,0,0
vt,2023,8,2023-W08,0,0,0.0,,0,0,58,,,0,,16,0,0,0
wa,2023,8,2023-W08,0,0,0.0,,0,0,58,,,0,,16,0,0,0
wi,2023,8,2023-W08,0,0,0.0,,0,0,58,,,0,,16,0,0,0
wv,2023,8,2023-W08,0,0,0.0,,0,0,58,,,0,,16,0,0,0
wy,2023,8,2023-W08,0,0,0.0,,0,0,58,,,0,,16,0,0,0
ak,2023,9,2023-W09,0,0,0.0,,0,2,58,,,0,,18,0,0,0
al,2023,9,2023-W09,0,0,0.0,,0,2,58,,,0,,18,0,0,0
ar,2023,9,2023-W09,0,0,0.0,,0,2,58,,,0,,18,0,0,0
ca,2023,9,2023-W09,0,0,0.0,,0,2,58,,,0,,18,0,0,0
co,2023,9,2023-W09,0,0,0.0,,0,2,58,,,0,,18,0,0,0
ct,2023,9,2023-W09,0,0,0.0,,0,2,58,,,0,,18,0,0,0
dc,2023,9,2023-W09,0,0,0.0,,0,2,58,,,0,,18,0,0,0
de,2023,9,2023-W09,0,0,0.0,,0,2,58,,,0,,18,0,0,0
fl,2023,9,2023-W09,0,0,0.0,,0,2,58,,,0,,18,0,0,0
ga,2023,9,2023-W09,0,0,0.0,,0,2,58,,,0,,18,0,0,0
gu,2023,9,2023-W09,0,0,0.0,,0,2,58,,,0,,18,0,0,0
hi,2023,9,2023-W09,0,0,0.0,,0,2,58,,,0,,18,0,0,0
ia,2023,9,2023-W09,0,0,0.0,,0,2,58,,,0,,18,0,0,0
id,2023,9,2023-W09,0,0,0.0,,0,2,58,,,0,,18,0,0,0
il,2023,9,2023-W09,0,0,0.0,,0,2,58,,,0,,18,0,0,0
in,2023,9,2023-W09,0,0,0.0,,0,2,58,,,0,,18,0,0,0
ks,2023,9,2023-W09,0,0,0.0,,0,2,58,,,0,,18,0,0,0
ky,2023,9,2023-W09,0,0,0.0,,0,2,58,,,0,,18,0,0,0
la,2023,9,2023-W09,0,0,0.0,,0,2,58,,,0,,18,0,0,0
ma,2023,9,2023-W09,0,0,0.0,,0,2,58,,,0,,18,0,0,0
md,2023,9,2023-W09,0,0,0.0,,0,2,58,,,0,,18,0,0,0
me,2023,9,2023-W09,0,0,0.0,,0,2,58,,,0,,18,0,0,0
mi,2023,9,2023-W09,0,0,0.0,,0,2,58,,,0,,18,0,0,0
mn,2023,9,2023-W09,0,0,0.0,,0,2,58,,,0,,18,0,0,0
mo,2023,9,2023-W09,0,0,0.0,,0,2,58,,,0,,18,0,0,0
ms,2023,9,2023-W09,0,0,0.0,,0,2,58,,,0,,18,0,0,0
mt,2023,9,2023-W09,0,0,0.0,,0,2,58,,,0,,18,0,0,0
nc,2023,9,2023-W09,0,0,0.0,,0,2,58,,,0,,18,0,0,0
ne,2023,9,2023-W09,0,0,0.0,,0,2,58,,,0,,18,0,0,0
nh,2023,9,2023-W09,0,0,0.0,,0,2,58,,,0,,18,0,0,0
nj,2023,9,2023-W09,0,0,0.0,,0,2,58,,,0,,18,0,0,0
nm,2023,9,2023-W09,0,0,0.0,,0,2,58,,,0,,18,0,0,0
nv,2023,9,2023-W09,0,0,0.0,,0,2,58,,,0,,18,0,0,0
ny,2023,9,2023-W09,0,0,0.0,,0,2,58,,,0,,18,0,0,0
oh,2023,9,2023-W09,0,0,0.0,,0,2,58,,,0,,18,0,0,0
ok,2023,9,2023-W09,0,0,0.0,,0,2,58,,,0,,18,0,0,0
or,2023,9,2023-W09,0,0,0.0,,0,2,58,,,0,,18,0,0,0
pa,2023,9,2023-W09,0,0,0.0,,0,2,58,,,0,,18,0,0,0
ri,2023,9,2023-W09,0,0,0.0,,0,2,58,,,0,,18,0,0,0
sc,2023,9,2023-W09,0,0,0.0,,0,2,58,,,0,,18,0,0,0
sd,2023,9,2023-W09,0,0,0.0,,0,2,58,,,0,,18,0,0,0
tn,2023,9,2023-W09,0,0,0.0,,0,2,58,,,0,,18,0,0,0
tx,2023,9,2023-W09,0,0,0.0,,0,2,58,,,0,,18,0,0,0
ut,2023,9,2023-W09,0,0,0.0,,0,2,58,,,0,,18,0,0,0
va,2023,9,2023-W09,0,0,0.0,,0,2,58,,,0,,18,0,0,0
vt,2023,9,2023-W09,0,0,0.0,,0,2,58,,,0,,18,0,0,0
wa,2023,9,2023-W09,0,0,0.0,,0,2,58,,,0,,18,0,0,0
wi,2023,9,2023-W09,0,0,0.0,,0,2,58,,,0,,18,0,0,0
wv,2023,9,2023-W09,0,0,0.0,,0,2,58,,,0,,18,0,0,0
wy,2023,9,2023-W09,0,0,0.0,,0,2,58,,,0,,18,0,0,0
ak,2023,10,2023-W10,0,0,0.0,,0,1,58,,,0,,17,0,0,0
al,2023,10,2023-W10,0,0,0.0,,0,1,58,,,0,,17,0,0,0
ar,2023,10,2023-W10,0,0,0.0,,0,1,58,,,0,,17,0,0,0
ca,2023,10,2023-W10,0,0,0.0,,0,1,58,,,0,,17,0,0,0
co,2023,10,2023-W10,0,0,0.0,,0,1,58,,,0,,17,0,0,0
ct,2023,10,2023-W10,0,0,0.0,,0,1,58,,,0,,17,0,0,0
dc,2023,10,2023-W10,0,0,0.0,,0,1,58,,,0,,17,0,0,0
de,2023,10,2023-W10,0,0,0.0,,0,1,58,,,0,,17,0,0,0
fl,2023,10,2023-W10,0,0,0.0,,0,1,58,,,0,,17,0,0,0
ga,2023,10,2023-W10,0,0,0.0,,0,1,58,,,0,,17,0,0,0
gu,2023,10,2023-W10,0,0,0.0,,0,1,58,,,0,,17,0,0,0
hi,2023,10,2023-W10,0,0,0.0,,0,1,58,,,0,,17,0,0,0
ia,2023,10,2023-W10,0,0,0.0,,0,1,58,,,0,,17,0,0,0
id,2023,10,2023-W10,0,0,0.0,,0,1,58,,,0,,17,0,0,0
il,2023,10,2023-W10,0,0,0.0,,0,1,58,,,0,,17,0,0,0
in,2023,10,2023-W10,0,0,0.0,,0,1,58,,,0,,17,0,0,0
ks,2023,10,2023-W10,0,0,0.0,,0,1,58,,,0,,17,0,0,0
ky,2023,10,2023-W10,0,0,0.0,,0,1,58,,,0,,17,0,0,0
la,2023,10,2023-W10,0,0,0.0,,0,1,58,,,0,,17,0,0,0
ma,2023,10,2023-W10,0,0,0.0,,0,1,58,,,0,,17,0,0,0
md,2023,10,2023-W10,0,0,0.0,,0,1,58,,,0,,17,0,0,0
me,2023,10,2023-W10,0,0,0.0,,0,1,58,,,0,,17,0,0,0
mi,2023,10,2023-W10,0,0,0.0,,0,1,58,,,0,,17,0,0,0
mn,2023,10,2023-W10,0,0,0.0,,0,1,58,,,0,,17,0,0,0
mo,2023,10,2023-W10,0,0,0.0,,0,1,58,,,0,,17,0,0,0
ms,2023,10,2023-W10,0,0,0.0,,0,1,58,,,0,,17,0,0,0
mt,2023,10,2023-W10,0,0,0.0,,0,1,58,,,0,,17,0,0,0
nc,2023,10,2023-W10,0,0,0.0,,0,1,58,,,0,,17,0,0,0
ne,2023,10,2023-W10,0,0,0.0,,0,1,58,,,0,,17,0,0,0
nh,2023,10,2023-W10,0,0,0.0,,0,1,58,,,0,,17,0,0,0
nj,2023,10,2023-W10,0,0,0.0,,0,1,58,,,0,,17,0,0,0
nm,2023,10,2023-W10,0,0,0.0,,0,1,58,,,0,,17,0,0,0
nv,2023,10,2023-W10,0,0,0.0,,0,1,58,,,0,,17,0,0,0
ny,2023,10,2023-W10,0,0,0.0,,0,1,58,,,0,,17,0,0,0
oh,2023,10,2023-W10,0,0,0.0,,0,1,58,,,0,,17,0,0,0
ok,2023,10,2023-W10,0,0,0.0,,0,1,58,,,0,,17,0,0,0
or,2023,10,2023-W10,0,0,0.0,,0,1,58,,,0,,17,0,0,0
pa,2023,10,2023-W10,0,0,0.0,,0,1,58,,,0,,17,0,0,0
ri,2023,10,2023-W10,0,0,0.0,,0,1,58,,,0,,17,0,0,0
sc,2023,10,2023-W10,0,0,0.0,,0,1,58,,,0,,17,0,0,0
sd,2023,10,2023-W10,0,0,0.0,,0,1,58,,,0,,17,0,0,0
tn,2023,10,2023-W10,0,0,0.0,,0,1,58,,,0,,17,0,0,0
tx,2023,10,2023-W10,0,0,0.0,,0,1,58,,,0,,17,0,0,0
ut,2023,10,2023-W10,0,0,0.0,,0,1,58,,,0,,17,0,0,0
va,2023,10,2023-W10,0,0,0.0,,0,1,58,,,0,,17,0,0,0
vt,2023,10,2023-W10,0,0,0.0,,0,1,58,,,0,,17,0,0,0
wa,2023,10,2023-W10,0,0,0.0,,0,1,58,,,0,,17,0,0,0
wi,2023,10,2023-W10,0,0,0.0,,0,1,58,,,0,,17,0,0,0
wv,2023,10,2023-W10,0,0,0.0,,0,1,58,,,0,,17,0,0,0
wy,2023,10,2023-W10,0,0,0.0,,0,1,58,,,0,,17,0,0,0
ak,2023,11,2023-W11,0,0,0.0,,0,3,58,,,0,,20,0,0,0
al,2023,11,2023-W11,0,0,0.0,,0,3,58,,,0,,20,0,0,0
ar,2023,11,2023-W11,0,0,0.0,,0,3,58,,,0,,20,0,0,0
ca,2023,11,2023-W11,0,0,0.0,,0,3,58,,,0,,20,0,0,0
co,2023,11,2023-W11,0,0,0.0,,0,3,58,,,0,,20,0,0,0
ct,2023,11,2023-W11,0,0,0.0,,0,3,58,,,0,,20,0,0,0
dc,2023,11,2023-W11,0,0,0.0,,0,3,58,,,0,,20,0,0,0
de,2023,11,2023-W11,0,0,0.0,,0,3,58,,,0,,20,0,0,0
fl,2023,11,2023-W11,0,0,0.0,,0,3,58,,,0,,20,0,0,0
ga,2023,11,2023-W11,0,0,0.0,,0,3,58,,,0,,20,0,0,0
gu,2023,11,2023-W11,0,0,0.0,,0,3,58,,,0,,20,0,0,0
hi,2023,11,2023-W11,0,0,0.0,,0,3,58,,,0,,20,0,0,0
ia,2023,11,2023-W11,0,0,0.0,,0,3,58,,,0,,20,0,0,0
id,2023,11,2023-W11,0,0,0.0,,0,3,58,,,0,,20,0,0,0
il,2023,11,2023-W11,0,0,0.0,,0,3,58,,,0,,20,0,0,0
in,2023,11,2023-W11,0,0,0.0,,0,3,58,,,0,,20,0,0,0
ks,2023,11,2023-W11,0,0,0.0,,0,3,58,,,0,,20,0,0,0
ky,2023,11,2023-W11,0,0,0.0,,0,3,58,,,0,,20,0,0,0
la,2023,11,2023-W11,0,0,0.0,,0,3,58,,,0,,20,0,0,0
ma,2023,11,2023-W11,0,0,0.0,,0,3,58,,,0,,20,0,0,0
md,2023,11,2023-W11,0,0,0.0,,0,3,58,,,0,,20,0,0,0
me,2023,11,2023-W11,0,0,0.0,,0,3,58,,,0,,20,0,0,0
mi,2023,11,2023-W11,0,0,0.0,,0,3,58,,,0,,20,0,0,0
mn,2023,11,2023-W11,0,0,0.0,,0,3,58,,,0,,20,0,0,0
mo,2023,11,2023-W11,0,0,0.0,,0,3,58,,,0,,20,0,0,0
ms,2023,11,2023-W11,0,0,0.0,,0,3,58,,,0,,20,0,0,0
mt,2023,11,2023-W11,0,0,0.0,,0,3,58,,,0,,20,0,0,0
nc,2023,11,2023-W11,0,0,0.0,,0,3,58,,,0,,20,0,0,0
ne,2023,11,2023-W11,0,0,0.0,,0,3,58,,,0,,20,0,0,0
nh,2023,11,2023-W11,0,0,0.0,,0,3,58,,,0,,20,0,0,0
nj,2023,11,2023-W11,0,0,0.0,,0,3,58,,,0,,20,0,0,0
nm,2023,11,2023-W11,0,0,0.0,,0,3,58,,,0,,20,0,0,0
nv,2023,11,2023-W11,0,0,0.0,,0,3,58,,,0,,20,0,0,0
ny,2023,11,2023-W11,0,0,0.0,,0,3,58,,,0,,20,0,0,0
oh,2023,11,2023-W11,0,0,0.0,,0,3,58,,,0,,20,0,0,0
ok,2023,11,2023-W11,0,0,0.0,,0,3,58,,,0,,20,0,0,0
or,2023,11,2023-W11,0,0,0.0,,0,3,58,,,0,,20,0,0,0
pa,2023,11,2023-W11,0,0,0.0,,0,3,58,,,0,,20,0,0,0
ri,2023,11,2023-W11,0,0,0.0,,0,3,58,,,0,,20,0,0,0
sc,2023,11,2023-W11,0,0,0.0,,0,3,58,,,0,,20,0,0,0
sd,2023,11,2023-W11,0,0,0.0,,0,3,58,,,0,,20,0,0,0
tn,2023,11,2023-W11,0,0,0.0,,0,3,58,,,0,,20,0,0,0
tx,2023,11,2023-W11,0,0,0.0,,0,3,58,,,0,,20,0,0,0
ut,2023,11,2023-W11,0,0,0.0,,0,3,58,,,0,,20,0,0,0
va,2023,11,2023-W11,0,0,0.0,,0,3,58,,,0,,20,0,0,0
vt,2023,11,2023-W11,0,0,0.0,,0,3,58,,,0,,20,0,0,0
wa,2023,11,2023-W11,0,0,0.0,,0,3,58,,,0,,20,0,0,0
wi,2023,11,2023-W11,0,0,0.0,,0,3,58,,,0,,20,0,0,0
wv,2023,11,2023-W11,0,0,0.0,,0,3,58,,,0,,20,0,0,0
wy,2023,11,2023-W11,0,0,0.0,,0,3,58,,,0,,20,0,0,0
ak,2023,12,2023-W12,0,0,0.0,,0,0,58,,,0,,31,0,0,0
al,2023,12,2023-W12,0,0,0.0,,0,0,58,,,0,,31,0,0,0
ar,2023,12,2023-W12,0,0,0.0,,0,0,58,,,0,,31,0,0,0
ca,2023,12,2023-W12,0,0,0.0,,0,0,58,,,0,,31,0,0,0
co,2023,12,2023-W12,0,0,0.0,,0,0,58,,,0,,31,0,0,0
ct,2023,12,2023-W12,0,0,0.0,,0,0,58,,,0,,31,0,0,0
dc,2023,12,2023-W12,0,0,0.0,,0,0,58,,,0,,31,0,0,0
de,2023,12,2023-W12,0,0,0.0,,0,0,58,,,0,,31,0,0,0
fl,2023,12,2023-W12,0,0,0.0,,0,0,58,,,0,,31,0,0,0
ga,2023,12,2023-W12,0,0,0.0,,0,0,58,,,0,,31,0,0,0
gu,2023,12,2023-W12,0,0,0.0,,0,0,58,,,0,,31,0,0,0
hi,2023,12,2023-W12,0,0,0.0,,0,0,58,,,0,,31,0,0,0
ia,2023,12,2023-W12,0,0,0.0,,0,0,58,,,0,,31,0,0,0
id,2023,12,2023-W12,0,0,0.0,,0,0,58,,,0,,31,0,0,0
il,2023,12,2023-W12,0,0,0.0,,0,0,58,,,0,,31,0,0,0
in,2023,12,2023-W12,0,0,0.0,,0,0,58,,,0,,31,0,0,0
ks,2023,12,2023-W12,0,0,0.0,,0,0,58,,,0,,31,0,0,0
ky,2023,12,2023-W12,0,0,0.0,,0,0,58,,,0,,31,0,0,0
la,2023,12,2023-W12,0,0,0.0,,0,0,58,,,0,,31,0,0,0
ma,2023,12,2023-W12,0,0,0.0,,0,0,58,,,0,,31,0,0,0
md,2023,12,2023-W12,0,0,0.0,,0,0,58,,,0,,31,0,0,0
me,2023,12,2023-W12,0,0,0.0,,0,0,58,,,0,,31,0,0,0
mi,2023,12,2023-W12,0,0,0.0,,0,0,58,,,0,,31,0,0,0
mn,2023,12,2023-W12,0,0,0.0,,0,0,58,,,0,,31,0,0,0
mo,2023,12,2023-W12,0,0,0.0,,0,0,58,,,0,,31,0,0,0
ms,2023,12,2023-W12,0,0,0.0,,0,0,58,,,0,,31,0,0,0
mt,2023,12,2023-W12,0,0,0.0,,0,0,58,,,0,,31,0,0,0
nc,2023,12,2023-W12,0,0,0.0,,0,0,58,,,0,,31,0,0,0
ne,2023,12,2023-W12,0,0,0.0,,0,0,58,,,0,,31,0,0,0
nh,2023,12,2023-W12,0,0,0.0,,0,0,58,,,0,,31,0,0,0
nj,2023,12,2023-W12,0,0,0.0,,0,0,58,,,0,,31,0,0,0
nm,2023,12,2023-W12,0,0,0.0,,0,0,58,,,0,,31,0,0,0
nv,2023,12,2023-W12,0,0,0.0,,0,0,58,,,0,,31,0,0,0
ny,2023,12,2023-W12,0,0,0.0,,0,0,58,,,0,,31,0,0,0
oh,2023,12,2023-W12,0,0,0.0,,0,0,58,,,0,,31,0,0,0
ok,2023,12,2023-W12,0,0,0.0,,0,0,58,,,0,,31,0,0,0
or,2023,12,2023-W12,0,0,0.0,,0,0,58,,,0,,31,0,0,0
pa,2023,12,2023-W12,0,0,0.0,,0,0,58,,,0,,31,0,0,0
ri,2023,12,2023-W12,0,0,0.0,,0,0,58,,,0,,31,0,0,0
sc,2023,12,2023-W12,0,0,0.0,,0,0,58,,,0,,31,0,0,0
sd,2023,12,2023-W12,0,0,0.0,,0,0,58,,,0,,31,0,0,0
tn,2023,12,2023-W12,0,0,0.0,,0,0,58,,,0,,31,0,0,0
tx,2023,12,2023-W12,0,0,0.0,,0,0,58,,,0,,31,0,0,0
ut,2023,12,2023-W12,0,0,0.0,,0,0,58,,,0,,31,0,0,0
va,2023,12,2023-W12,0,0,0.0,,0,0,58,,,0,,31,0,0,0
vt,2023,12,2023-W12,0,0,0.0,,0,0,58,,,0,,31,0,0,0
wa,2023,12,2023-W12,0,0,0.0,,0,0,58,,,0,,31,0,0,0
wi,2023,12,2023-W12,0,0,0.0,,0,0,58,,,0,,31,0,0,0
wv,2023,12,2023-W12,0,0,0.0,,0,0,58,,,0,,31,0,0,0
wy,2023,12,2023-W12,0,0,0.0,,0,0,58,,,0,,31,0,0,0
ak,2023,13,2023-W13,0,0,0.0,,0,1,58,,,0,,10,0,0,0
al,2023,13,2023-W13,0,0,0.0,,0,1,58,,,0,,10,0,0,0
ar,2023,13,2023-W13,0,0,0.0,,0,1,58,,,0,,10,0,0,0
ca,2023,13,2023-W13,0,0,0.0,,0,1,58,,,0,,10,0,0,0
co,2023,13,2023-W13,0,0,0.0,,0,1,58,,,0,,10,0,0,0
ct,2023,13,2023-W13,0,0,0.0,,0,1,58,,,0,,10,0,0,0
dc,2023,13,2023-W13,0,0,0.0,,0,1,58,,,0,,10,0,0,0
de,2023,13,2023-W13,0,0,0.0,,0,1,58,,,0,,10,0,0,0
fl,2023,13,2023-W13,0,0,0.0,,0,1,58,,,0,,10,0,0,0
ga,2023,13,2023-W13,0,0,0.0,,0,1,58,,,0,,10,0,0,0
gu,2023,13,2023-W13,0,0,0.0,,0,1,58,,,0,,10,0,0,0
hi,2023,13,2023-W13,0,0,0.0,,0,1,58,,,0,,10,0,0,0
ia,2023,13,2023-W13,0,0,0.0,,0,1,58,,,0,,10,0,0,0
id,2023,13,2023-W13,0,0,0.0,,0,1,58,,,0,,10,0,0,0
il,2023,13,2023-W13,0,0,0.0,,0,1,58,,,0,,10,0,0,0
in,2023,13,2023-W13,0,0,0.0,,0,1,58,,,0,,10,0,0,0
ks,2023,13,2023-W13,0,0,0.0,,0,1,58,,,0,,10,0,0,0
ky,2023,13,2023-W13,0,0,0.0,,0,1,58,,,0,,10,0,0,0
la,2023,13,2023-W13,0,0,0.0,,0,1,58,,,0,,10,0,0,0
ma,2023,13,2023-W13,0,0,0.0,,0,1,58,,,0,,10,0,0,0
md,2023,13,2023-W13,0,0,0.0,,0,1,58,,,0,,10,0,0,0
me,2023,13,2023-W13,0,0,0.0,,0,1,58,,,0,,10,0,0,0
mi,2023,13,2023-W13,0,0,0.0,,0,1,58,,,0,,10,0,0,0
mn,2023,13,2023-W13,0,0,0.0,,0,1,58,,,0,,10,0,0,0
mo,2023,13,2023-W13,0,0,0.0,,0,1,58,,,0,,10,0,0,0
ms,2023,13,2023-W13,0,0,0.0,,0,1,58,,,0,,10,0,0,0
mt,2023,13,2023-W13,0,0,0.0,,0,1,58,,,0,,10,0,0,0
nc,2023,13,2023-W13,0,0,0.0,,0,1,58,,,0,,10,0,0,0
ne,2023,13,2023-W13,0,0,0.0,,0,1,58,,,0,,10,0,0,0
nh,2023,13,2023-W13,0,0,0.0,,0,1,58,,,0,,10,0,0,0
nj,2023,13,2023-W13,0,0,0.0,,0,1,58,,,0,,10,0,0,0
nm,2023,13,2023-W13,0,0,0.0,,0,1,58,,,0,,10,0,0,0
nv,2023,13,2023-W13,0,0,0.0,,0,1,58,,,0,,10,0,0,0
ny,2023,13,2023-W13,0,0,0.0,,0,1,58,,,0,,10,0,0,0
oh,2023,13,2023-W13,0,0,0.0,,0,1,58,,,0,,10,0,0,0
ok,2023,13,2023-W13,0,0,0.0,,0,1,58,,,0,,10,0,0,0
or,2023,13,2023-W13,0,0,0.0,,0,1,58,,,0,,10,0,0,0
pa,2023,13,2023-W13,0,0,0.0,,0,1,58,,,0,,10,0,0,0
ri,2023,13,2023-W13,0,0,0.0,,0,1,58,,,0,,10,0,0,0
sc,2023,13,2023-W13,0,0,0.0,,0,1,58,,,0,,10,0,0,0
sd,2023,13,2023-W13,0,0,0.0,,0,1,58,,,0,,10,0,0,0
tn,2023,13,2023-W13,0,0,0.0,,0,1,58,,,0,,10,0,0,0
tx,2023,13,2023-W13,0,0,0.0,,0,1,58,,,0,,10,0,0,0
ut,2023,13,2023-W13,0,0,0.0,,0,1,58,,,0,,10,0,0,0
va,2023,13,2023-W13,0,0,0.0,,0,1,58,,,0,,10,0,0,0
vt,2023,13,2023-W13,0,0,0.0,,0,1,58,,,0,,10,0,0,0
wa,2023,13,2023-W13,0,0,0.0,,0,1,58,,,0,,10,0,0,0
wi,2023,13,2023-W13,0,0,0.0,,0,1,58,,,0,,10,0,0,0
wv,2023,13,2023-W13,0,0,0.0,,0,1,58,,,0,,10,0,0,0
wy,2023,13,2023-W13,0,0,0.0,,0,1,58,,,0,,10,0,0,0
ak,2023,14,2023-W14,0,0,0.0,,0,1,58,,,0,,23,0,0,0
al,2023,14,2023-W14,0,0,0.0,,0,1,58,,,0,,23,0,0,0
ar,2023,14,2023-W14,0,0,0.0,,0,1,58,,,0,,23,0,0,0
ca,2023,14,2023-W14,0,0,0.0,,0,1,58,,,0,,23,0,0,0
co,2023,14,2023-W14,0,0,0.0,,0,1,58,,,0,,23,0,0,0
ct,2023,14,2023-W14,0,0,0.0,,0,1,58,,,0,,23,0,0,0
dc,2023,14,2023-W14,0,0,0.0,,0,1,58,,,0,,23,0,0,0
de,2023,14,2023-W14,0,0,0.0,,0,1,58,,,0,,23,0,0,0
fl,2023,14,2023-W14,0,0,0.0,,0,1,58,,,0,,23,0,0,0
ga,2023,14,2023-W14,0,0,0.0,,0,1,58,,,0,,23,0,0,0
gu,2023,14,2023-W14,0,0,0.0,,0,1,58,,,0,,23,0,0,0
hi,2023,14,2023-W14,0,0,0.0,,0,1,58,,,0,,23,0,0,0
ia,2023,14,2023-W14,0,0,0.0,,0,1,58,,,0,,23,0,0,0
id,2023,14,2023-W14,0,0,0.0,,0,1,58,,,0,,23,0,0,0
il,2023,14,2023-W14,0,0,0.0,,0,1,58,,,0,,23,0,0,0
in,2023,14,2023-W14,0,0,0.0,,0,1,58,,,0,,23,0,0,0
ks,2023,14,2023-W14,0,0,0.0,,0,1,58,,,0,,23,0,0,0
ky,2023,14,2023-W14,0,0,0.0,,0,1,58,,,0,,23,0,0,0
la,2023,14,2023-W14,0,0,0.0,,0,1,58,,,0,,23,0,0,0
ma,2023,14,2023-W14,0,0,0.0,,0,1,58,,,0,,23,0,0,0
md,2023,14,2023-W14,0,0,0.0,,0,1,58,,,0,,23,0,0,0
me,2023,14,2023-W14,0,0,0.0,,0,1,58,,,0,,23,0,0,0
mi,2023,14,2023-W14,0,0,0.0,,0,1,58,,,0,,23,0,0,0
mn,2023,14,2023-W14,0,0,0.0,,0,1,58,,,0,,23,0,0,0
mo,2023,14,2023-W14,0,0,0.0,,0,1,58,,,0,,23,0,0,0
ms,2023,14,2023-W14,0,0,0.0,,0,1,58,,,0,,23,0,0,0
mt,2023,14,2023-W14,0,0,0.0,,0,1,58,,,0,,23,0,0,0
nc,2023,14,2023-W14,0,0,0.0,,0,1,58,,,0,,23,0,0,0
ne,2023,14,2023-W14,0,0,0.0,,0,1,58,,,0,,23,0,0,0
nh,2023,14,2023-W14,0,0,0.0,,0,1,58,,,0,,23,0,0,0
nj,2023,14,2023-W14,0,0,0.0,,0,1,58,,,0,,23,0,0,0
nm,2023,14,2023-W14,0,0,0.0,,0,1,58,,,0,,23,0,0,0
nv,2023,14,2023-W14,0,0,0.0,,0,1,58,,,0,,23,0,0,0
ny,2023,14,2023-W14,0,0,0.0,,0,1,58,,,0,,23,0,0,0
oh,2023,14,2023-W14,0,0,0.0,,0,1,58,,,0,,23,0,0,0
ok,2023,14,2023-W14,0,0,0.0,,0,1,58,,,0,,23,0,0,0
or,2023,14,2023-W14,0,0,0.0,,0,1,58,,,0,,23,0,0,0
pa,2023,14,2023-W14,0,0,0.0,,0,1,58,,,0,,23,0,0,0
ri,2023,14,2023-W14,0,0,0.0,,0,1,58,,,0,,23,0,0,0
sc,2023,14,2023-W14,0,0,0.0,,0,1,58,,,0,,23,0,0,0
sd,2023,14,2023-W14,0,0,0.0,,0,1,58,,,0,,23,0,0,0
tn,2023,14,2023-W14,0,0,0.0,,0,1,58,,,0,,23,0,0,0
tx,2023,14,2023-W14,0,0,0.0,,0,1,58,,,0,,23,0,0,0
ut,2023,14,2023-W14,0,0,0.0,,0,1,58,,,0,,23,0,0,0
va,2023,14,2023-W14,0,0,0.0,,0,1,58,,,0,,23,0,0,0
vt,2023,14,2023-W14,0,0,0.0,,0,1,58,,,0,,23,0,0,0
wa,2023,14,2023-W14,0,0,0.0,,0,1,58,,,0,,23,0,0,0
wi,2023,14,2023-W14,0,0,0.0,,0,1,58,,,0,,23,0,0,0
wv,2023,14,2023-W14,0,0,0.0,,0,1,58,,,0,,23,0,0,0
wy,2023,14,2023-W14,0,0,0.0,,0,1,58,,,0,,23,0,0,0
ak,2023,15,2023-W15,0,0,0.0,,0,4,58,,,0,,11,0,0,0
al,2023,15,2023-W15,0,0,0.0,,0,4,58,,,0,,11,0,0,0
ar,2023,15,2023-W15,0,0,0.0,,0,4,58,,,0,,11,0,0,0
ca,2023,15,2023-W15,0,0,0.0,,0,4,58,,,0,,11,0,0,0
co,2023,15,2023-W15,0,0,0.0,,0,4,58,,,0,,11,0,0,0
ct,2023,15,2023-W15,0,0,0.0,,0,4,58,,,0,,11,0,0,0
dc,2023,15,2023-W15,0,0,0.0,,0,4,58,,,0,,11,0,0,0
de,2023,15,2023-W15,0,0,0.0,,0,4,58,,,0,,11,0,0,0
fl,2023,15,2023-W15,0,0,0.0,,0,4,58,,,0,,11,0,0,0
ga,2023,15,2023-W15,0,0,0.0,,0,4,58,,,0,,11,0,0,0
gu,2023,15,2023-W15,0,0,0.0,,0,4,58,,,0,,11,0,0,0
hi,2023,15,2023-W15,0,0,0.0,,0,4,58,,,0,,11,0,0,0
ia,2023,15,2023-W15,0,0,0.0,,0,4,58,,,0,,11,0,0,0
id,2023,15,2023-W15,0,0,0.0,,0,4,58,,,0,,11,0,0,0
il,2023,15,2023-W15,0,0,0.0,,0,4,58,,,0,,11,0,0,0
in,2023,15,2023-W15,0,0,0.0,,0,4,58,,,0,,11,0,0,0
ks,2023,15,2023-W15,0,0,0.0,,0,4,58,,,0,,11,0,0,0
ky,2023,15,2023-W15,0,0,0.0,,0,4,58,,,0,,11,0,0,0
la,2023,15,2023-W15,0,0,0.0,,0,4,58,,,0,,11,0,0,0
ma,2023,15,2023-W15,0,0,0.0,,0,4,58,,,0,,11,0,0,0
md,2023,15,2023-W15,0,0,0.0,,0,4,58,,,0,,11,0,0,0
me,2023,15,2023-W15,0,0,0.0,,0,4,58,,,0,,11,0,0,0
mi,2023,15,2023-W15,0,0,0.0,,0,4,58,,,0,,11,0,0,0
mn,2023,15,2023-W15,0,0,0.0,,0,4,58,,,0,,11,0,0,0
mo,2023,15,2023-W15,0,0,0.0,,0,4,58,,,0,,11,0,0,0
ms,2023,15,2023-W15,0,0,0.0,,0,4,58,,,0,,11,0,0,0
mt,2023,15,2023-W15,0,0,0.0,,0,4,58,,,0,,11,0,0,0
nc,2023,15,2023-W15,0,0,0.0,,0,4,58,,,0,,11,0,0,0
ne,2023,15,2023-W15,0,0,0.0,,0,4,58,,,0,,11,0,0,0
nh,2023,15,2023-W15,0,0,0.0,,0,4,58,,,0,,11,0,0,0
nj,2023,15,2023-W15,0,0,0.0,,0,4,58,,,0,,11,0,0,0
nm,2023,15,2023-W15,0,0,0.0,,0,4,58,,,0,,11,0,0,0
nv,2023,15,2023-W15,0,0,0.0,,0,4,58,,,0,,11,0,0,0
ny,2023,15,2023-W15,0,0,0.0,,0,4,58,,,0,,11,0,0,0
oh,2023,15,2023-W15,0,0,0.0,,0,4,58,,,0,,11,0,0,0
ok,2023,15,2023-W15,0,0,0.0,,0,4,58,,,0,,11,0,0,0
or,2023,15,2023-W15,0,0,0.0,,0,4,58,,,0,,11,0,0,0
pa,2023,15,2023-W15,0,0,0.0,,0,4,58,,,0,,11,0,0,0
ri,2023,15,2023-W15,0,0,0.0,,0,4,58,,,0,,11,0,0,0
sc,2023,15,2023-W15,0,0,0.0,,0,4,58,,,0,,11,0,0,0
sd,2023,15,2023-W15,0,0,0.0,,0,4,58,,,0,,11,0,0,0
tn,2023,15,2023-W15,0,0,0.0,,0,4,58,,,0,,11,0,0,0
tx,2023,15,2023-W15,0,0,0.0,,0,4,58,,,0,,11,0,0,0
ut,2023,15,2023-W15,0,0,0.0,,0,4,58,,,0,,11,0,0,0
va,2023,15,2023-W15,0,0,0.0,,0,4,58,,,0,,11,0,0,0
vt,2023,15,2023-W15,0,0,0.0,,0,4,58,,,0,,11,0,0,0
wa,2023,15,2023-W15,0,0,0.0,,0,4,58,,,0,,11,0,0,0
wi,2023,15,2023-W15,0,0,0.0,,0,4,58,,,0,,11,0,0,0
wv,2023,15,2023-W15,0,0,0.0,,0,4,58,,,0,,11,0,0,0
wy,2023,15,2023-W15,0,0,0.0,,0,4,58,,,0,,11,0,0,0
ak,2023,16,2023-W16,0,0,0.0,,0,2,58,,,0,,17,0,0,0
al,2023,16,2023-W16,0,0,0.0,,0,2,58,,,0,,17,0,0,0
ar,2023,16,2023-W16,0,0,0.0,,0,2,58,,,0,,17,0,0,0
ca,2023,16,2023-W16,0,0,0.0,,0,2,58,,,0,,17,0,0,0
co,2023,16,2023-W16,0,0,0.0,,0,2,58,,,0,,17,0,0,0
ct,2023,16,2023-W16,0,0,0.0,,0,2,58,,,0,,17,0,0,0
dc,2023,16,2023-W16,0,0,0.0,,0,2,58,,,0,,17,0,0,0
de,2023,16,2023-W16,0,0,0.0,,0,2,58,,,0,,17,0,0,0
fl,2023,16,2023-W16,0,0,0.0,,0,2,58,,,0,,17,0,0,0
ga,2023,16,2023-W16,0,0,0.0,,0,2,58,,,0,,17,0,0,0
gu,2023,16,2023-W16,0,0,0.0,,0,2,58,,,0,,17,0,0,0
hi,2023,16,2023-W16,0,0,0.0,,0,2,58,,,0,,17,0,0,0
ia,2023,16,2023-W16,0,0,0.0,,0,2,58,,,0,,17,0,0,0
id,2023,16,2023-W16,0,0,0.0,,0,2,58,,,0,,17,0,0,0
il,2023,16,2023-W16,0,0,0.0,,0,2,58,,,0,,17,0,0,0
in,2023,16,2023-W16,0,0,0.0,,0,2,58,,,0,,17,0,0,0
ks,2023,16,2023-W16,0,0,0.0,,0,2,58,,,0,,17,0,0,0
ky,2023,16,2023-W16,0,0,0.0,,0,2,58,,,0,,17,0,0,0
la,2023,16,2023-W16,0,0,0.0,,0,2,58,,,0,,17,0,0,0
ma,2023,16,2023-W16,0,0,0.0,,0,2,58,,,0,,17,0,0,0
md,2023,16,2023-W16,0,0,0.0,,0,2,58,,,0,,17,0,0,0
me,2023,16,2023-W16,0,0,0.0,,0,2,58,,,0,,17,0,0,0
mi,2023,16,2023-W16,0,0,0.0,,0,2,58,,,0,,17,0,0,0
mn,2023,16,2023-W16,0,0,0.0,,0,2,58,,,0,,17,0,0,0
mo,2023,16,2023-W16,0,0,0.0,,0,2,58,,,0,,17,0,0,0
ms,2023,16,2023-W16,0,0,0.0,,0,2,58,,,0,,17,0,0,0
mt,2023,16,2023-W16,0,0,0.0,,0,2,58,,,0,,17,0,0,0
nc,2023,16,2023-W16,0,0,0.0,,0,2,58,,,0,,17,0,0,0
ne,2023,16,2023-W16,0,0,0.0,,0,2,58,,,0,,17,0,0,0
nh,2023,16,2023-W16,0,0,0.0,,0,2,58,,,0,,17,0,0,0
nj,2023,16,2023-W16,0,0,0.0,,0,2,58,,,0,,17,0,0,0
nm,2023,16,2023-W16,0,0,0.0,,0,2,58,,,0,,17,0,0,0
nv,2023,16,2023-W16,0,0,0.0,,0,2,58,,,0,,17,0,0,0
ny,2023,16,2023-W16,0,0,0.0,,0,2,58,,,0,,17,0,0,0
oh,2023,16,2023-W16,0,0,0.0,,0,2,58,,,0,,17,0,0,0
ok,2023,16,2023-W16,0,0,0.0,,0,2,58,,,0,,17,0,0,0
or,2023,16,2023-W16,0,0,0.0,,0,2,58,,,0,,17,0,0,0
pa,2023,16,2023-W16,0,0,0.0,,0,2,58,,,0,,17,0,0,0
ri,2023,16,2023-W16,0,0,0.0,,0,2,58,,,0,,17,0,0,0
sc,2023,16,2023-W16,0,0,0.0,,0,2,58,,,0,,17,0,0,0
sd,2023,16,2023-W16,0,0,0.0,,0,2,58,,,0,,17,0,0,0
tn,2023,16,2023-W16,0,0,0.0,,0,2,58,,,0,,17,0,0,0
tx,2023,16,2023-W16,0,0,0.0,,0,2,58,,,0,,17,0,0,0
ut,2023,16,2023-W16,0,0,0.0,,0,2,58,,,0,,17,0,0,0
va,2023,16,2023-W16,0,0,0.0,,0,2,58,,,0,,17,0,0,0
vt,2023,16,2023-W16,0,0,0.0,,0,2,58,,,0,,17,0,0,0
wa,2023,16,2023-W16,0,0,0.0,,0,2,58,,,0,,17,0,0,0
wi,2023,16,2023-W16,0,0,0.0,,0,2,58,,,0,,17,0,0,0
wv,2023,16,2023-W16,0,0,0.0,,0,2,58,,,0,,17,0,0,0
wy,2023,16,2023-W16,0,0,0.0,,0,2,58,,,0,,17,0,0,0
ak,2023,17,2023-W17,0,0,0.0,,0,0,58,,,0,,25,0,0,0
al,2023,17,2023-W17,0,0,0.0,,0,0,58,,,0,,25,0,0,0
ar,2023,17,2023-W17,0,0,0.0,,0,0,58,,,0,,25,0,0,0
ca,2023,17,2023-W17,0,0,0.0,,0,0,58,,,0,,25,0,0,0
co,2023,17,2023-W17,0,0,0.0,,0,0,58,,,0,,25,0,0,0
ct,2023,17,2023-W17,0,0,0.0,,0,0,58,,,0,,25,0,0,0
dc,2023,17,2023-W17,0,0,0.0,,0,0,58,,,0,,25,0,0,0
de,2023,17,2023-W17,0,0,0.0,,0,0,58,,,0,,25,0,0,0
fl,2023,17,2023-W17,0,0,0.0,,0,0,58,,,0,,25,0,0,0
ga,2023,17,2023-W17,0,0,0.0,,0,0,58,,,0,,25,0,0,0
gu,2023,17,2023-W17,0,0,0.0,,0,0,58,,,0,,25,0,0,0
hi,2023,17,2023-W17,0,0,0.0,,0,0,58,,,0,,25,0,0,0
ia,2023,17,2023-W17,0,0,0.0,,0,0,58,,,0,,25,0,0,0
id,2023,17,2023-W17,0,0,0.0,,0,0,58,,,0,,25,0,0,0
il,2023,17,2023-W17,0,0,0.0,,0,0,58,,,0,,25,0,0,0
in,2023,17,2023-W17,0,0,0.0,,0,0,58,,,0,,25,0,0,0
ks,2023,17,2023-W17,0,0,0.0,,0,0,58,,,0,,25,0,0,0
ky,2023,17,2023-W17,0,0,0.0,,0,0,58,,,0,,25,0,0,0
la,2023,17,2023-W17,0,0,0.0,,0,0,58,,,0,,25,0,0,0
ma,2023,17,2023-W17,0,0,0.0,,0,0,58,,,0,,25,0,0,0
md,2023,17,2023-W17,0,0,0.0,,0,0,58,,,0,,25,0,0,0
me,2023,17,2023-W17,0,0,0.0,,0,0,58,,,0,,25,0,0,0
mi,2023,17,2023-W17,0,0,0.0,,0,0,58,,,0,,25,0,0,0
mn,2023,17,2023-W17,0,0,0.0,,0,0,58,,,0,,25,0,0,0
mo,2023,17,2023-W17,0,0,0.0,,0,0,58,,,0,,25,0,0,0
ms,2023,17,2023-W17,0,0,0.0,,0,0,58,,,0,,25,0,0,0
mt,2023,17,2023-W17,0,0,0.0,,0,0,58,,,0,,25,0,0,0
nc,2023,17,2023-W17,0,0,0.0,,0,0,58,,,0,,25,0,0,0
ne,2023,17,2023-W17,0,0,0.0,,0,0,58,,,0,,25,0,0,0
nh,2023,17,2023-W17,0,0,0.0,,0,0,58,,,0,,25,0,0,0
nj,2023,17,2023-W17,0,0,0.0,,0,0,58,,,0,,25,0,0,0
nm,2023,17,2023-W17,0,0,0.0,,0,0,58,,,0,,25,0,0,0
nv,2023,17,2023-W17,0,0,0.0,,0,0,58,,,0,,25,0,0,0
ny,2023,17,2023-W17,0,0,0.0,,0,0,58,,,0,,25,0,0,0
oh,2023,17,2023-W17,0,0,0.0,,0,0,58,,,0,,25,0,0,0
ok,2023,17,2023-W17,0,0,0.0,,0,0,58,,,0,,25,0,0,0
or,2023,17,2023-W17,0,0,0.0,,0,0,58,,,0,,25,0,0,0
pa,2023,17,2023-W17,0,0,0.0,,0,0,58,,,0,,25,0,0,0
ri,2023,17,2023-W17,0,0,0.0,,0,0,58,,,0,,25,0,0,0
sc,2023,17,2023-W17,0,0,0.0,,0,0,58,,,0,,25,0,0,0
sd,2023,17,2023-W17,0,0,0.0,,0,0,58,,,0,,25,0,0,0
tn,2023,17,2023-W17,0,0,0.0,,0,0,58,,,0,,25,0,0,0
tx,2023,17,2023-W17,0,0,0.0,,0,0,58,,,0,,25,0,0,0
ut,2023,17,2023-W17,0,0,0.0,,0,0,58,,,0,,25,0,0,0
va,2023,17,2023-W17,0,0,0.0,,0,0,58,,,0,,25,0,0,0
vt,2023,17,2023-W17,0,0,0.0,,0,0,58,,,0,,25,0,0,0
wa,2023,17,2023-W17,0,0,0.0,,0,0,58,,,0,,25,0,0,0
wi,2023,17,2023-W17,0,0,0.0,,0,0,58,,,0,,25,0,0,0
wv,2023,17,2023-W17,0,0,0.0,,0,0,58,,,0,,25,0,0,0
wy,2023,17,2023-W17,0,0,0.0,,0,0,58,,,0,,25,0,0,0
ak,2023,18,2023-W18,0,0,0.0,,0,2,58,,,0,,20,0,0,0
al,2023,18,2023-W18,0,0,0.0,,0,2,58,,,0,,20,0,0,0
ar,2023,18,2023-W18,0,0,0.0,,0,2,58,,,0,,20,0,0,0
ca,2023,18,2023-W18,0,0,0.0,,0,2,58,,,0,,20,0,0,0
co,2023,18,2023-W18,0,0,0.0,,0,2,58,,,0,,20,0,0,0
ct,2023,18,2023-W18,0,0,0.0,,0,2,58,,,0,,20,0,0,0
dc,2023,18,2023-W18,0,0,0.0,,0,2,58,,,0,,20,0,0,0
de,2023,18,2023-W18,0,0,0.0,,0,2,58,,,0,,20,0,0,0
fl,2023,18,2023-W18,0,0,0.0,,0,2,58,,,0,,20,0,0,0
ga,2023,18,2023-W18,0,0,0.0,,0,2,58,,,0,,20,0,0,0
gu,2023,18,2023-W18,0,0,0.0,,0,2,58,,,0,,20,0,0,0
hi,2023,18,2023-W18,0,0,0.0,,0,2,58,,,0,,20,0,0,0
ia,2023,18,2023-W18,0,0,0.0,,0,2,58,,,0,,20,0,0,0
id,2023,18,2023-W18,0,0,0.0,,0,2,58,,,0,,20,0,0,0
il,2023,18,2023-W18,0,0,0.0,,0,2,58,,,0,,20,0,0,0
in,2023,18,2023-W18,0,0,0.0,,0,2,58,,,0,,20,0,0,0
ks,2023,18,2023-W18,0,0,0.0,,0,2,58,,,0,,20,0,0,0
ky,2023,18,2023-W18,0,0,0.0,,0,2,58,,,0,,20,0,0,0
la,2023,18,2023-W18,0,0,0.0,,0,2,58,,,0,,20,0,0,0
ma,2023,18,2023-W18,0,0,0.0,,0,2,58,,,0,,20,0,0,0
md,2023,18,2023-W18,0,0,0.0,,0,2,58,,,0,,20,0,0,0
me,2023,18,2023-W18,0,0,0.0,,0,2,58,,,0,,20,0,0,0
mi,2023,18,2023-W18,0,0,0.0,,0,2,58,,,0,,20,0,0,0
mn,2023,18,2023-W18,0,0,0.0,,0,2,58,,,0,,20,0,0,0
mo,2023,18,2023-W18,0,0,0.0,,0,2,58,,,0,,20,0,0,0
ms,2023,18,2023-W18,0,0,0.0,,0,2,58,,,0,,20,0,0,0
mt,2023,18,2023-W18,0,0,0.0,,0,2,58,,,0,,20,0,0,0
nc,2023,18,2023-W18,0,0,0.0,,0,2,58,,,0,,20,0,0,0
ne,2023,18,2023-W18,0,0,0.0,,0,2,58,,,0,,20,0,0,0
nh,2023,18,2023-W18,0,0,0.0,,0,2,58,,,0,,20,0,0,0
nj,2023,18,2023-W18,0,0,0.0,,0,2,58,,,0,,20,0,0,0
nm,2023,18,2023-W18,0,0,0.0,,0,2,58,,,0,,20,0,0,0
nv,2023,18,2023-W18,0,0,0.0,,0,2,58,,,0,,20,0,0,0
ny,2023,18,2023-W18,0,0,0.0,,0,2,58,,,0,,20,0,0,0
oh,2023,18,2023-W18,0,0,0.0,,0,2,58,,,0,,20,0,0,0
ok,2023,18,2023-W18,0,0,0.0,,0,2,58,,,0,,20,0,0,0
or,2023,18,2023-W18,0,0,0.0,,0,2,58,,,0,,20,0,0,0
pa,2023,18,2023-W18,0,0,0.0,,0,2,58,,,0,,20,0,0,0
ri,2023,18,2023-W18,0,0,0.0,,0,2,58,,,0,,20,0,0,0
sc,2023,18,2023-W18,0,0,0.0,,0,2,58,,,0,,20,0,0,0
sd,2023,18,2023-W18,0,0,0.0,,0,2,58,,,0,,20,0,0,0
tn,2023,18,2023-W18,0,0,0.0,,0,2,58,,,0,,20,0,0,0
tx,2023,18,2023-W18,0,0,0.0,,0,2,58,,,0,,20,0,0,0
ut,2023,18,2023-W18,0,0,0.0,,0,2,58,,,0,,20,0,0,0
va,2023,18,2023-W18,0,0,0.0,,0,2,58,,,0,,20,0,0,0
vt,2023,18,2023-W18,0,0,0.0,,0,2,58,,,0,,20,0,0,0
wa,2023,18,2023-W18,0,0,0.0,,0,2,58,,,0,,20,0,0,0
wi,2023,18,2023-W18,0,0,0.0,,0,2,58,,,0,,20,0,0,0
wv,2023,18,2023-W18,0,0,0.0,,0,2,58,,,0,,20,0,0,0
wy,2023,18,2023-W18,0,0,0.0,,0,2,58,,,0,,20,0,0,0
ak,2023,19,2023-W19,0,0,0.0,,0,1,58,,,0,,14,0,0,0
al,2023,19,2023-W19,0,0,0.0,,0,1,58,,,0,,14,0,0,0
ar,2023,19,2023-W19,0,0,0.0,,0,1,58,,,0,,14,0,0,0
ca,2023,19,2023-W19,0,0,0.0,,0,1,58,,,0,,14,0,0,0
co,2023,19,2023-W19,0,0,0.0,,0,1,58,,,0,,14,0,0,0
ct,2023,19,2023-W19,0,0,0.0,,0,1,58,,,0,,14,0,0,0
dc,2023,19,2023-W19,0,0,0.0,,0,1,58,,,0,,14,0,0,0
de,2023,19,2023-W19,0,0,0.0,,0,1,58,,,0,,14,0,0,0
fl,2023,19,2023-W19,0,0,0.0,,0,1,58,,,0,,14,0,0,0
ga,2023,19,2023-W19,0,0,0.0,,0,1,58,,,0,,14,0,0,0
gu,2023,19,2023-W19,0,0,0.0,,0,1,58,,,0,,14,0,0,0
hi,2023,19,2023-W19,0,0,0.0,,0,1,58,,,0,,14,0,0,0
ia,2023,19,2023-W19,0,0,0.0,,0,1,58,,,0,,14,0,0,0
id,2023,19,2023-W19,0,0,0.0,,0,1,58,,,0,,14,0,0,0
il,2023,19,2023-W19,0,0,0.0,,0,1,58,,,0,,14,0,0,0
in,2023,19,2023-W19,0,0,0.0,,0,1,58,,,0,,14,0,0,0
ks,2023,19,2023-W19,0,0,0.0,,0,1,58,,,0,,14,0,0,0
ky,2023,19,2023-W19,0,0,0.0,,0,1,58,,,0,,14,0,0,0
la,2023,19,2023-W19,0,0,0.0,,0,1,58,,,0,,14,0,0,0
ma,2023,19,2023-W19,0,0,0.0,,0,1,58,,,0,,14,0,0,0
md,2023,19,2023-W19,0,0,0.0,,0,1,58,,,0,,14,0,0,0
me,2023,19,2023-W19,0,0,0.0,,0,1,58,,,0,,14,0,0,0
mi,2023,19,2023-W19,0,0,0.0,,0,1,58,,,0,,14,0,0,0
mn,2023,19,2023-W19,0,0,0.0,,0,1,58,,,0,,14,0,0,0
mo,2023,19,2023-W19,0,0,0.0,,0,1,58,,,0,,14,0,0,0
ms,2023,19,2023-W19,0,0,0.0,,0,1,58,,,0,,14,0,0,0
mt,2023,19,2023-W19,0,0,0.0,,0,1,58,,,0,,14,0,0,0
nc,2023,19,2023-W19,0,0,0.0,,0,1,58,,,0,,14,0,0,0
ne,2023,19,2023-W19,0,0,0.0,,0,1,58,,,0,,14,0,0,0
nh,2023,19,2023-W19,0,0,0.0,,0,1,58,,,0,,14,0,0,0
nj,2023,19,2023-W19,0,0,0.0,,0,1,58,,,0,,14,0,0,0
nm,2023,19,2023-W19,0,0,0.0,,0,1,58,,,0,,14,0,0,0
nv,2023,19,2023-W19,0,0,0.0,,0,1,58,,,0,,14,0,0,0
ny,2023,19,2023-W19,0,0,0.0,,0,1,58,,,0,,14,0,0,0
oh,2023,19,2023-W19,0,0,0.0,,0,1,58,,,0,,14,0,0,0
ok,2023,19,2023-W19,0,0,0.0,,0,1,58,,,0,,14,0,0,0
or,2023,19,2023-W19,0,0,0.0,,0,1,58,,,0,,14,0,0,0
pa,2023,19,2023-W19,0,0,0.0,,0,1,58,,,0,,14,0,0,0
ri,2023,19,2023-W19,0,0,0.0,,0,1,58,,,0,,14,0,0,0
sc,2023,19,2023-W19,0,0,0.0,,0,1,58,,,0,,14,0,0,0
sd,2023,19,2023-W19,0,0,0.0,,0,1,58,,,0,,14,0,0,0
tn,2023,19,2023-W19,0,0,0.0,,0,1,58,,,0,,14,0,0,0
tx,2023,19,2023-W19,0,0,0.0,,0,1,58,,,0,,14,0,0,0
ut,2023,19,2023-W19,0,0,0.0,,0,1,58,,,0,,14,0,0,0
va,2023,19,2023-W19,0,0,0.0,,0,1,58,,,0,,14,0,0,0
vt,2023,19,2023-W19,0,0,0.0,,0,1,58,,,0,,14,0,0,0
wa,2023,19,2023-W19,0,0,0.0,,0,1,58,,,0,,14,0,0,0
wi,2023,19,2023-W19,0,0,0.0,,0,1,58,,,0,,14,0,0,0
wv,2023,19,2023-W19,0,0,0.0,,0,1,58,,,0,,14,0,0,0
wy,2023,19,2023-W19,0,0,0.0,,0,1,58,,,0,,14,0,0,0
ak,2023,20,2023-W20,0,0,0.0,,0,3,58,,,0,,16,0,0,0
al,2023,20,2023-W20,0,0,0.0,,0,3,58,,,0,,16,0,0,0
ar,2023,20,2023-W20,0,0,0.0,,0,3,58,,,0,,16,0,0,0
ca,2023,20,2023-W20,0,0,0.0,,0,3,58,,,0,,16,0,0,0
co,2023,20,2023-W20,0,0,0.0,,0,3,58,,,0,,16,0,0,0
ct,2023,20,2023-W20,0,0,0.0,,0,3,58,,,0,,16,0,0,0
dc,2023,20,2023-W20,0,0,0.0,,0,3,58,,,0,,16,0,0,0
de,2023,20,2023-W20,0,0,0.0,,0,3,58,,,0,,16,0,0,0
fl,2023,20,2023-W20,0,0,0.0,,0,3,58,,,0,,16,0,0,0
ga,2023,20,2023-W20,0,0,0.0,,0,3,58,,,0,,16,0,0,0
gu,2023,20,2023-W20,0,0,0.0,,0,3,58,,,0,,16,0,0,0
hi,2023,20,2023-W20,0,0,0.0,,0,3,58,,,0,,16,0,0,0
ia,2023,20,2023-W20,0,0,0.0,,0,3,58,,,0,,16,0,0,0
id,2023,20,2023-W20,0,0,0.0,,0,3,58,,,0,,16,0,0,0
il,2023,20,2023-W20,0,0,0.0,,0,3,58,,,0,,16,0,0,0
in,2023,20,2023-W20,0,0,0.0,,0,3,58,,,0,,16,0,0,0
ks,2023,20,2023-W20,0,0,0.0,,0,3,58,,,0,,16,0,0,0
ky,2023,20,2023-W20,0,0,0.0,,0,3,58,,,0,,16,0,0,0
la,2023,20,2023-W20,0,0,0.0,,0,3,58,,,0,,16,0,0,0
ma,2023,20,2023-W20,0,0,0.0,,0,3,58,,,0,,16,0,0,0
md,2023,20,2023-W20,0,0,0.0,,0,3,58,,,0,,16,0,0,0
me,2023,20,2023-W20,0,0,0.0,,0,3,58,,,0,,16,0,0,0
mi,2023,20,2023-W20,0,0,0.0,,0,3,58,,,0,,16,0,0,0
mn,2023,20,2023-W20,0,0,0.0,,0,3,58,,,0,,16,0,0,0
mo,2023,20,2023-W20,0,0,0.0,,0,3,58,,,0,,16,0,0,0
ms,2023,20,2023-W20,0,0,0.0,,0,3,58,,,0,,16,0,0,0
mt,2023,20,2023-W20,0,0,0.0,,0,3,58,,,0,,16,0,0,0
nc,2023,20,2023-W20,0,0,0.0,,0,3,58,,,0,,16,0,0,0
ne,2023,20,2023-W20,0,0,0.0,,0,3,58,,,0,,16,0,0,0
nh,2023,20,2023-W20,0,0,0.0,,0,3,58,,,0,,16,0,0,0
nj,2023,20,2023-W20,0,0,0.0,,0,3,58,,,0,,16,0,0,0
nm,2023,20,2023-W20,0,0,0.0,,0,3,58,,,0,,16,0,0,0
nv,2023,20,2023-W20,0,0,0.0,,0,3,58,,,0,,16,0,0,0
ny,2023,20,2023-W20,0,0,0.0,,0,3,58,,,0,,16,0,0,0
oh,2023,20,2023-W20,0,0,0.0,,0,3,58,,,0,,16,0,0,0
ok,2023,20,2023-W20,0,0,0.0,,0,3,58,,,0,,16,0,0,0
or,2023,20,2023-W20,0,0,0.0,,0,3,58,,,0,,16,0,0,0
pa,2023,20,2023-W20,0,0,0.0,,0,3,58,,,0,,16,0,0,0
ri,2023,20,2023-W20,0,0,0.0,,0,3,58,,,0,,16,0,0,0
sc,2023,20,2023-W20,0,0,0.0,,0,3,58,,,0,,16,0,0,0
sd,2023,20,2023-W20,0,0,0.0,,0,3,58,,,0,,16,0,0,0
tn,2023,20,2023-W20,0,0,0.0,,0,3,58,,,0,,16,0,0,0
tx,2023,20,2023-W20,0,0,0.0,,0,3,58,,,0,,16,0,0,0
ut,2023,20,2023-W20,0,0,0.0,,0,3,58,,,0,,16,0,0,0
va,2023,20,2023-W20,0,0,0.0,,0,3,58,,,0,,16,0,0,0
vt,2023,20,2023-W20,0,0,0.0,,0,3,58,,,0,,16,0,0,0
wa,2023,20,2023-W20,0,0,0.0,,0,3,58,,,0,,16,0,0,0
wi,2023,20,2023-W20,0,0,0.0,,0,3,58,,,0,,16,0,0,0
wv,2023,20,2023-W20,0,0,0.0,,0,3,58,,,0,,16,0,0,0
wy,2023,20,2023-W20,0,0,0.0,,0,3,58,,,0,,16,0,0,0
ak,2023,21,2023-W21,0,0,0.0,,0,1,58,,,0,,23,0,0,0
al,2023,21,2023-W21,0,0,0.0,,0,1,58,,,0,,23,0,0,0
ar,2023,21,2023-W21,0,0,0.0,,0,1,58,,,0,,23,0,0,0
ca,2023,21,2023-W21,0,0,0.0,,0,1,58,,,0,,23,0,0,0
co,2023,21,2023-W21,0,0,0.0,,0,1,58,,,0,,23,0,0,0
ct,2023,21,2023-W21,0,0,0.0,,0,1,58,,,0,,23,0,0,0
dc,2023,21,2023-W21,0,0,0.0,,0,1,58,,,0,,23,0,0,0
de,2023,21,2023-W21,0,0,0.0,,0,1,58,,,0,,23,0,0,0
fl,2023,21,2023-W21,0,0,0.0,,0,1,58,,,0,,23,0,0,0
ga,2023,21,2023-W21,0,0,0.0,,0,1,58,,,0,,23,0,0,0
gu,2023,21,2023-W21,0,0,0.0,,0,1,58,,,0,,23,0,0,0
hi,2023,21,2023-W21,0,0,0.0,,0,1,58,,,0,,23,0,0,0
ia,2023,21,2023-W21,0,0,0.0,,0,1,58,,,0,,23,0,0,0
id,2023,21,2023-W21,0,0,0.0,,0,1,58,,,0,,23,0,0,0
il,2023,21,2023-W21,0,0,0.0,,0,1,58,,,0,,23,0,0,0
in,2023,21,2023-W21,0,0,0.0,,0,1,58,,,0,,23,0,0,0
ks,2023,21,2023-W21,0,0,0.0,,0,1,58,,,0,,23,0,0,0
ky,2023,21,2023-W21,0,0,0.0,,0,1,58,,,0,,23,0,0,0
la,2023,21,2023-W21,0,0,0.0,,0,1,58,,,0,,23,0,0,0
ma,2023,21,2023-W21,0,0,0.0,,0,1,58,,,0,,23,0,0,0
md,2023,21,2023-W21,0,0,0.0,,0,1,58,,,0,,23,0,0,0
me,2023,21,2023-W21,0,0,0.0,,0,1,58,,,0,,23,0,0,0
mi,2023,21,2023-W21,0,0,0.0,,0,1,58,,,0,,23,0,0,0
mn,2023,21,2023-W21,0,0,0.0,,0,1,58,,,0,,23,0,0,0
mo,2023,21,2023-W21,0,0,0.0,,0,1,58,,,0,,23,0,0,0
ms,2023,21,2023-W21,0,0,0.0,,0,1,58,,,0,,23,0,0,0
mt,2023,21,2023-W21,0,0,0.0,,0,1,58,,,0,,23,0,0,0
nc,2023,21,2023-W21,0,0,0.0,,0,1,58,,,0,,23,0,0,0
ne,2023,21,2023-W21,0,0,0.0,,0,1,58,,,0,,23,0,0,0
nh,2023,21,2023-W21,0,0,0.0,,0,1,58,,,0,,23,0,0,0
nj,2023,21,2023-W21,0,0,0.0,,0,1,58,,,0,,23,0,0,0
nm,2023,21,2023-W21,0,0,0.0,,0,1,58,,,0,,23,0,0,0
nv,2023,21,2023-W21,0,0,0.0,,0,1,58,,,0,,23,0,0,0
ny,2023,21,2023-W21,0,0,0.0,,0,1,58,,,0,,23,0,0,0
oh,2023,21,2023-W21,0,0,0.0,,0,1,58,,,0,,23,0,0,0
ok,2023,21,2023-W21,0,0,0.0,,0,1,58,,,0,,23,0,0,0
or,2023,21,2023-W21,0,0,0.0,,0,1,58,,,0,,23,0,0,0
pa,2023,21,2023-W21,0,0,0.0,,0,1,58,,,0,,23,0,0,0
ri,2023,21,2023-W21,0,0,0.0,,0,1,58,,,0,,23,0,0,0
sc,2023,21,2023-W21,0,0,0.0,,0,1,58,,,0,,23,0,0,0
sd,2023,21,2023-W21,0,0,0.0,,0,1,58,,,0,,23,0,0,0
tn,2023,21,2023-W21,0,0,0.0,,0,1,58,,,0,,23,0,0,0
tx,2023,21,2023-W21,0,0,0.0,,0,1,58,,,0,,23,0,0,0
ut,2023,21,2023-W21,0,0,0.0,,0,1,58,,,0,,23,0,0,0
va,2023,21,2023-W21,0,0,0.0,,0,1,58,,,0,,23,0,0,0
vt,2023,21,2023-W21,0,0,0.0,,0,1,58,,,0,,23,0,0,0
wa,2023,21,2023-W21,0,0,0.0,,0,1,58,,,0,,23,0,0,0
wi,2023,21,2023-W21,0,0,0.0,,0,1,58,,,0,,23,0,0,0
wv,2023,21,2023-W21,0,0,0.0,,0,1,58,,,0,,23,0,0,0
wy,2023,21,2023-W21,0,0,0.0,,0,1,58,,,0,,23,0,0,0
ak,2023,22,2023-W22,0,0,0.0,,0,0,58,,,0,,16,0,0,0
al,2023,22,2023-W22,0,0,0.0,,0,0,58,,,0,,16,0,0,0
ar,2023,22,2023-W22,0,0,0.0,,0,0,58,,,0,,16,0,0,0
ca,2023,22,2023-W22,0,0,0.0,,0,0,58,,,0,,16,0,0,0
co,2023,22,2023-W22,0,0,0.0,,0,0,58,,,0,,16,0,0,0
ct,2023,22,2023-W22,0,0,0.0,,0,0,58,,,0,,16,0,0,0
dc,2023,22,2023-W22,0,0,0.0,,0,0,58,,,0,,16,0,0,0
de,2023,22,2023-W22,0,0,0.0,,0,0,58,,,0,,16,0,0,0
fl,2023,22,2023-W22,0,0,0.0,,0,0,58,,,0,,16,0,0,0
ga,2023,22,2023-W22,0,0,0.0,,0,0,58,,,0,,16,0,0,0
gu,2023,22,2023-W22,0,0,0.0,,0,0,58,,,0,,16,0,0,0
hi,2023,22,2023-W22,0,0,0.0,,0,0,58,,,0,,16,0,0,0
ia,2023,22,2023-W22,0,0,0.0,,0,0,58,,,0,,16,0,0,0
id,2023,22,2023-W22,0,0,0.0,,0,0,58,,,0,,16,0,0,0
il,2023,22,2023-W22,0,0,0.0,,0,0,58,,,0,,16,0,0,0
in,2023,22,2023-W22,0,0,0.0,,0,0,58,,,0,,16,0,0,0
ks,2023,22,2023-W22,0,0,0.0,,0,0,58,,,0,,16,0,0,0
ky,2023,22,2023-W22,0,0,0.0,,0,0,58,,,0,,16,0,0,0
la,2023,22,2023-W22,0,0,0.0,,0,0,58,,,0,,16,0,0,0
ma,2023,22,2023-W22,0,0,0.0,,0,0,58,,,0,,16,0,0,0
md,2023,22,2023-W22,0,0,0.0,,0,0,58,,,0,,16,0,0,0
me,2023,22,2023-W22,0,0,0.0,,0,0,58,,,0,,16,0,0,0
mi,2023,22,2023-W22,0,0,0.0,,0,0,58,,,0,,16,0,0,0
mn,2023,22,2023-W22,0,0,0.0,,0,0,58,,,0,,16,0,0,0
mo,2023,22,2023-W22,0,0,0.0,,0,0,58,,,0,,16,0,0,0
ms,2023,22,2023-W22,0,0,0.0,,0,0,58,,,0,,16,0,0,0
mt,2023,22,2023-W22,0,0,0.0,,0,0,58,,,0,,16,0,0,0
nc,2023,22,2023-W22,0,0,0.0,,0,0,58,,,0,,16,0,0,0
ne,2023,22,2023-W22,0,0,0.0,,0,0,58,,,0,,16,0,0,0
nh,2023,22,2023-W22,0,0,0.0,,0,0,58,,,0,,16,0,0,0
nj,2023,22,2023-W22,0,0,0.0,,0,0,58,,,0,,16,0,0,0
nm,2023,22,2023-W22,0,0,0.0,,0,0,58,,,0,,16,0,0,0
nv,2023,22,2023-W22,0,0,0.0,,0,0,58,,,0,,16,0,0,0
ny,2023,22,2023-W22,0,0,0.0,,0,0,58,,,0,,16,0,0,0
oh,2023,22,2023-W22,0,0,0.0,,0,0,58,,,0,,16,0,0,0
ok,2023,22,2023-W22,0,0,0.0,,0,0,58,,,0,,16,0,0,0
or,2023,22,2023-W22,0,0,0.0,,0,0,58,,,0,,16,0,0,0
pa,2023,22,2023-W22,0,0,0.0,,0,0,58,,,0,,16,0,0,0
ri,2023,22,2023-W22,0,0,0.0,,0,0,58,,,0,,16,0,0,0
sc,2023,22,2023-W22,0,0,0.0,,0,0,58,,,0,,16,0,0,0
sd,2023,22,2023-W22,0,0,0.0,,0,0,58,,,0,,16,0,0,0
tn,2023,22,2023-W22,0,0,0.0,,0,0,58,,,0,,16,0,0,0
tx,2023,22,2023-W22,0,0,0.0,,0,0,58,,,0,,16,0,0,0
ut,2023,22,2023-W22,0,0,0.0,,0,0,58,,,0,,16,0,0,0
va,2023,22,2023-W22,0,0,0.0,,0,0,58,,,0,,16,0,0,0
vt,2023,22,2023-W22,0,0,0.0,,0,0,58,,,0,,16,0,0,0
wa,2023,22,2023-W22,0,0,0.0,,0,0,58,,,0,,16,0,0,0
wi,2023,22,2023-W22,0,0,0.0,,0,0,58,,,0,,16,0,0,0
wv,2023,22,2023-W22,0,0,0.0,,0,0,58,,,0,,16,0,0,0
wy,2023,22,2023-W22,0,0,0.0,,0,0,58,,,0,,16,0,0,0
ak,2023,23,2023-W23,0,0,0.0,,0,0,58,,,0,,21,0,0,0
al,2023,23,2023-W23,0,0,0.0,,0,0,58,,,0,,21,0,0,0
ar,2023,23,2023-W23,0,0,0.0,,0,0,58,,,0,,21,0,0,0
ca,2023,23,2023-W23,0,0,0.0,,0,0,58,,,0,,21,0,0,0
co,2023,23,2023-W23,0,0,0.0,,0,0,58,,,0,,21,0,0,0
ct,2023,23,2023-W23,0,0,0.0,,0,0,58,,,0,,21,0,0,0
dc,2023,23,2023-W23,0,0,0.0,,0,0,58,,,0,,21,0,0,0
de,2023,23,2023-W23,0,0,0.0,,0,0,58,,,0,,21,0,0,0
fl,2023,23,2023-W23,0,0,0.0,,0,0,58,,,0,,21,0,0,0
ga,2023,23,2023-W23,0,0,0.0,,0,0,58,,,0,,21,0,0,0
gu,2023,23,2023-W23,0,0,0.0,,0,0,58,,,0,,21,0,0,0
hi,2023,23,2023-W23,0,0,0.0,,0,0,58,,,0,,21,0,0,0
ia,2023,23,2023-W23,0,0,0.0,,0,0,58,,,0,,21,0,0,0
id,2023,23,2023-W23,0,0,0.0,,0,0,58,,,0,,21,0,0,0
il,2023,23,2023-W23,0,0,0.0,,0,0,58,,,0,,21,0,0,0
in,2023,23,2023-W23,0,0,0.0,,0,0,58,,,0,,21,0,0,0
ks,2023,23,2023-W23,0,0,0.0,,0,0,58,,,0,,21,0,0,0
ky,2023,23,2023-W23,0,0,0.0,,0,0,58,,,0,,21,0,0,0
la,2023,23,2023-W23,0,0,0.0,,0,0,58,,,0,,21,0,0,0
ma,2023,23,2023-W23,0,0,0.0,,0,0,58,,,0,,21,0,0,0
md,2023,23,2023-W23,0,0,0.0,,0,0,58,,,0,,21,0,0,0
me,2023,23,2023-W23,0,0,0.0,,0,0,58,,,0,,21,0,0,0
mi,2023,23,2023-W23,0,0,0.0,,0,0,58,,,0,,21,0,0,0
mn,2023,23,2023-W23,0,0,0.0,,0,0,58,,,0,,21,0,0,0
mo,2023,23,2023-W23,0,0,0.0,,0,0,58,,,0,,21,0,0,0
ms,2023,23,2023-W23,0,0,0.0,,0,0,58,,,0,,21,0,0,0
mt,2023,23,2023-W23,0,0,0.0,,0,0,58,,,0,,21,0,0,0
nc,2023,23,2023-W23,0,0,0.0,,0,0,58,,,0,,21,0,0,0
ne,2023,23,2023-W23,0,0,0.0,,0,0,58,,,0,,21,0,0,0
nh,2023,23,2023-W23,0,0,0.0,,0,0,58,,,0,,21,0,0,0
nj,2023,23,2023-W23,0,0,0.0,,0,0,58,,,0,,21,0,0,0
nm,2023,23,2023-W23,0,0,0.0,,0,0,58,,,0,,21,0,0,0
nv,2023,23,2023-W23,0,0,0.0,,0,0,58,,,0,,21,0,0,0
ny,2023,23,2023-W23,0,0,0.0,,0,0,58,,,0,,21,0,0,0
oh,2023,23,2023-W23,0,0,0.0,,0,0,58,,,0,,21,0,0,0
ok,2023,23,2023-W23,0,0,0.0,,0,0,58,,,0,,21,0,0,0
or,2023,23,2023-W23,0,0,0.0,,0,0,58,,,0,,21,0,0,0
pa,2023,23,2023-W23,0,0,0.0,,0,0,58,,,0,,21,0,0,0
ri,2023,23,2023-W23,0,0,0.0,,0,0,58,,,0,,21,0,0,0
sc,2023,23,2023-W23,0,0,0.0,,0,0,58,,,0,,21,0,0,0
sd,2023,23,2023-W23,0,0,0.0,,0,0,58,,,0,,21,0,0,0
tn,2023,23,2023-W23,0,0,0.0,,0,0,58,,,0,,21,0,0,0
tx,2023,23,2023-W23,0,0,0.0,,0,0,58,,,0,,21,0,0,0
ut,2023,23,2023-W23,0,0,0.0,,0,0,58,,,0,,21,0,0,0
va,2023,23,2023-W23,0,0,0.0,,0,0,58,,,0,,21,0,0,0
vt,2023,23,2023-W23,0,0,0.0,,0,0,58,,,0,,21,0,0,0
wa,2023,23,2023-W23,0,0,0.0,,0,0,58,,,0,,21,0,0,0
wi,2023,23,2023-W23,0,0,0.0,,0,0,58,,,0,,21,0,0,0
wv,2023,23,2023-W23,0,0,0.0,,0,0,58,,,0,,21,0,0,0
wy,2023,23,2023-W23,0,0,0.0,,0,0,58,,,0,,21,0,0,0
ak,2023,24,2023-W24,0,0,0.0,,0,1,58,,,0,,20,0,0,0
al,2023,24,2023-W24,0,0,0.0,,0,1,58,,,0,,20,0,0,0
ar,2023,24,2023-W24,0,0,0.0,,0,1,58,,,0,,20,0,0,0
ca,2023,24,2023-W24,0,0,0.0,,0,1,58,,,0,,20,0,0,0
co,2023,24,2023-W24,0,0,0.0,,0,1,58,,,0,,20,0,0,0
ct,2023,24,2023-W24,0,0,0.0,,0,1,58,,,0,,20,0,0,0
dc,2023,24,2023-W24,0,0,0.0,,0,1,58,,,0,,20,0,0,0
de,2023,24,2023-W24,0,0,0.0,,0,1,58,,,0,,20,0,0,0
fl,2023,24,2023-W24,0,0,0.0,,0,1,58,,,0,,20,0,0,0
ga,2023,24,2023-W24,0,0,0.0,,0,1,58,,,0,,20,0,0,0
gu,2023,24,2023-W24,0,0,0.0,,0,1,58,,,0,,20,0,0,0
hi,2023,24,2023-W24,0,0,0.0,,0,1,58,,,0,,20,0,0,0
ia,2023,24,2023-W24,0,0,0.0,,0,1,58,,,0,,20,0,0,0
id,2023,24,2023-W24,0,0,0.0,,0,1,58,,,0,,20,0,0,0
il,2023,24,2023-W24,0,0,0.0,,0,1,58,,,0,,20,0,0,0
in,2023,24,2023-W24,0,0,0.0,,0,1,58,,,0,,20,0,0,0
ks,2023,24,2023-W24,0,0,0.0,,0,1,58,,,0,,20,0,0,0
ky,2023,24,2023-W24,0,0,0.0,,0,1,58,,,0,,20,0,0,0
la,2023,24,2023-W24,0,0,0.0,,0,1,58,,,0,,20,0,0,0
ma,2023,24,2023-W24,0,0,0.0,,0,1,58,,,0,,20,0,0,0
md,2023,24,2023-W24,0,0,0.0,,0,1,58,,,0,,20,0,0,0
me,2023,24,2023-W24,0,0,0.0,,0,1,58,,,0,,20,0,0,0
mi,2023,24,2023-W24,0,0,0.0,,0,1,58,,,0,,20,0,0,0
mn,2023,24,2023-W24,0,0,0.0,,0,1,58,,,0,,20,0,0,0
mo,2023,24,2023-W24,0,0,0.0,,0,1,58,,,0,,20,0,0,0
ms,2023,24,2023-W24,0,0,0.0,,0,1,58,,,0,,20,0,0,0
mt,2023,24,2023-W24,0,0,0.0,,0,1,58,,,0,,20,0,0,0
nc,2023,24,2023-W24,0,0,0.0,,0,1,58,,,0,,20,0,0,0
ne,2023,24,2023-W24,0,0,0.0,,0,1,58,,,0,,20,0,0,0
nh,2023,24,2023-W24,0,0,0.0,,0,1,58,,,0,,20,0,0,0
nj,2023,24,2023-W24,0,0,0.0,,0,1,58,,,0,,20,0,0,0
nm,2023,24,2023-W24,0,0,0.0,,0,1,58,,,0,,20,0,0,0
nv,2023,24,2023-W24,0,0,0.0,,0,1,58,,,0,,20,0,0,0
ny,2023,24,2023-W24,0,0,0.0,,0,1,58,,,0,,20,0,0,0
oh,2023,24,2023-W24,0,0,0.0,,0,1,58,,,0,,20,0,0,0
ok,2023,24,2023-W24,0,0,0.0,,0,1,58,,,0,,20,0,0,0
or,2023,24,2023-W24,0,0,0.0,,0,1,58,,,0,,20,0,0,0
pa,2023,24,2023-W24,0,0,0.0,,0,1,58,,,0,,20,0,0,0
ri,2023,24,2023-W24,0,0,0.0,,0,1,58,,,0,,20,0,0,0
sc,2023,24,2023-W24,0,0,0.0,,0,1,58,,,0,,20,0,0,0
sd,2023,24,2023-W24,0,0,0.0,,0,1,58,,,0,,20,0,0,0
tn,2023,24,2023-W24,0,0,0.0,,0,1,58,,,0,,20,0,0,0
tx,2023,24,2023-W24,0,0,0.0,,0,1,58,,,0,,20,0,0,0
ut,2023,24,2023-W24,0,0,0.0,,0,1,58,,,0,,20,0,0,0
va,2023,24,2023-W24,0,0,0.0,,0,1,58,,,0,,20,0,0,0
vt,2023,24,2023-W24,0,0,0.0,,0,1,58,,,0,,20,0,0,0
wa,2023,24,2023-W24,0,0,0.0,,0,1,58,,,0,,20,0,0,0
wi,2023,24,2023-W24,0,0,0.0,,0,1,58,,,0,,20,0,0,0
wv,2023,24,2023-W24,0,0,0.0,,0,1,58,,,0,,20,0,0,0
wy,2023,24,2023-W24,0,0,0.0,,0,1,58,,,0,,20,0,0,0
ak,2023,25,2023-W25,0,0,0.0,,0,1,58,,,0,,16,0,0,0
al,2023,25,2023-W25,0,0,0.0,,0,1,58,,,0,,16,0,0,0
ar,2023,25,2023-W25,0,0,0.0,,0,1,58,,,0,,16,0,0,0
ca,2023,25,2023-W25,0,0,0.0,,0,1,58,,,0,,16,0,0,0
co,2023,25,2023-W25,0,0,0.0,,0,1,58,,,0,,16,0,0,0
ct,2023,25,2023-W25,0,0,0.0,,0,1,58,,,0,,16,0,0,0
dc,2023,25,2023-W25,0,0,0.0,,0,1,58,,,0,,16,0,0,0
de,2023,25,2023-W25,0,0,0.0,,0,1,58,,,0,,16,0,0,0
fl,2023,25,2023-W25,0,0,0.0,,0,1,58,,,0,,16,0,0,0
ga,2023,25,2023-W25,0,0,0.0,,0,1,58,,,0,,16,0,0,0
gu,2023,25,2023-W25,0,0,0.0,,0,1,58,,,0,,16,0,0,0
hi,2023,25,2023-W25,0,0,0.0,,0,1,58,,,0,,16,0,0,0
ia,2023,25,2023-W25,0,0,0.0,,0,1,58,,,0,,16,0,0,0
id,2023,25,2023-W25,0,0,0.0,,0,1,58,,,0,,16,0,0,0
il,2023,25,2023-W25,0,0,0.0,,0,1,58,,,0,,16,0,0,0
in,2023,25,2023-W25,0,0,0.0,,0,1,58,,,0,,16,0,0,0
ks,2023,25,2023-W25,0,0,0.0,,0,1,58,,,0,,16,0,0,0
ky,2023,25,2023-W25,0,0,0.0,,0,1,58,,,0,,16,0,0,0
la,2023,25,2023-W25,0,0,0.0,,0,1,58,,,0,,16,0,0,0
ma,2023,25,2023-W25,0,0,0.0,,0,1,58,,,0,,16,0,0,0
md,2023,25,2023-W25,0,0,0.0,,0,1,58,,,0,,16,0,0,0
me,2023,25,2023-W25,0,0,0.0,,0,1,58,,,0,,16,0,0,0
mi,2023,25,2023-W25,0,0,0.0,,0,1,58,,,0,,16,0,0,0
mn,2023,25,2023-W25,0,0,0.0,,0,1,58,,,0,,16,0,0,0
mo,2023,25,2023-W25,0,0,0.0,,0,1,58,,,0,,16,0,0,0
ms,2023,25,2023-W25,0,0,0.0,,0,1,58,,,0,,16,0,0,0
mt,2023,25,2023-W25,0,0,0.0,,0,1,58,,,0,,16,0,0,0
nc,2023,25,2023-W25,0,0,0.0,,0,1,58,,,0,,16,0,0,0
ne,2023,25,2023-W25,0,0,0.0,,0,1,58,,,0,,16,0,0,0
nh,2023,25,2023-W25,0,0,0.0,,0,1,58,,,0,,16,0,0,0
nj,2023,25,2023-W25,0,0,0.0,,0,1,58,,,0,,16,0,0,0
nm,2023,25,2023-W25,0,0,0.0,,0,1,58,,,0,,16,0,0,0
nv,2023,25,2023-W25,0,0,0.0,,0,1,58,,,0,,16,0,0,0
ny,2023,25,2023-W25,0,0,0.0,,0,1,58,,,0,,16,0,0,0
oh,2023,25,2023-W25,0,0,0.0,,0,1,58,,,0,,16,0,0,0
ok,2023,25,2023-W25,0,0,0.0,,0,1,58,,,0,,16,0,0,0
or,2023,25,2023-W25,0,0,0.0,,0,1,58,,,0,,16,0,0,0
pa,2023,25,2023-W25,0,0,0.0,,0,1,58,,,0,,16,0,0,0
ri,2023,25,2023-W25,0,0,0.0,,0,1,58,,,0,,16,0,0,0
sc,2023,25,2023-W25,0,0,0.0,,0,1,58,,,0,,16,0,0,0
sd,2023,25,2023-W25,0,0,0.0,,0,1,58,,,0,,16,0,0,0
tn,2023,25,2023-W25,0,0,0.0,,0,1,58,,,0,,16,0,0,0
tx,2023,25,2023-W25,0,0,0.0,,0,1,58,,,0,,16,0,0,0
ut,2023,25,2023-W25,0,0,0.0,,0,1,58,,,0,,16,0,0,0
va,2023,25,2023-W25,0,0,0.0,,0,1,58,,,0,,16,0,0,0
vt,2023,25,2023-W25,0,0,0.0,,0,1,58,,,0,,16,0,0,0
wa,2023,25,2023-W25,0,0,0.0,,0,1,58,,,0,,16,0,0,0
wi,2023,25,2023-W25,0,0,0.0,,0,1,58,,,0,,16,0,0,0
wv,2023,25,2023-W25,0,0,0.0,,0,1,58,,,0,,16,0,0,0
wy,2023,25,2023-W25,0,0,0.0,,0,1,58,,,0,,16,0,0,0
ak,2023,26,2023-W26,0,0,0.0,,0,0,58,,,0,,30,0,0,0
al,2023,26,2023-W26,0,0,0.0,,0,0,58,,,0,,30,0,0,0
ar,2023,26,2023-W26,0,0,0.0,,0,0,58,,,0,,30,0,0,0
ca,2023,26,2023-W26,0,0,0.0,,0,0,58,,,0,,30,0,0,0
co,2023,26,2023-W26,0,0,0.0,,0,0,58,,,0,,30,0,0,0
ct,2023,26,2023-W26,0,0,0.0,,0,0,58,,,0,,30,0,0,0
dc,2023,26,2023-W26,0,0,0.0,,0,0,58,,,0,,30,0,0,0
de,2023,26,2023-W26,0,0,0.0,,0,0,58,,,0,,30,0,0,0
fl,2023,26,2023-W26,0,0,0.0,,0,0,58,,,0,,30,0,0,0
ga,2023,26,2023-W26,0,0,0.0,,0,0,58,,,0,,30,0,0,0
gu,2023,26,2023-W26,0,0,0.0,,0,0,58,,,0,,30,0,0,0
hi,2023,26,2023-W26,0,0,0.0,,0,0,58,,,0,,30,0,0,0
ia,2023,26,2023-W26,0,0,0.0,,0,0,58,,,0,,30,0,0,0
id,2023,26,2023-W26,0,0,0.0,,0,0,58,,,0,,30,0,0,0
il,2023,26,2023-W26,0,0,0.0,,0,0,58,,,0,,30,0,0,0
in,2023,26,2023-W26,0,0,0.0,,0,0,58,,,0,,30,0,0,0
ks,2023,26,2023-W26,0,0,0.0,,0,0,58,,,0,,30,0,0,0
ky,2023,26,2023-W26,0,0,0.0,,0,0,58,,,0,,30,0,0,0
la,2023,26,2023-W26,0,0,0.0,,0,0,58,,,0,,30,0,0,0
ma,2023,26,2023-W26,0,0,0.0,,0,0,58,,,0,,30,0,0,0
md,2023,26,2023-W26,0,0,0.0,,0,0,58,,,0,,30,0,0,0
me,2023,26,2023-W26,0,0,0.0,,0,0,58,,,0,,30,0,0,0
mi,2023,26,2023-W26,0,0,0.0,,0,0,58,,,0,,30,0,0,0
mn,2023,26,2023-W26,0,0,0.0,,0,0,58,,,0,,30,0,0,0
mo,2023,26,2023-W26,0,0,0.0,,0,0,58,,,0,,30,0,0,0
ms,2023,26,2023-W26,0,0,0.0,,0,0,58,,,0,,30,0,0,0
mt,2023,26,2023-W26,0,0,0.0,,0,0,58,,,0,,30,0,0,0
nc,2023,26,2023-W26,0,0,0.0,,0,0,58,,,0,,30,0,0,0
ne,2023,26,2023-W26,0,0,0.0,,0,0,58,,,0,,30,0,0,0
nh,2023,26,2023-W26,0,0,0.0,,0,0,58,,,0,,30,0,0,0
nj,2023,26,2023-W26,0,0,0.0,,0,0,58,,,0,,30,0,0,0
nm,2023,26,2023-W26,0,0,0.0,,0,0,58,,,0,,30,0,0,0
nv,2023,26,2023-W26,0,0,0.0,,0,0,58,,,0,,30,0,0,0
ny,2023,26,2023-W26,0,0,0.0,,0,0,58,,,0,,30,0,0,0
oh,2023,26,2023-W26,0,0,0.0,,0,0,58,,,0,,30,0,0,0
ok,2023,26,2023-W26,0,0,0.0,,0,0,58,,,0,,30,0,0,0
or,2023,26,2023-W26,0,0,0.0,,0,0,58,,,0,,30,0,0,0
pa,2023,26,2023-W26,0,0,0.0,,0,0,58,,,0,,30,0,0,0
ri,2023,26,2023-W26,0,0,0.0,,0,0,58,,,0,,30,0,0,0
sc,2023,26,2023-W26,0,0,0.0,,0,0,58,,,0,,30,0,0,0
sd,2023,26,2023-W26,0,0,0.0,,0,0,58,,,0,,30,0,0,0
tn,2023,26,2023-W26,0,0,0.0,,0,0,58,,,0,,30,0,0,0
tx,2023,26,2023-W26,0,0,0.0,,0,0,58,,,0,,30,0,0,0
ut,2023,26,2023-W26,0,0,0.0,,0,0,58,,,0,,30,0,0,0
va,2023,26,2023-W26,0,0,0.0,,0,0,58,,,0,,30,0,0,0
vt,2023,26,2023-W26,0,0,0.0,,0,0,58,,,0,,30,0,0,0
wa,2023,26,2023-W26,0,0,0.0,,0,0,58,,,0,,30,0,0,0
wi,2023,26,2023-W26,0,0,0.0,,0,0,58,,,0,,30,0,0,0
wv,2023,26,2023-W26,0,0,0.0,,0,0,58,,,0,,30,0,0,0
wy,2023,26,2023-W26,0,0,0.0,,0,0,58,,,0,,30,0,0,0
ak,2023,27,2023-W27,0,0,0.0,,0,0,58,,,0,,23,0,0,0
al,2023,27,2023-W27,0,0,0.0,,0,0,58,,,0,,23,0,0,0
ar,2023,27,2023-W27,0,0,0.0,,0,0,58,,,0,,23,0,0,0
ca,2023,27,2023-W27,0,0,0.0,,0,0,58,,,0,,23,0,0,0
co,2023,27,2023-W27,0,0,0.0,,0,0,58,,,0,,23,0,0,0
ct,2023,27,2023-W27,0,0,0.0,,0,0,58,,,0,,23,0,0,0
dc,2023,27,2023-W27,0,0,0.0,,0,0,58,,,0,,23,0,0,0
de,2023,27,2023-W27,0,0,0.0,,0,0,58,,,0,,23,0,0,0
fl,2023,27,2023-W27,0,0,0.0,,0,0,58,,,0,,23,0,0,0
ga,2023,27,2023-W27,0,0,0.0,,0,0,58,,,0,,23,0,0,0
gu,2023,27,2023-W27,0,0,0.0,,0,0,58,,,0,,23,0,0,0
hi,2023,27,2023-W27,0,0,0.0,,0,0,58,,,0,,23,0,0,0
ia,2023,27,2023-W27,0,0,0.0,,0,0,58,,,0,,23,0,0,0
id,2023,27,2023-W27,0,0,0.0,,0,0,58,,,0,,23,0,0,0
il,2023,27,2023-W27,0,0,0.0,,0,0,58,,,0,,23,0,0,0
in,2023,27,2023-W27,0,0,0.0,,0,0,58,,,0,,23,0,0,0
ks,2023,27,2023-W27,0,0,0.0,,0,0,58,,,0,,23,0,0,0
ky,2023,27,2023-W27,0,0,0.0,,0,0,58,,,0,,23,0,0,0
la,2023,27,2023-W27,0,0,0.0,,0,0,58,,,0,,23,0,0,0
ma,2023,27,2023-W27,0,0,0.0,,0,0,58,,,0,,23,0,0,0
md,2023,27,2023-W27,0,0,0.0,,0,0,58,,,0,,23,0,0,0
me,2023,27,2023-W27,0,0,0.0,,0,0,58,,,0,,23,0,0,0
mi,2023,27,2023-W27,0,0,0.0,,0,0,58,,,0,,23,0,0,0
mn,2023,27,2023-W27,0,0,0.0,,0,0,58,,,0,,23,0,0,0
mo,2023,27,2023-W27,0,0,0.0,,0,0,58,,,0,,23,0,0,0
ms,2023,27,2023-W27,0,0,0.0,,0,0,58,,,0,,23,0,0,0
mt,2023,27,2023-W27,0,0,0.0,,0,0,58,,,0,,23,0,0,0
nc,2023,27,2023-W27,0,0,0.0,,0,0,58,,,0,,23,0,0,0
ne,2023,27,2023-W27,0,0,0.0,,0,0,58,,,0,,23,0,0,0
nh,2023,27,2023-W27,0,0,0.0,,0,0,58,,,0,,23,0,0,0
nj,2023,27,2023-W27,0,0,0.0,,0,0,58,,,0,,23,0,0,0
nm,2023,27,2023-W27,0,0,0.0,,0,0,58,,,0,,23,0,0,0
nv,2023,27,2023-W27,0,0,0.0,,0,0,58,,,0,,23,0,0,0
ny,2023,27,2023-W27,0,0,0.0,,0,0,58,,,0,,23,0,0,0
oh,2023,27,2023-W27,0,0,0.0,,0,0,58,,,0,,23,0,0,0
ok,2023,27,2023-W27,0,0,0.0,,0,0,58,,,0,,23,0,0,0
or,2023,27,2023-W27,0,0,0.0,,0,0,58,,,0,,23,0,0,0
pa,2023,27,2023-W27,0,0,0.0,,0,0,58,,,0,,23,0,0,0
ri,2023,27,2023-W27,0,0,0.0,,0,0,58,,,0,,23,0,0,0
sc,2023,27,2023-W27,0,0,0.0,,0,0,58,,,0,,23,0,0,0
sd,2023,27,2023-W27,0,0,0.0,,0,0,58,,,0,,23,0,0,0
tn,2023,27,2023-W27,0,0,0.0,,0,0,58,,,0,,23,0,0,0
tx,2023,27,2023-W27,0,0,0.0,,0,0,58,,,0,,23,0,0,0
ut,2023,27,2023-W27,0,0,0.0,,0,0,58,,,0,,23,0,0,0
va,2023,27,2023-W27,0,0,0.0,,0,0,58,,,0,,23,0,0,0
vt,2023,27,2023-W27,0,0,0.0,,0,0,58,,,0,,23,0,0,0
wa,2023,27,2023-W27,0,0,0.0,,0,0,58,,,0,,23,0,0,0
wi,2023,27,2023-W27,0,0,0.0,,0,0,58,,,0,,23,0,0,0
wv,2023,27,2023-W27,0,0,0.0,,0,0,58,,,0,,23,0,0,0
wy,2023,27,2023-W27,0,0,0.0,,0,0,58,,,0,,23,0,0,0
ak,2023,28,2023-W28,0,0,0.0,,0,3,58,,,0,,9,0,0,0
al,2023,28,2023-W28,0,0,0.0,,0,3,58,,,0,,9,0,0,0
ar,2023,28,2023-W28,0,0,0.0,,0,3,58,,,0,,9,0,0,0
ca,2023,28,2023-W28,0,0,0.0,,0,3,58,,,0,,9,0,0,0
co,2023,28,2023-W28,0,0,0.0,,0,3,58,,,0,,9,0,0,0
ct,2023,28,2023-W28,0,0,0.0,,0,3,58,,,0,,9,0,0,0
dc,2023,28,2023-W28,0,0,0.0,,0,3,58,,,0,,9,0,0,0
de,2023,28,2023-W28,0,0,0.0,,0,3,58,,,0,,9,0,0,0
fl,2023,28,2023-W28,0,0,0.0,,0,3,58,,,0,,9,0,0,0
ga,2023,28,2023-W28,0,0,0.0,,0,3,58,,,0,,9,0,0,0
gu,2023,28,2023-W28,0,0,0.0,,0,3,58,,,0,,9,0,0,0
hi,2023,28,2023-W28,0,0,0.0,,0,3,58,,,0,,9,0,0,0
ia,2023,28,2023-W28,0,0,0.0,,0,3,58,,,0,,9,0,0,0
id,2023,28,2023-W28,0,0,0.0,,0,3,58,,,0,,9,0,0,0
il,2023,28,2023-W28,0,0,0.0,,0,3,58,,,0,,9,0,0,0
in,2023,28,2023-W28,0,0,0.0,,0,3,58,,,0,,9,0,0,0
ks,2023,28,2023-W28,0,0,0.0,,0,3,58,,,0,,9,0,0,0
ky,2023,28,2023-W28,0,0,0.0,,0,3,58,,,0,,9,0,0,0
la,2023,28,2023-W28,0,0,0.0,,0,3,58,,,0,,9,0,0,0
ma,2023,28,2023-W28,0,0,0.0,,0,3,58,,,0,,9,0,0,0
md,2023,28,2023-W28,0,0,0.0,,0,3,58,,,0,,9,0,0,0
me,2023,28,2023-W28,0,0,0.0,,0,3,58,,,0,,9,0,0,0
mi,2023,28,2023-W28,0,0,0.0,,0,3,58,,,0,,9,0,0,0
mn,2023,28,2023-W28,0,0,0.0,,0,3,58,,,0,,9,0,0,0
mo,2023,28,2023-W28,0,0,0.0,,0,3,58,,,0,,9,0,0,0
ms,2023,28,2023-W28,0,0,0.0,,0,3,58,,,0,,9,0,0,0
mt,2023,28,2023-W28,0,0,0.0,,0,3,58,,,0,,9,0,0,0
nc,2023,28,2023-W28,0,0,0.0,,0,3,58,,,0,,9,0,0,0
ne,2023,28,2023-W28,0,0,0.0,,0,3,58,,,0,,9,0,0,0
nh,2023,28,2023-W28,0,0,0.0,,0,3,58,,,0,,9,0,0,0
nj,2023,28,2023-W28,0,0,0.0,,0,3,58,,,0,,9,0,0,0
nm,2023,28,2023-W28,0,0,0.0,,0,3,58,,,0,,9,0,0,0
nv,2023,28,2023-W28,0,0,0.0,,0,3,58,,,0,,9,0,0,0
ny,2023,28,2023-W28,0,0,0.0,,0,3,58,,,0,,9,0,0,0
oh,2023,28,2023-W28,0,0,0.0,,0,3,58,,,0,,9,0,0,0
ok,2023,28,2023-W28,0,0,0.0,,0,3,58,,,0,,9,0,0,0
or,2023,28,2023-W28,0,0,0.0,,0,3,58,,,0,,9,0,0,0
pa,2023,28,2023-W28,0,0,0.0,,0,3,58,,,0,,9,0,0,0
ri,2023,28,2023-W28,0,0,0.0,,0,3,58,,,0,,9,0,0,0
sc,2023,28,2023-W28,0,0,0.0,,0,3,58,,,0,,9,0,0,0
sd,2023,28,2023-W28,0,0,0.0,,0,3,58,,,0,,9,0,0,0
tn,2023,28,2023-W28,0,0,0.0,,0,3,58,,,0,,9,0,0,0
tx,2023,28,2023-W28,0,0,0.0,,0,3,58,,,0,,9,0,0,0
ut,2023,28,2023-W28,0,0,0.0,,0,3,58,,,0,,9,0,0,0
va,2023,28,2023-W28,0,0,0.0,,0,3,58,,,0,,9,0,0,0
vt,2023,28,2023-W28,0,0,0.0,,0,3,58,,,0,,9,0,0,0
wa,2023,28,2023-W28,0,0,0.0,,0,3,58,,,0,,9,0,0,0
wi,2023,28,2023-W28,0,0,0.0,,0,3,58,,,0,,9,0,0,0
wv,2023,28,2023-W28,0,0,0.0,,0,3,58,,,0,,9,0,0,0
wy,2023,28,2023-W28,0,0,0.0,,0,3,58,,,0,,9,0,0,0
ak,2023,29,2023-W29,0,0,0.0,,0,0,58,,,0,,20,0,0,0
al,2023,29,2023-W29,0,0,0.0,,0,0,58,,,0,,20,0,0,0
ar,2023,29,2023-W29,0,0,0.0,,0,0,58,,,0,,20,0,0,0
ca,2023,29,2023-W29,0,0,0.0,,0,0,58,,,0,,20,0,0,0
co,2023,29,2023-W29,0,0,0.0,,0,0,58,,,0,,20,0,0,0
ct,2023,29,2023-W29,0,0,0.0,,0,0,58,,,0,,20,0,0,0
dc,2023,29,2023-W29,0,0,0.0,,0,0,58,,,0,,20,0,0,0
de,2023,29,2023-W29,0,0,0.0,,0,0,58,,,0,,20,0,0,0
fl,2023,29,2023-W29,0,0,0.0,,0,0,58,,,0,,20,0,0,0
ga,2023,29,2023-W29,0,0,0.0,,0,0,58,,,0,,20,0,0,0
gu,2023,29,2023-W29,0,0,0.0,,0,0,58,,,0,,20,0,0,0
hi,2023,29,2023-W29,0,0,0.0,,0,0,58,,,0,,20,0,0,0
ia,2023,29,2023-W29,0,0,0.0,,0,0,58,,,0,,20,0,0,0
id,2023,29,2023-W29,0,0,0.0,,0,0,58,,,0,,20,0,0,0
il,2023,29,2023-W29,0,0,0.0,,0,0,58,,,0,,20,0,0,0
in,2023,29,2023-W29,0,0,0.0,,0,0,58,,,0,,20,0,0,0
ks,2023,29,2023-W29,0,0,0.0,,0,0,58,,,0,,20,0,0,0
ky,2023,29,2023-W29,0,0,0.0,,0,0,58,,,0,,20,0,0,0
la,2023,29,2023-W29,0,0,0.0,,0,0,58,,,0,,20,0,0,0
ma,2023,29,2023-W29,0,0,0.0,,0,0,58,,,0,,20,0,0,0
md,2023,29,2023-W29,0,0,0.0,,0,0,58,,,0,,20,0,0,0
me,2023,29,2023-W29,0,0,0.0,,0,0,58,,,0,,20,0,0,0
mi,2023,29,2023-W29,0,0,0.0,,0,0,58,,,0,,20,0,0,0
mn,2023,29,2023-W29,0,0,0.0,,0,0,58,,,0,,20,0,0,0
mo,2023,29,2023-W29,0,0,0.0,,0,0,58,,,0,,20,0,0,0
ms,2023,29,2023-W29,0,0,0.0,,0,0,58,,,0,,20,0,0,0
mt,2023,29,2023-W29,0,0,0.0,,0,0,58,,,0,,20,0,0,0
nc,2023,29,2023-W29,0,0,0.0,,0,0,58,,,0,,20,0,0,0
ne,2023,29,2023-W29,0,0,0.0,,0,0,58,,,0,,20,0,0,0
nh,2023,29,2023-W29,0,0,0.0,,0,0,58,,,0,,20,0,0,0
nj,2023,29,2023-W29,0,0,0.0,,0,0,58,,,0,,20,0,0,0
nm,2023,29,2023-W29,0,0,0.0,,0,0,58,,,0,,20,0,0,0
nv,2023,29,2023-W29,0,0,0.0,,0,0,58,,,0,,20,0,0,0
ny,2023,29,2023-W29,0,0,0.0,,0,0,58,,,0,,20,0,0,0
oh,2023,29,2023-W29,0,0,0.0,,0,0,58,,,0,,20,0,0,0
ok,2023,29,2023-W29,0,0,0.0,,0,0,58,,,0,,20,0,0,0
or,2023,29,2023-W29,0,0,0.0,,0,0,58,,,0,,20,0,0,0
pa,2023,29,2023-W29,0,0,0.0,,0,0,58,,,0,,20,0,0,0
ri,2023,29,2023-W29,0,0,0.0,,0,0,58,,,0,,20,0,0,0
sc,2023,29,2023-W29,0,0,0.0,,0,0,58,,,0,,20,0,0,0
sd,2023,29,2023-W29,0,0,0.0,,0,0,58,,,0,,20,0,0,0
tn,2023,29,2023-W29,0,0,0.0,,0,0,58,,,0,,20,0,0,0
tx,2023,29,2023-W29,0,0,0.0,,0,0,58,,,0,,20,0,0,0
ut,2023,29,2023-W29,0,0,0.0,,0,0,58,,,0,,20,0,0,0
va,2023,29,2023-W29,0,0,0.0,,0,0,58,,,0,,20,0,0,0
vt,2023,29,2023-W29,0,0,0.0,,0,0,58,,,0,,20,0,0,0
wa,2023,29,2023-W29,0,0,0.0,,0,0,58,,,0,,20,0,0,0
wi,2023,29,2023-W29,0,0,0.0,,0,0,58,,,0,,20,0,0,0
wv,2023,29,2023-W29,0,0,0.0,,0,0,58,,,0,,20,0,0,0
wy,2023,29,2023-W29,0,0,0.0,,0,0,58,,,0,,20,0,0,0
ak,2023,30,2023-W30,0,0,0.0,,0,1,58,,,0,,16,0,0,0
al,2023,30,2023-W30,0,0,0.0,,0,1,58,,,0,,16,0,0,0
ar,2023,30,2023-W30,0,0,0.0,,0,1,58,,,0,,16,0,0,0
ca,2023,30,2023-W30,0,0,0.0,,0,1,58,,,0,,16,0,0,0
co,2023,30,2023-W30,0,0,0.0,,0,1,58,,,0,,16,0,0,0
ct,2023,30,2023-W30,0,0,0.0,,0,1,58,,,0,,16,0,0,0
dc,2023,30,2023-W30,0,0,0.0,,0,1,58,,,0,,16,0,0,0
de,2023,30,2023-W30,0,0,0.0,,0,1,58,,,0,,16,0,0,0
fl,2023,30,2023-W30,0,0,0.0,,0,1,58,,,0,,16,0,0,0
ga,2023,30,2023-W30,0,0,0.0,,0,1,58,,,0,,16,0,0,0
gu,2023,30,2023-W30,0,0,0.0,,0,1,58,,,0,,16,0,0,0
hi,2023,30,2023-W30,0,0,0.0,,0,1,58,,,0,,16,0,0,0
ia,2023,30,2023-W30,0,0,0.0,,0,1,58,,,0,,16,0,0,0
id,2023,30,2023-W30,0,0,0.0,,0,1,58,,,0,,16,0,0,0
il,2023,30,2023-W30,0,0,0.0,,0,1,58,,,0,,16,0,0,0
in,2023,30,2023-W30,0,0,0.0,,0,1,58,,,0,,16,0,0,0
ks,2023,30,2023-W30,0,0,0.0,,0,1,58,,,0,,16,0,0,0
ky,2023,30,2023-W30,0,0,0.0,,0,1,58,,,0,,16,0,0,0
la,2023,30,2023-W30,0,0,0.0,,0,1,58,,,0,,16,0,0,0
ma,2023,30,2023-W30,0,0,0.0,,0,1,58,,,0,,16,0,0,0
md,2023,30,2023-W30,0,0,0.0,,0,1,58,,,0,,16,0,0,0
me,2023,30,2023-W30,0,0,0.0,,0,1,58,,,0,,16,0,0,0
mi,2023,30,2023-W30,0,0,0.0,,0,1,58,,,0,,16,0,0,0
mn,2023,30,2023-W30,0,0,0.0,,0,1,58,,,0,,16,0,0,0
mo,2023,30,2023-W30,0,0,0.0,,0,1,58,,,0,,16,0,0,0
ms,2023,30,2023-W30,0,0,0.0,,0,1,58,,,0,,16,0,0,0
mt,2023,30,2023-W30,0,0,0.0,,0,1,58,,,0,,16,0,0,0
nc,2023,30,2023-W30,0,0,0.0,,0,1,58,,,0,,16,0,0,0
ne,2023,30,2023-W30,0,0,0.0,,0,1,58,,,0,,16,0,0,0
nh,2023,30,2023-W30,0,0,0.0,,0,1,58,,,0,,16,0,0,0
nj,2023,30,2023-W30,0,0,0.0,,0,1,58,,,0,,16,0,0,0
nm,2023,30,2023-W30,0,0,0.0,,0,1,58,,,0,,16,0,0,0
nv,2023,30,2023-W30,0,0,0.0,,0,1,58,,,0,,16,0,0,0
ny,2023,30,2023-W30,0,0,0.0,,0,1,58,,,0,,16,0,0,0
oh,2023,30,2023-W30,0,0,0.0,,0,1,58,,,0,,16,0,0,0
ok,2023,30,2023-W30,0,0,0.0,,0,1,58,,,0,,16,0,0,0
or,2023,30,2023-W30,0,0,0.0,,0,1,58,,,0,,16,0,0,0
pa,2023,30,2023-W30,0,0,0.0,,0,1,58,,,0,,16,0,0,0
ri,2023,30,2023-W30,0,0,0.0,,0,1,58,,,0,,16,0,0,0
sc,2023,30,2023-W30,0,0,0.0,,0,1,58,,,0,,16,0,0,0
sd,2023,30,2023-W30,0,0,0.0,,0,1,58,,,0,,16,0,0,0
tn,2023,30,2023-W30,0,0,0.0,,0,1,58,,,0,,16,0,0,0
tx,2023,30,2023-W30,0,0,0.0,,0,1,58,,,0,,16,0,0,0
ut,2023,30,2023-W30,0,0,0.0,,0,1,58,,,0,,16,0,0,0
va,2023,30,2023-W30,0,0,0.0,,0,1,58,,,0,,16,0,0,0
vt,2023,30,2023-W30,0,0,0.0,,0,1,58,,,0,,16,0,0,0
wa,2023,30,2023-W30,0,0,0.0,,0,1,58,,,0,,16,0,0,0
wi,2023,30,2023-W30,0,0,0.0,,0,1,58,,,0,,16,0,0,0
wv,2023,30,2023-W30,0,0,0.0,,0,1,58,,,0,,16,0,0,0
wy,2023,30,2023-W30,0,0,0.0,,0,1,58,,,0,,16,0,0,0
ak,2023,31,2023-W31,0,0,0.0,,0,1,58,,,0,,24,0,0,0
al,2023,31,2023-W31,0,0,0.0,,0,1,58,,,0,,24,0,0,0
ar,2023,31,2023-W31,0,0,0.0,,0,1,58,,,0,,24,0,0,0
ca,2023,31,2023-W31,0,0,0.0,,0,1,58,,,0,,24,0,0,0
co,2023,31,2023-W31,0,0,0.0,,0,1,58,,,0,,24,0,0,0
ct,2023,31,2023-W31,0,0,0.0,,0,1,58,,,0,,24,0,0,0
dc,2023,31,2023-W31,0,0,0.0,,0,1,58,,,0,,24,0,0,0
de,2023,31,2023-W31,0,0,0.0,,0,1,58,,,0,,24,0,0,0
fl,2023,31,2023-W31,0,0,0.0,,0,1,58,,,0,,24,0,0,0
ga,2023,31,2023-W31,0,0,0.0,,0,1,58,,,0,,24,0,0,0
gu,2023,31,2023-W31,0,0,0.0,,0,1,58,,,0,,24,0,0,0
hi,2023,31,2023-W31,0,0,0.0,,0,1,58,,,0,,24,0,0,0
ia,2023,31,2023-W31,0,0,0.0,,0,1,58,,,0,,24,0,0,0
id,2023,31,2023-W31,0,0,0.0,,0,1,58,,,0,,24,0,0,0
il,2023,31,2023-W31,0,0,0.0,,0,1,58,,,0,,24,0,0,0
in,2023,31,2023-W31,0,0,0.0,,0,1,58,,,0,,24,0,0,0
ks,2023,31,2023-W31,0,0,0.0,,0,1,58,,,0,,24,0,0,0
ky,2023,31,2023-W31,0,0,0.0,,0,1,58,,,0,,24,0,0,0
la,2023,31,2023-W31,0,0,0.0,,0,1,58,,,0,,24,0,0,0
ma,2023,31,2023-W31,0,0,0.0,,0,1,58,,,0,,24,0,0,0
md,2023,31,2023-W31,0,0,0.0,,0,1,58,,,0,,24,0,0,0
me,2023,31,2023-W31,0,0,0.0,,0,1,58,,,0,,24,0,0,0
mi,2023,31,2023-W31,0,0,0.0,,0,1,58,,,0,,24,0,0,0
mn,2023,31,2023-W31,0,0,0.0,,0,1,58,,,0,,24,0,0,0
mo,2023,31,2023-W31,0,0,0.0,,0,1,58,,,0,,24,0,0,0
ms,2023,31,2023-W31,0,0,0.0,,0,1,58,,,0,,24,0,0,0
mt,2023,31,2023-W31,0,0,0.0,,0,1,58,,,0,,24,0,0,0
nc,2023,31,2023-W31,0,0,0.0,,0,1,58,,,0,,24,0,0,0
ne,2023,31,2023-W31,0,0,0.0,,0,1,58,,,0,,24,0,0,0
nh,2023,31,2023-W31,0,0,0.0,,0,1,58,,,0,,24,0,0,0
nj,2023,31,2023-W31,0,0,0.0,,0,1,58,,,0,,24,0,0,0
nm,2023,31,2023-W31,0,0,0.0,,0,1,58,,,0,,24,0,0,0
nv,2023,31,2023-W31,0,0,0.0,,0,1,58,,,0,,24,0,0,0
ny,2023,31,2023-W31,0,0,0.0,,0,1,58,,,0,,24,0,0,0
oh,2023,31,2023-W31,0,0,0.0,,0,1,58,,,0,,24,0,0,0
ok,2023,31,2023-W31,0,0,0.0,,0,1,58,,,0,,24,0,0,0
or,2023,31,2023-W31,0,0,0.0,,0,1,58,,,0,,24,0,0,0
pa,2023,31,2023-W31,0,0,0.0,,0,1,58,,,0,,24,0,0,0
ri,2023,31,2023-W31,0,0,0.0,,0,1,58,,,0,,24,0,0,0
sc,2023,31,2023-W31,0,0,0.0,,0,1,58,,,0,,24,0,0,0
sd,2023,31,2023-W31,0,0,0.0,,0,1,58,,,0,,24,0,0,0
tn,2023,31,2023-W31,0,0,0.0,,0,1,58,,,0,,24,0,0,0
tx,2023,31,2023-W31,0,0,0.0,,0,1,58,,,0,,24,0,0,0
ut,2023,31,2023-W31,0,0,0.0,,0,1,58,,,0,,24,0,0,0
va,2023,31,2023-W31,0,0,0.0,,0,1,58,,,0,,24,0,0,0
vt,2023,31,2023-W31,0,0,0.0,,0,1,58,,,0,,24,0,0,0
wa,2023,31,2023-W31,0,0,0.0,,0,1,58,,,0,,24,0,0,0
wi,2023,31,2023-W31,0,0,0.0,,0,1,58,,,0,,24,0,0,0
wv,2023,31,2023-W31,0,0,0.0,,0,1,58,,,0,,24,0,0,0
wy,2023,31,2023-W31,0,0,0.0,,0,1,58,,,0,,24,0,0,0
ak,2023,32,2023-W32,0,0,0.0,,0,1,58,,,0,,16,0,0,0
al,2023,32,2023-W32,0,0,0.0,,0,1,58,,,0,,16,0,0,0
ar,2023,32,2023-W32,0,0,0.0,,0,1,58,,,0,,16,0,0,0
ca,2023,32,2023-W32,0,0,0.0,,0,1,58,,,0,,16,0,0,0
co,2023,32,2023-W32,0,0,0.0,,0,1,58,,,0,,16,0,0,0
ct,2023,32,2023-W32,0,0,0.0,,0,1,58,,,0,,16,0,0,0
dc,2023,32,2023-W32,0,0,0.0,,0,1,58,,,0,,16,0,0,0
de,2023,32,2023-W32,0,0,0.0,,0,1,58,,,0,,16,0,0,0
fl,2023,32,2023-W32,0,0,0.0,,0,1,58,,,0,,16,0,0,0
ga,2023,32,2023-W32,0,0,0.0,,0,1,58,,,0,,16,0,0,0
gu,2023,32,2023-W32,0,0,0.0,,0,1,58,,,0,,16,0,0,0
hi,2023,32,2023-W32,0,0,0.0,,0,1,58,,,0,,16,0,0,0
ia,2023,32,2023-W32,0,0,0.0,,0,1,58,,,0,,16,0,0,0
id,2023,32,2023-W32,0,0,0.0,,0,1,58,,,0,,16,0,0,0
il,2023,32,2023-W32,0,0,0.0,,0,1,58,,,0,,16,0,0,0
in,2023,32,2023-W32,0,0,0.0,,0,1,58,,,0,,16,0,0,0
ks,2023,32,2023-W32,0,0,0.0,,0,1,58,,,0,,16,0,0,0
ky,2023,32,2023-W32,0,0,0.0,,0,1,58,,,0,,16,0,0,0
la,2023,32,2023-W32,0,0,0.0,,0,1,58,,,0,,16,0,0,0
ma,2023,32,2023-W32,0,0,0.0,,0,1,58,,,0,,16,0,0,0
md,2023,32,2023-W32,0,0,0.0,,0,1,58,,,0,,16,0,0,0
me,2023,32,2023-W32,0,0,0.0,,0,1,58,,,0,,16,0,0,0
mi,2023,32,2023-W32,0,0,0.0,,0,1,58,,,0,,16,0,0,0
mn,2023,32,2023-W32,0,0,0.0,,0,1,58,,,0,,16,0,0,0
mo,2023,32,2023-W32,0,0,0.0,,0,1,58,,,0,,16,0,0,0
ms,2023,32,2023-W32,0,0,0.0,,0,1,58,,,0,,16,0,0,0
mt,2023,32,2023-W32,0,0,0.0,,0,1,58,,,0,,16,0,0,0
nc,2023,32,2023-W32,0,0,0.0,,0,1,58,,,0,,16,0,0,0
ne,2023,32,2023-W32,0,0,0.0,,0,1,58,,,0,,16,0,0,0
nh,2023,32,2023-W32,0,0,0.0,,0,1,58,,,0,,16,0,0,0
nj,2023,32,2023-W32,0,0,0.0,,0,1,58,,,0,,16,0,0,0
nm,2023,32,2023-W32,0,0,0.0,,0,1,58,,,0,,16,0,0,0
nv,2023,32,2023-W32,0,0,0.0,,0,1,58,,,0,,16,0,0,0
ny,2023,32,2023-W32,0,0,0.0,,0,1,58,,,0,,16,0,0,0
oh,2023,32,2023-W32,0,0,0.0,,0,1,58,,,0,,16,0,0,0
ok,2023,32,2023-W32,0,0,0.0,,0,1,58,,,0,,16,0,0,0
or,2023,32,2023-W32,0,0,0.0,,0,1,58,,,0,,16,0,0,0
pa,2023,32,2023-W32,0,0,0.0,,0,1,58,,,0,,16,0,0,0
ri,2023,32,2023-W32,0,0,0.0,,0,1,58,,,0,,16,0,0,0
sc,2023,32,2023-W32,0,0,0.0,,0,1,58,,,0,,16,0,0,0
sd,2023,32,2023-W32,0,0,0.0,,0,1,58,,,0,,16,0,0,0
tn,2023,32,2023-W32,0,0,0.0,,0,1,58,,,0,,16,0,0,0
tx,2023,32,2023-W32,0,0,0.0,,0,1,58,,,0,,16,0,0,0
ut,2023,32,2023-W32,0,0,0.0,,0,1,58,,,0,,16,0,0,0
va,2023,32,2023-W32,0,0,0.0,,0,1,58,,,0,,16,0,0,0
vt,2023,32,2023-W32,0,0,0.0,,0,1,58,,,0,,16,0,0,0
wa,2023,32,2023-W32,0,0,0.0,,0,1,58,,,0,,16,0,0,0
wi,2023,32,2023-W32,0,0,0.0,,0,1,58,,,0,,16,0,0,0
wv,2023,32,2023-W32,0,0,0.0,,0,1,58,,,0,,16,0,0,0
wy,2023,32,2023-W32,0,0,0.0,,0,1,58,,,0,,16,0,0,0
ak,2023,33,2023-W33,0,0,0.0,,0,0,58,,,0,,19,0,0,0
al,2023,33,2023-W33,0,0,0.0,,0,0,58,,,0,,19,0,0,0
ar,2023,33,2023-W33,0,0,0.0,,0,0,58,,,0,,19,0,0,0
ca,2023,33,2023-W33,0,0,0.0,,0,0,58,,,0,,19,0,0,0
co,2023,33,2023-W33,0,0,0.0,,0,0,58,,,0,,19,0,0,0
ct,2023,33,2023-W33,0,0,0.0,,0,0,58,,,0,,19,0,0,0
dc,2023,33,2023-W33,0,0,0.0,,0,0,58,,,0,,19,0,0,0
de,2023,33,2023-W33,0,0,0.0,,0,0,58,,,0,,19,0,0,0
fl,2023,33,2023-W33,0,0,0.0,,0,0,58,,,0,,19,0,0,0
ga,2023,33,2023-W33,0,0,0.0,,0,0,58,,,0,,19,0,0,0
gu,2023,33,2023-W33,0,0,0.0,,0,0,58,,,0,,19,0,0,0
hi,2023,33,2023-W33,0,0,0.0,,0,0,58,,,0,,19,0,0,0
ia,2023,33,2023-W33,0,0,0.0,,0,0,58,,,0,,19,0,0,0
id,2023,33,2023-W33,0,0,0.0,,0,0,58,,,0,,19,0,0,0
il,2023,33,2023-W33,0,0,0.0,,0,0,58,,,0,,19,0,0,0
in,2023,33,2023-W33,0,0,0.0,,0,0,58,,,0,,19,0,0,0
ks,2023,33,2023-W33,0,0,0.0,,0,0,58,,,0,,19,0,0,0
ky,2023,33,2023-W33,0,0,0.0,,0,0,58,,,0,,19,0,0,0
la,2023,33,2023-W33,0,0,0.0,,0,0,58,,,0,,19,0,0,0
ma,2023,33,2023-W33,0,0,0.0,,0,0,58,,,0,,19,0,0,0
md,2023,33,2023-W33,0,0,0.0,,0,0,58,,,0,,19,0,0,0
me,2023,33,2023-W33,0,0,0.0,,0,0,58,,,0,,19,0,0,0
mi,2023,33,2023-W33,0,0,0.0,,0,0,58,,,0,,19,0,0,0
mn,2023,33,2023-W33,0,0,0.0,,0,0,58,,,0,,19,0,0,0
mo,2023,33,2023-W33,0,0,0.0,,0,0,58,,,0,,19,0,0,0
ms,2023,33,2023-W33,0,0,0.0,,0,0,58,,,0,,19,0,0,0
mt,2023,33,2023-W33,0,0,0.0,,0,0,58,,,0,,19,0,0,0
nc,2023,33,2023-W33,0,0,0.0,,0,0,58,,,0,,19,0,0,0
ne,2023,33,2023-W33,0,0,0.0,,0,0,58,,,0,,19,0,0,0
nh,2023,33,2023-W33,0,0,0.0,,0,0,58,,,0,,19,0,0,0
nj,2023,33,2023-W33,0,0,0.0,,0,0,58,,,0,,19,0,0,0
nm,2023,33,2023-W33,0,0,0.0,,0,0,58,,,0,,19,0,0,0
nv,2023,33,2023-W33,0,0,0.0,,0,0,58,,,0,,19,0,0,0
ny,2023,33,2023-W33,0,0,0.0,,0,0,58,,,0,,19,0,0,0
oh,2023,33,2023-W33,0,0,0.0,,0,0,58,,,0,,19,0,0,0
ok,2023,33,2023-W33,0,0,0.0,,0,0,58,,,0,,19,0,0,0
or,2023,33,2023-W33,0,0,0.0,,0,0,58,,,0,,19,0,0,0
pa,2023,33,2023-W33,0,0,0.0,,0,0,58,,,0,,19,0,0,0
ri,2023,33,2023-W33,0,0,0.0,,0,0,58,,,0,,19,0,0,0
sc,2023,33,2023-W33,0,0,0.0,,0,0,58,,,0,,19,0,0,0
sd,2023,33,2023-W33,0,0,0.0,,0,0,58,,,0,,19,0,0,0
tn,2023,33,2023-W33,0,0,0.0,,0,0,58,,,0,,19,0,0,0
tx,2023,33,2023-W33,0,0,0.0,,0,0,58,,,0,,19,0,0,0
ut,2023,33,2023-W33,0,0,0.0,,0,0,58,,,0,,19,0,0,0
va,2023,33,2023-W33,0,0,0.0,,0,0,58,,,0,,19,0,0,0
vt,2023,33,2023-W33,0,0,0.0,,0,0,58,,,0,,19,0,0,0
wa,2023,33,2023-W33,0,0,0.0,,0,0,58,,,0,,19,0,0,0
wi,2023,33,2023-W33,0,0,0.0,,0,0,58,,,0,,19,0,0,0
wv,2023,33,2023-W33,0,0,0.0,,0,0,58,,,0,,19,0,0,0
wy,2023,33,2023-W33,0,0,0.0,,0,0,58,,,0,,19,0,0,0
ak,2023,34,2023-W34,0,0,0.0,,0,1,58,,,0,,22,0,0,0
al,2023,34,2023-W34,0,0,0.0,,0,1,58,,,0,,22,0,0,0
ar,2023,34,2023-W34,0,0,0.0,,0,1,58,,,0,,22,0,0,0
ca,2023,34,2023-W34,0,0,0.0,,0,1,58,,,0,,22,0,0,0
co,2023,34,2023-W34,0,0,0.0,,0,1,58,,,0,,22,0,0,0
ct,2023,34,2023-W34,0,0,0.0,,0,1,58,,,0,,22,0,0,0
dc,2023,34,2023-W34,0,0,0.0,,0,1,58,,,0,,22,0,0,0
de,2023,34,2023-W34,0,0,0.0,,0,1,58,,,0,,22,0,0,0
fl,2023,34,2023-W34,0,0,0.0,,0,1,58,,,0,,22,0,0,0
ga,2023,34,2023-W34,0,0,0.0,,0,1,58,,,0,,22,0,0,0
gu,2023,34,2023-W34,0,0,0.0,,0,1,58,,,0,,22,0,0,0
hi,2023,34,2023-W34,0,0,0.0,,0,1,58,,,0,,22,0,0,0
ia,2023,34,2023-W34,0,0,0.0,,0,1,58,,,0,,22,0,0,0
id,2023,34,2023-W34,0,0,0.0,,0,1,58,,,0,,22,0,0,0
il,2023,34,2023-W34,0,0,0.0,,0,1,58,,,0,,22,0,0,0
in,2023,34,2023-W34,0,0,0.0,,0,1,58,,,0,,22,0,0,0
ks,2023,34,2023-W34,0,0,0.0,,0,1,58,,,0,,22,0,0,0
ky,2023,34,2023-W34,0,0,0.0,,0,1,58,,,0,,22,0,0,0
la,2023,34,2023-W34,0,0,0.0,,0,1,58,,,0,,22,0,0,0
ma,2023,34,2023-W34,0,0,0.0,,0,1,58,,,0,,22,0,0,0
md,2023,34,2023-W34,0,0,0.0,,0,1,58,,,0,,22,0,0,0
me,2023,34,2023-W34,0,0,0.0,,0,1,58,,,0,,22,0,0,0
mi,2023,34,2023-W34,0,0,0.0,,0,1,58,,,0,,22,0,0,0
mn,2023,34,2023-W34,0,0,0.0,,0,1,58,,,0,,22,0,0,0
mo,2023,34,2023-W34,0,0,0.0,,0,1,58,,,0,,22,0,0,0
ms,2023,34,2023-W34,0,0,0.0,,0,1,58,,,0,,22,0,0,0
mt,2023,34,2023-W34,0,0,0.0,,0,1,58,,,0,,22,0,0,0
nc,2023,34,2023-W34,0,0,0.0,,0,1,58,,,0,,22,0,0,0
ne,2023,34,2023-W34,0,0,0.0,,0,1,58,,,0,,22,0,0,0
nh,2023,34,2023-W34,0,0,0.0,,0,1,58,,,0,,22,0,0,0
nj,2023,34,2023-W34,0,0,0.0,,0,1,58,,,0,,22,0,0,0
nm,2023,34,2023-W34,0,0,0.0,,0,1,58,,,0,,22,0,0,0
nv,2023,34,2023-W34,0,0,0.0,,0,1,58,,,0,,22,0,0,0
ny,2023,34,2023-W34,0,0,0.0,,0,1,58,,,0,,22,0,0,0
oh,2023,34,2023-W34,0,0,0.0,,0,1,58,,,0,,22,0,0,0
ok,2023,34,2023-W34,0,0,0.0,,0,1,58,,,0,,22,0,0,0
or,2023,34,2023-W34,0,0,0.0,,0,1,58,,,0,,22,0,0,0
pa,2023,34,2023-W34,0,0,0.0,,0,1,58,,,0,,22,0,0,0
ri,2023,34,2023-W34,0,0,0.0,,0,1,58,,,0,,22,0,0,0
sc,2023,34,2023-W34,0,0,0.0,,0,1,58,,,0,,22,0,0,0
sd,2023,34,2023-W34,0,0,0.0,,0,1,58,,,0,,22,0,0,0
tn,2023,34,2023-W34,0,0,0.0,,0,1,58,,,0,,22,0,0,0
tx,2023,34,2023-W34,0,0,0.0,,0,1,58,,,0,,22,0,0,0
ut,2023,34,2023-W34,0,0,0.0,,0,1,58,,,0,,22,0,0,0
va,2023,34,2023-W34,0,0,0.0,,0,1,58,,,0,,22,0,0,0
vt,2023,34,2023-W34,0,0,0.0,,0,1,58,,,0,,22,0,0,0
wa,2023,34,2023-W34,0,0,0.0,,0,1,58,,,0,,22,0,0,0
wi,2023,34,2023-W34,0,0,0.0,,0,1,58,,,0,,22,0,0,0
wv,2023,34,2023-W34,0,0,0.0,,0,1,58,,,0,,22,0,0,0
wy,2023,34,2023-W34,0,0,0.0,,0,1,58,,,0,,22,0,0,0
ak,2023,35,2023-W35,0,0,0.0,,0,0,58,,,0,,24,0,0,0
al,2023,35,2023-W35,0,0,0.0,,0,0,58,,,0,,24,0,0,0
ar,2023,35,2023-W35,0,0,0.0,,0,0,58,,,0,,24,0,0,0
ca,2023,35,2023-W35,0,0,0.0,,0,0,58,,,0,,24,0,0,0
co,2023,35,2023-W35,0,0,0.0,,0,0,58,,,0,,24,0,0,0
ct,2023,35,2023-W35,0,0,0.0,,0,0,58,,,0,,24,0,0,0
dc,2023,35,2023-W35,0,0,0.0,,0,0,58,,,0,,24,0,0,0
de,2023,35,2023-W35,0,0,0.0,,0,0,58,,,0,,24,0,0,0
fl,2023,35,2023-W35,0,0,0.0,,0,0,58,,,0,,24,0,0,0
ga,2023,35,2023-W35,0,0,0.0,,0,0,58,,,0,,24,0,0,0
gu,2023,35,2023-W35,0,0,0.0,,0,0,58,,,0,,24,0,0,0
hi,2023,35,2023-W35,0,0,0.0,,0,0,58,,,0,,24,0,0,0
ia,2023,35,2023-W35,0,0,0.0,,0,0,58,,,0,,24,0,0,0
id,2023,35,2023-W35,0,0,0.0,,0,0,58,,,0,,24,0,0,0
il,2023,35,2023-W35,0,0,0.0,,0,0,58,,,0,,24,0,0,0
in,2023,35,2023-W35,0,0,0.0,,0,0,58,,,0,,24,0,0,0
ks,2023,35,2023-W35,0,0,0.0,,0,0,58,,,0,,24,0,0,0
ky,2023,35,2023-W35,0,0,0.0,,0,0,58,,,0,,24,0,0,0
la,2023,35,2023-W35,0,0,0.0,,0,0,58,,,0,,24,0,0,0
ma,2023,35,2023-W35,0,0,0.0,,0,0,58,,,0,,24,0,0,0
md,2023,35,2023-W35,0,0,0.0,,0,0,58,,,0,,24,0,0,0
me,2023,35,2023-W35,0,0,0.0,,0,0,58,,,0,,24,0,0,0
mi,2023,35,2023-W35,0,0,0.0,,0,0,58,,,0,,24,0,0,0
mn,2023,35,2023-W35,0,0,0.0,,0,0,58,,,0,,24,0,0,0
mo,2023,35,2023-W35,0,0,0.0,,0,0,58,,,0,,24,0,0,0
ms,2023,35,2023-W35,0,0,0.0,,0,0,58,,,0,,24,0,0,0
mt,2023,35,2023-W35,0,0,0.0,,0,0,58,,,0,,24,0,0,0
nc,2023,35,2023-W35,0,0,0.0,,0,0,58,,,0,,24,0,0,0
ne,2023,35,2023-W35,0,0,0.0,,0,0,58,,,0,,24,0,0,0
nh,2023,35,2023-W35,0,0,0.0,,0,0,58,,,0,,24,0,0,0
nj,2023,35,2023-W35,0,0,0.0,,0,0,58,,,0,,24,0,0,0
nm,2023,35,2023-W35,0,0,0.0,,0,0,58,,,0,,24,0,0,0
nv,2023,35,2023-W35,0,0,0.0,,0,0,58,,,0,,24,0,0,0
ny,2023,35,2023-W35,0,0,0.0,,0,0,58,,,0,,24,0,0,0
oh,2023,35,2023-W35,0,0,0.0,,0,0,58,,,0,,24,0,0,0
ok,2023,35,2023-W35,0,0,0.0,,0,0,58,,,0,,24,0,0,0
or,2023,35,2023-W35,0,0,0.0,,0,0,58,,,0,,24,0,0,0
pa,2023,35,2023-W35,0,0,0.0,,0,0,58,,,0,,24,0,0,0
ri,2023,35,2023-W35,0,0,0.0,,0,0,58,,,0,,24,0,0,0
sc,2023,35,2023-W35,0,0,0.0,,0,0,58,,,0,,24,0,0,0
sd,2023,35,2023-W35,0,0,0.0,,0,0,58,,,0,,24,0,0,0
tn,2023,35,2023-W35,0,0,0.0,,0,0,58,,,0,,24,0,0,0
tx,2023,35,2023-W35,0,0,0.0,,0,0,58,,,0,,24,0,0,0
ut,2023,35,2023-W35,0,0,0.0,,0,0,58,,,0,,24,0,0,0
va,2023,35,2023-W35,0,0,0.0,,0,0,58,,,0,,24,0,0,0
vt,2023,35,2023-W35,0,0,0.0,,0,0,58,,,0,,24,0,0,0
wa,2023,35,2023-W35,0,0,0.0,,0,0,58,,,0,,24,0,0,0
wi,2023,35,2023-W35,0,0,0.0,,0,0,58,,,0,,24,0,0,0
wv,2023,35,2023-W35,0,0,0.0,,0,0,58,,,0,,24,0,0,0
wy,2023,35,2023-W35,0,0,0.0,,0,0,58,,,0,,24,0,0,0
ak,2023,36,2023-W36,0,0,0.0,,0,0,58,,,0,,13,0,0,0
al,2023,36,2023-W36,0,0,0.0,,0,0,58,,,0,,13,0,0,0
ar,2023,36,2023-W36,0,0,0.0,,0,0,58,,,0,,13,0,0,0
ca,2023,36,2023-W36,0,0,0.0,,0,0,58,,,0,,13,0,0,0
co,2023,36,2023-W36,0,0,0.0,,0,0,58,,,0,,13,0,0,0
ct,2023,36,2023-W36,0,0,0.0,,0,0,58,,,0,,13,0,0,0
dc,2023,36,2023-W36,0,0,0.0,,0,0,58,,,0,,13,0,0,0
de,2023,36,2023-W36,0,0,0.0,,0,0,58,,,0,,13,0,0,0
fl,2023,36,2023-W36,0,0,0.0,,0,0,58,,,0,,13,0,0,0
ga,2023,36,2023-W36,0,0,0.0,,0,0,58,,,0,,13,0,0,0
gu,2023,36,2023-W36,0,0,0.0,,0,0,58,,,0,,13,0,0,0
hi,2023,36,2023-W36,0,0,0.0,,0,0,58,,,0,,13,0,0,0
ia,2023,36,2023-W36,0,0,0.0,,0,0,58,,,0,,13,0,0,0
id,2023,36,2023-W36,0,0,0.0,,0,0,58,,,0,,13,0,0,0
il,2023,36,2023-W36,0,0,0.0,,0,0,58,,,0,,13,0,0,0
in,2023,36,2023-W36,0,0,0.0,,0,0,58,,,0,,13,0,0,0
ks,2023,36,2023-W36,0,0,0.0,,0,0,58,,,0,,13,0,0,0
ky,2023,36,2023-W36,0,0,0.0,,0,0,58,,,0,,13,0,0,0
la,2023,36,2023-W36,0,0,0.0,,0,0,58,,,0,,13,0,0,0
ma,2023,36,2023-W36,0,0,0.0,,0,0,58,,,0,,13,0,0,0
md,2023,36,2023-W36,0,0,0.0,,0,0,58,,,0,,13,0,0,0
me,2023,36,2023-W36,0,0,0.0,,0,0,58,,,0,,13,0,0,0
mi,2023,36,2023-W36,0,0,0.0,,0,0,58,,,0,,13,0,0,0
mn,2023,36,2023-W36,0,0,0.0,,0,0,58,,,0,,13,0,0,0
mo,2023,36,2023-W36,0,0,0.0,,0,0,58,,,0,,13,0,0,0
ms,2023,36,2023-W36,0,0,0.0,,0,0,58,,,0,,13,0,0,0
mt,2023,36,2023-W36,0,0,0.0,,0,0,58,,,0,,13,0,0,0
nc,2023,36,2023-W36,0,0,0.0,,0,0,58,,,0,,13,0,0,0
ne,2023,36,2023-W36,0,0,0.0,,0,0,58,,,0,,13,0,0,0
nh,2023,36,2023-W36,0,0,0.0,,0,0,58,,,0,,13,0,0,0
nj,2023,36,2023-W36,0,0,0.0,,0,0,58,,,0,,13,0,0,0
nm,2023,36,2023-W36,0,0,0.0,,0,0,58,,,0,,13,0,0,0
nv,2023,36,2023-W36,0,0,0.0,,0,0,58,,,0,,13,0,0,0
ny,2023,36,2023-W36,0,0,0.0,,0,0,58,,,0,,13,0,0,0
oh,2023,36,2023-W36,0,0,0.0,,0,0,58,,,0,,13,0,0,0
ok,2023,36,2023-W36,0,0,0.0,,0,0,58,,,0,,13,0,0,0
or,2023,36,2023-W36,0,0,0.0,,0,0,58,,,0,,13,0,0,0
pa,2023,36,2023-W36,0,0,0.0,,0,0,58,,,0,,13,0,0,0
ri,2023,36,2023-W36,0,0,0.0,,0,0,58,,,0,,13,0,0,0
sc,2023,36,2023-W36,0,0,0.0,,0,0,58,,,0,,13,0,0,0
sd,2023,36,2023-W36,0,0,0.0,,0,0,58,,,0,,13,0,0,0
tn,2023,36,2023-W36,0,0,0.0,,0,0,58,,,0,,13,0,0,0
tx,2023,36,2023-W36,0,0,0.0,,0,0,58,,,0,,13,0,0,0
ut,2023,36,2023-W36,0,0,0.0,,0,0,58,,,0,,13,0,0,0
va,2023,36,2023-W36,0,0,0.0,,0,0,58,,,0,,13,0,0,0
vt,2023,36,2023-W36,0,0,0.0,,0,0,58,,,0,,13,0,0,0
wa,2023,36,2023-W36,0,0,0.0,,0,0,58,,,0,,13,0,0,0
wi,2023,36,2023-W36,0,0,0.0,,0,0,58,,,0,,13,0,0,0
wv,2023,36,2023-W36,0,0,0.0,,0,0,58,,,0,,13,0,0,0
wy,2023,36,2023-W36,0,0,0.0,,0,0,58,,,0,,13,0,0,0
ak,2023,37,2023-W37,0,0,0.0,,0,1,58,,,0,,18,0,0,0
al,2023,37,2023-W37,0,0,0.0,,0,1,58,,,0,,18,0,0,0
ar,2023,37,2023-W37,0,0,0.0,,0,1,58,,,0,,18,0,0,0
ca,2023,37,2023-W37,0,0,0.0,,0,1,58,,,0,,18,0,0,0
co,2023,37,2023-W37,0,0,0.0,,0,1,58,,,0,,18,0,0,0
ct,2023,37,2023-W37,0,0,0.0,,0,1,58,,,0,,18,0,0,0
dc,2023,37,2023-W37,0,0,0.0,,0,1,58,,,0,,18,0,0,0
de,2023,37,2023-W37,0,0,0.0,,0,1,58,,,0,,18,0,0,0
fl,2023,37,2023-W37,0,0,0.0,,0,1,58,,,0,,18,0,0,0
ga,2023,37,2023-W37,0,0,0.0,,0,1,58,,,0,,18,0,0,0
gu,2023,37,2023-W37,0,0,0.0,,0,1,58,,,0,,18,0,0,0
hi,2023,37,2023-W37,0,0,0.0,,0,1,58,,,0,,18,0,0,0
ia,2023,37,2023-W37,0,0,0.0,,0,1,58,,,0,,18,0,0,0
id,2023,37,2023-W37,0,0,0.0,,0,1,58,,,0,,18,0,0,0
il,2023,37,2023-W37,0,0,0.0,,0,1,58,,,0,,18,0,0,0
in,2023,37,2023-W37,0,0,0.0,,0,1,58,,,0,,18,0,0,0
ks,2023,37,2023-W37,0,0,0.0,,0,1,58,,,0,,18,0,0,0
ky,2023,37,2023-W37,0,0,0.0,,0,1,58,,,0,,18,0,0,0
la,2023,37,2023-W37,0,0,0.0,,0,1,58,,,0,,18,0,0,0
ma,2023,37,2023-W37,0,0,0.0,,0,1,58,,,0,,18,0,0,0
md,2023,37,2023-W37,0,0,0.0,,0,1,58,,,0,,18,0,0,0
me,2023,37,2023-W37,0,0,0.0,,0,1,58,,,0,,18,0,0,0
mi,2023,37,2023-W37,0,0,0.0,,0,1,58,,,0,,18,0,0,0
mn,2023,37,2023-W37,0,0,0.0,,0,1,58,,,0,,18,0,0,0
mo,2023,37,2023-W37,0,0,0.0,,0,1,58,,,0,,18,0,0,0
ms,2023,37,2023-W37,0,0,0.0,,0,1,58,,,0,,18,0,0,0
mt,2023,37,2023-W37,0,0,0.0,,0,1,58,,,0,,18,0,0,0
nc,2023,37,2023-W37,0,0,0.0,,0,1,58,,,0,,18,0,0,0
ne,2023,37,2023-W37,0,0,0.0,,0,1,58,,,0,,18,0,0,0
nh,2023,37,2023-W37,0,0,0.0,,0,1,58,,,0,,18,0,0,0
nj,2023,37,2023-W37,0,0,0.0,,0,1,58,,,0,,18,0,0,0
nm,2023,37,2023-W37,0,0,0.0,,0,1,58,,,0,,18,0,0,0
nv,2023,37,2023-W37,0,0,0.0,,0,1,58,,,0,,18,0,0,0
ny,2023,37,2023-W37,0,0,0.0,,0,1,58,,,0,,18,0,0,0
oh,2023,37,2023-W37,0,0,0.0,,0,1,58,,,0,,18,0,0,0
ok,2023,37,2023-W37,0,0,0.0,,0,1,58,,,0,,18,0,0,0
or,2023,37,2023-W37,0,0,0.0,,0,1,58,,,0,,18,0,0,0
pa,2023,37,2023-W37,0,0,0.0,,0,1,58,,,0,,18,0,0,0
ri,2023,37,2023-W37,0,0,0.0,,0,1,58,,,0,,18,0,0,0
sc,2023,37,2023-W37,0,0,0.0,,0,1,58,,,0,,18,0,0,0
sd,2023,37,2023-W37,0,0,0.0,,0,1,58,,,0,,18,0,0,0
tn,2023,37,2023-W37,0,0,0.0,,0,1,58,,,0,,18,0,0,0
tx,2023,37,2023-W37,0,0,0.0,,0,1,58,,,0,,18,0,0,0
ut,2023,37,2023-W37,0,0,0.0,,0,1,58,,,0,,18,0,0,0
va,2023,37,2023-W37,0,0,0.0,,0,1,58,,,0,,18,0,0,0
vt,2023,37,2023-W37,0,0,0.0,,0,1,58,,,0,,18,0,0,0
wa,2023,37,2023-W37,0,0,0.0,,0,1,58,,,0,,18,0,0,0
wi,2023,37,2023-W37,0,0,0.0,,0,1,58,,,0,,18,0,0,0
wv,2023,37,2023-W37,0,0,0.0,,0,1,58,,,0,,18,0,0,0
wy,2023,37,2023-W37,0,0,0.0,,0,1,58,,,0,,18,0,0,0
ak,2023,38,2023-W38,0,0,0.0,,0,3,58,,,0,,17,0,0,0
al,2023,38,2023-W38,0,0,0.0,,0,3,58,,,0,,17,0,0,0
ar,2023,38,2023-W38,0,0,0.0,,0,3,58,,,0,,17,0,0,0
ca,2023,38,2023-W38,0,0,0.0,,0,3,58,,,0,,17,0,0,0
co,2023,38,2023-W38,0,0,0.0,,0,3,58,,,0,,17,0,0,0
ct,2023,38,2023-W38,0,0,0.0,,0,3,58,,,0,,17,0,0,0
dc,2023,38,2023-W38,0,0,0.0,,0,3,58,,,0,,17,0,0,0
de,2023,38,2023-W38,0,0,0.0,,0,3,58,,,0,,17,0,0,0
fl,2023,38,2023-W38,0,0,0.0,,0,3,58,,,0,,17,0,0,0
ga,2023,38,2023-W38,0,0,0.0,,0,3,58,,,0,,17,0,0,0
gu,2023,38,2023-W38,0,0,0.0,,0,3,58,,,0,,17,0,0,0
hi,2023,38,2023-W38,0,0,0.0,,0,3,58,,,0,,17,0,0,0
ia,2023,38,2023-W38,0,0,0.0,,0,3,58,,,0,,17,0,0,0
id,2023,38,2023-W38,0,0,0.0,,0,3,58,,,0,,17,0,0,0
il,2023,38,2023-W38,0,0,0.0,,0,3,58,,,0,,17,0,0,0
in,2023,38,2023-W38,0,0,0.0,,0,3,58,,,0,,17,0,0,0
ks,2023,38,2023-W38,0,0,0.0,,0,3,58,,,0,,17,0,0,0
ky,2023,38,2023-W38,0,0,0.0,,0,3,58,,,0,,17,0,0,0
la,2023,38,2023-W38,0,0,0.0,,0,3,58,,,0,,17,0,0,0
ma,2023,38,2023-W38,0,0,0.0,,0,3,58,,,0,,17,0,0,0
md,2023,38,2023-W38,0,0,0.0,,0,3,58,,,0,,17,0,0,0
me,2023,38,2023-W38,0,0,0.0,,0,3,58,,,0,,17,0,0,0
mi,2023,38,2023-W38,0,0,0.0,,0,3,58,,,0,,17,0,0,0
mn,2023,38,2023-W38,0,0,0.0,,0,3,58,,,0,,17,0,0,0
mo,2023,38,2023-W38,0,0,0.0,,0,3,58,,,0,,17,0,0,0
ms,2023,38,2023-W38,0,0,0.0,,0,3,58,,,0,,17,0,0,0
mt,2023,38,2023-W38,0,0,0.0,,0,3,58,,,0,,17,0,0,0
nc,2023,38,2023-W38,0,0,0.0,,0,3,58,,,0,,17,0,0,0
ne,2023,38,2023-W38,0,0,0.0,,0,3,58,,,0,,17,0,0,0
nh,2023,38,2023-W38,0,0,0.0,,0,3,58,,,0,,17,0,0,0
nj,2023,38,2023-W38,0,0,0.0,,0,3,58,,,0,,17,0,0,0
nm,2023,38,2023-W38,0,0,0.0,,0,3,58,,,0,,17,0,0,0
nv,2023,38,2023-W38,0,0,0.0,,0,3,58,,,0,,17,0,0,0
ny,2023,38,2023-W38,0,0,0.0,,0,3,58,,,0,,17,0,0,0
oh,2023,38,2023-W38,0,0,0.0,,0,3,58,,,0,,17,0,0,0
ok,2023,38,2023-W38,0,0,0.0,,0,3,58,,,0,,17,0,0,0
or,2023,38,2023-W38,0,0,0.0,,0,3,58,,,0,,17,0,0,0
pa,2023,38,2023-W38,0,0,0.0,,0,3,58,,,0,,17,0,0,0
ri,2023,38,2023-W38,0,0,0.0,,0,3,58,,,0,,17,0,0,0
sc,2023,38,2023-W38,0,0,0.0,,0,3,58,,,0,,17,0,0,0
sd,2023,38,2023-W38,0,0,0.0,,0,3,58,,,0,,17,0,0,0
tn,2023,38,2023-W38,0,0,0.0,,0,3,58,,,0,,17,0,0,0
tx,2023,38,2023-W38,0,0,0.0,,0,3,58,,,0,,17,0,0,0
ut,2023,38,2023-W38,0,0,0.0,,0,3,58,,,0,,17,0,0,0
va,2023,38,2023-W38,0,0,0.0,,0,3,58,,,0,,17,0,0,0
vt,2023,38,2023-W38,0,0,0.0,,0,3,58,,,0,,17,0,0,0
wa,2023,38,2023-W38,0,0,0.0,,0,3,58,,,0,,17,0,0,0
wi,2023,38,2023-W38,0,0,0.0,,0,3,58,,,0,,17,0,0,0
wv,2023,38,2023-W38,0,0,0.0,,0,3,58,,,0,,17,0,0,0
wy,2023,38,2023-W38,0,0,0.0,,0,3,58,,,0,,17,0,0,0
ak,2023,39,2023-W39,0,0,0.0,,0,1,58,,,0,,16,0,0,0
al,2023,39,2023-W39,0,0,0.0,,0,1,58,,,0,,16,0,0,0
ar,2023,39,2023-W39,0,0,0.0,,0,1,58,,,0,,16,0,0,0
ca,2023,39,2023-W39,0,0,0.0,,0,1,58,,,0,,16,0,0,0
co,2023,39,2023-W39,0,0,0.0,,0,1,58,,,0,,16,0,0,0
ct,2023,39,2023-W39,0,0,0.0,,0,1,58,,,0,,16,0,0,0
dc,2023,39,2023-W39,0,0,0.0,,0,1,58,,,0,,16,0,0,0
de,2023,39,2023-W39,0,0,0.0,,0,1,58,,,0,,16,0,0,0
fl,2023,39,2023-W39,0,0,0.0,,0,1,58,,,0,,16,0,0,0
ga,2023,39,2023-W39,0,0,0.0,,0,1,58,,,0,,16,0,0,0
gu,2023,39,2023-W39,0,0,0.0,,0,1,58,,,0,,16,0,0,0
hi,2023,39,2023-W39,0,0,0.0,,0,1,58,,,0,,16,0,0,0
ia,2023,39,2023-W39,0,0,0.0,,0,1,58,,,0,,16,0,0,0
id,2023,39,2023-W39,0,0,0.0,,0,1,58,,,0,,16,0,0,0
il,2023,39,2023-W39,0,0,0.0,,0,1,58,,,0,,16,0,0,0
in,2023,39,2023-W39,0,0,0.0,,0,1,58,,,0,,16,0,0,0
ks,2023,39,2023-W39,0,0,0.0,,0,1,58,,,0,,16,0,0,0
ky,2023,39,2023-W39,0,0,0.0,,0,1,58,,,0,,16,0,0,0
la,2023,39,2023-W39,0,0,0.0,,0,1,58,,,0,,16,0,0,0
ma,2023,39,2023-W39,0,0,0.0,,0,1,58,,,0,,16,0,0,0
md,2023,39,2023-W39,0,0,0.0,,0,1,58,,,0,,16,0,0,0
me,2023,39,2023-W39,0,0,0.0,,0,1,58,,,0,,16,0,0,0
mi,2023,39,2023-W39,0,0,0.0,,0,1,58,,,0,,16,0,0,0
mn,2023,39,2023-W39,0,0,0.0,,0,1,58,,,0,,16,0,0,0
mo,2023,39,2023-W39,0,0,0.0,,0,1,58,,,0,,16,0,0,0
ms,2023,39,2023-W39,0,0,0.0,,0,1,58,,,0,,16,0,0,0
mt,2023,39,2023-W39,0,0,0.0,,0,1,58,,,0,,16,0,0,0
nc,2023,39,2023-W39,0,0,0.0,,0,1,58,,,0,,16,0,0,0
ne,2023,39,2023-W39,0,0,0.0,,0,1,58,,,0,,16,0,0,0
nh,2023,39,2023-W39,0,0,0.0,,0,1,58,,,0,,16,0,0,0
nj,2023,39,2023-W39,0,0,0.0,,0,1,58,,,0,,16,0,0,0
nm,2023,39,2023-W39,0,0,0.0,,0,1,58,,,0,,16,0,0,0
nv,2023,39,2023-W39,0,0,0.0,,0,1,58,,,0,,16,0,0,0
ny,2023,39,2023-W39,0,0,0.0,,0,1,58,,,0,,16,0,0,0
oh,2023,39,2023-W39,0,0,0.0,,0,1,58,,,0,,16,0,0,0
ok,2023,39,2023-W39,0,0,0.0,,0,1,58,,,0,,16,0,0,0
or,2023,39,2023-W39,0,0,0.0,,0,1,58,,,0,,16,0,0,0
pa,2023,39,2023-W39,0,0,0.0,,0,1,58,,,0,,16,0,0,0
ri,2023,39,2023-W39,0,0,0.0,,0,1,58,,,0,,16,0,0,0
sc,2023,39,2023-W39,0,0,0.0,,0,1,58,,,0,,16,0,0,0
sd,2023,39,2023-W39,0,0,0.0,,0,1,58,,,0,,16,0,0,0
tn,2023,39,2023-W39,0,0,0.0,,0,1,58,,,0,,16,0,0,0
tx,2023,39,2023-W39,0,0,0.0,,0,1,58,,,0,,16,0,0,0
ut,2023,39,2023-W39,0,0,0.0,,0,1,58,,,0,,16,0,0,0
va,2023,39,2023-W39,0,0,0.0,,0,1,58,,,0,,16,0,0,0
vt,2023,39,2023-W39,0,0,0.0,,0,1,58,,,0,,16,0,0,0
wa,2023,39,2023-W39,0,0,0.0,,0,1,58,,,0,,16,0,0,0
wi,2023,39,2023-W39,0,0,0.0,,0,1,58,,,0,,16,0,0,0
wv,2023,39,2023-W39,0,0,0.0,,0,1,58,,,0,,16,0,0,0
wy,2023,39,2023-W39,0,0,0.0,,0,1,58,,,0,,16,0,0,0
ak,2023,40,2023-W40,0,0,0.0,,0,0,58,,,0,,28,0,0,0
al,2023,40,2023-W40,0,0,0.0,,0,0,58,,,0,,28,0,0,0
ar,2023,40,2023-W40,0,0,0.0,,0,0,58,,,0,,28,0,0,0
ca,2023,40,2023-W40,0,0,0.0,,0,0,58,,,0,,28,0,0,0
co,2023,40,2023-W40,0,0,0.0,,0,0,58,,,0,,28,0,0,0
ct,2023,40,2023-W40,0,0,0.0,,0,0,58,,,0,,28,0,0,0
dc,2023,40,2023-W40,0,0,0.0,,0,0,58,,,0,,28,0,0,0
de,2023,40,2023-W40,0,0,0.0,,0,0,58,,,0,,28,0,0,0
fl,2023,40,2023-W40,0,0,0.0,,0,0,58,,,0,,28,0,0,0
ga,2023,40,2023-W40,0,0,0.0,,0,0,58,,,0,,28,0,0,0
gu,2023,40,2023-W40,0,0,0.0,,0,0,58,,,0,,28,0,0,0
hi,2023,40,2023-W40,0,0,0.0,,0,0,58,,,0,,28,0,0,0
ia,2023,40,2023-W40,0,0,0.0,,0,0,58,,,0,,28,0,0,0
id,2023,40,2023-W40,0,0,0.0,,0,0,58,,,0,,28,0,0,0
il,2023,40,2023-W40,0,0,0.0,,0,0,58,,,0,,28,0,0,0
in,2023,40,2023-W40,0,0,0.0,,0,0,58,,,0,,28,0,0,0
ks,2023,40,2023-W40,0,0,0.0,,0,0,58,,,0,,28,0,0,0
ky,2023,40,2023-W40,0,0,0.0,,0,0,58,,,0,,28,0,0,0
la,2023,40,2023-W40,0,0,0.0,,0,0,58,,,0,,28,0,0,0
ma,2023,40,2023-W40,0,0,0.0,,0,0,58,,,0,,28,0,0,0
md,2023,40,2023-W40,0,0,0.0,,0,0,58,,,0,,28,0,0,0
me,2023,40,2023-W40,0,0,0.0,,0,0,58,,,0,,28,0,0,0
mi,2023,40,2023-W40,0,0,0.0,,0,0,58,,,0,,28,0,0,0
mn,2023,40,2023-W40,0,0,0.0,,0,0,58,,,0,,28,0,0,0
mo,2023,40,2023-W40,0,0,0.0,,0,0,58,,,0,,28,0,0,0
ms,2023,40,2023-W40,0,0,0.0,,0,0,58,,,0,,28,0,0,0
mt,2023,40,2023-W40,0,0,0.0,,0,0,58,,,0,,28,0,0,0
nc,2023,40,2023-W40,0,0,0.0,,0,0,58,,,0,,28,0,0,0
ne,2023,40,2023-W40,0,0,0.0,,0,0,58,,,0,,28,0,0,0
nh,2023,40,2023-W40,0,0,0.0,,0,0,58,,,0,,28,0,0,0
nj,2023,40,2023-W40,0,0,0.0,,0,0,58,,,0,,28,0,0,0
nm,2023,40,2023-W40,0,0,0.0,,0,0,58,,,0,,28,0,0,0
nv,2023,40,2023-W40,0,0,0.0,,0,0,58,,,0,,28,0,0,0
ny,2023,40,2023-W40,0,0,0.0,,0,0,58,,,0,,28,0,0,0
oh,2023,40,2023-W40,0,0,0.0,,0,0,58,,,0,,28,0,0,0
ok,2023,40,2023-W40,0,0,0.0,,0,0,58,,,0,,28,0,0,0
or,2023,40,2023-W40,0,0,0.0,,0,0,58,,,0,,28,0,0,0
pa,2023,40,2023-W40,0,0,0.0,,0,0,58,,,0,,28,0,0,0
ri,2023,40,2023-W40,0,0,0.0,,0,0,58,,,0,,28,0,0,0
sc,2023,40,2023-W40,0,0,0.0,,0,0,58,,,0,,28,0,0,0
sd,2023,40,2023-W40,0,0,0.0,,0,0,58,,,0,,28,0,0,0
tn,2023,40,2023-W40,0,0,0.0,,0,0,58,,,0,,28,0,0,0
tx,2023,40,2023-W40,0,0,0.0,,0,0,58,,,0,,28,0,0,0
ut,2023,40,2023-W40,0,0,0.0,,0,0,58,,,0,,28,0,0,0
va,2023,40,2023-W40,0,0,0.0,,0,0,58,,,0,,28,0,0,0
vt,2023,40,2023-W40,0,0,0.0,,0,0,58,,,0,,28,0,0,0
wa,2023,40,2023-W40,0,0,0.0,,0,0,58,,,0,,28,0,0,0
wi,2023,40,2023-W40,0,0,0.0,,0,0,58,,,0,,28,0,0,0
wv,2023,40,2023-W40,0,0,0.0,,0,0,58,,,0,,28,0,0,0
wy,2023,40,2023-W40,0,0,0.0,,0,0,58,,,0,,28,0,0,0
ak,2023,41,2023-W41,0,0,0.0,,0,1,58,,,0,,22,0,0,0
al,2023,41,2023-W41,0,0,0.0,,0,1,58,,,0,,22,0,0,0
ar,2023,41,2023-W41,0,0,0.0,,0,1,58,,,0,,22,0,0,0
ca,2023,41,2023-W41,0,0,0.0,,0,1,58,,,0,,22,0,0,0
co,2023,41,2023-W41,0,0,0.0,,0,1,58,,,0,,22,0,0,0
ct,2023,41,2023-W41,0,0,0.0,,0,1,58,,,0,,22,0,0,0
dc,2023,41,2023-W41,0,0,0.0,,0,1,58,,,0,,22,0,0,0
de,2023,41,2023-W41,0,0,0.0,,0,1,58,,,0,,22,0,0,0
fl,2023,41,2023-W41,0,0,0.0,,0,1,58,,,0,,22,0,0,0
ga,2023,41,2023-W41,0,0,0.0,,0,1,58,,,0,,22,0,0,0
gu,2023,41,2023-W41,0,0,0.0,,0,1,58,,,0,,22,0,0,0
hi,2023,41,2023-W41,0,0,0.0,,0,1,58,,,0,,22,0,0,0
ia,2023,41,2023-W41,0,0,0.0,,0,1,58,,,0,,22,0,0,0
id,2023,41,2023-W41,0,0,0.0,,0,1,58,,,0,,22,0,0,0
il,2023,41,2023-W41,0,0,0.0,,0,1,58,,,0,,22,0,0,0
in,2023,41,2023-W41,0,0,0.0,,0,1,58,,,0,,22,0,0,0
ks,2023,41,2023-W41,0,0,0.0,,0,1,58,,,0,,22,0,0,0
ky,2023,41,2023-W41,0,0,0.0,,0,1,58,,,0,,22,0,0,0
la,2023,41,2023-W41,0,0,0.0,,0,1,58,,,0,,22,0,0,0
ma,2023,41,2023-W41,0,0,0.0,,0,1,58,,,0,,22,0,0,0
md,2023,41,2023-W41,0,0,0.0,,0,1,58,,,0,,22,0,0,0
me,2023,41,2023-W41,0,0,0.0,,0,1,58,,,0,,22,0,0,0
mi,2023,41,2023-W41,0,0,0.0,,0,1,58,,,0,,22,0,0,0
mn,2023,41,2023-W41,0,0,0.0,,0,1,58,,,0,,22,0,0,0
mo,2023,41,2023-W41,0,0,0.0,,0,1,58,,,0,,22,0,0,0
ms,2023,41,2023-W41,0,0,0.0,,0,1,58,,,0,,22,0,0,0
mt,2023,41,2023-W41,0,0,0.0,,0,1,58,,,0,,22,0,0,0
nc,2023,41,2023-W41,0,0,0.0,,0,1,58,,,0,,22,0,0,0
ne,2023,41,2023-W41,0,0,0.0,,0,1,58,,,0,,22,0,0,0
nh,2023,41,2023-W41,0,0,0.0,,0,1,58,,,0,,22,0,0,0
nj,2023,41,2023-W41,0,0,0.0,,0,1,58,,,0,,22,0,0,0
nm,2023,41,2023-W41,0,0,0.0,,0,1,58,,,0,,22,0,0,0
nv,2023,41,2023-W41,0,0,0.0,,0,1,58,,,0,,22,0,0,0
ny,2023,41,2023-W41,0,0,0.0,,0,1,58,,,0,,22,0,0,0
oh,2023,41,2023-W41,0,0,0.0,,0,1,58,,,0,,22,0,0,0
ok,2023,41,2023-W41,0,0,0.0,,0,1,58,,,0,,22,0,0,0
or,2023,41,2023-W41,0,0,0.0,,0,1,58,,,0,,22,0,0,0
pa,2023,41,2023-W41,0,0,0.0,,0,1,58,,,0,,22,0,0,0
ri,2023,41,2023-W41,0,0,0.0,,0,1,58,,,0,,22,0,0,0
sc,2023,41,2023-W41,0,0,0.0,,0,1,58,,,0,,22,0,0,0
sd,2023,41,2023-W41,0,0,0.0,,0,1,58,,,0,,22,0,0,0
tn,2023,41,2023-W41,0,0,0.0,,0,1,58,,,0,,22,0,0,0
tx,2023,41,2023-W41,0,0,0.0,,0,1,58,,,0,,22,0,0,0
ut,2023,41,2023-W41,0,0,0.0,,0,1,58,,,0,,22,0,0,0
va,2023,41,2023-W41,0,0,0.0,,0,1,58,,,0,,22,0,0,0
vt,2023,41,2023-W41,0,0,0.0,,0,1,58,,,0,,22,0,0,0
wa,2023,41,2023-W41,0,0,0.0,,0,1,58,,,0,,22,0,0,0
wi,2023,41,2023-W41,0,0,0.0,,0,1,58,,,0,,22,0,0,0
wv,2023,41,2023-W41,0,0,0.0,,0,1,58,,,0,,22,0,0,0
wy,2023,41,2023-W41,0,0,0.0,,0,1,58,,,0,,22,0,0,0
ak,2023,42,2023-W42,0,0,0.0,,0,1,58,,,0,,13,0,0,0
al,2023,42,2023-W42,0,0,0.0,,0,1,58,,,0,,13,0,0,0
ar,2023,42,2023-W42,0,0,0.0,,0,1,58,,,0,,13,0,0,0
ca,2023,42,2023-W42,0,0,0.0,,0,1,58,,,0,,13,0,0,0
co,2023,42,2023-W42,0,0,0.0,,0,1,58,,,0,,13,0,0,0
ct,2023,42,2023-W42,0,0,0.0,,0,1,58,,,0,,13,0,0,0
dc,2023,42,2023-W42,0,0,0.0,,0,1,58,,,0,,13,0,0,0
de,2023,42,2023-W42,0,0,0.0,,0,1,58,,,0,,13,0,0,0
fl,2023,42,2023-W42,0,0,0.0,,0,1,58,,,0,,13,0,0,0
ga,2023,42,2023-W42,0,0,0.0,,0,1,58,,,0,,13,0,0,0
gu,2023,42,2023-W42,0,0,0.0,,0,1,58,,,0,,13,0,0,0
hi,2023,42,2023-W42,0,0,0.0,,0,1,58,,,0,,13,0,0,0
ia,2023,42,2023-W42,0,0,0.0,,0,1,58,,,0,,13,0,0,0
id,2023,42,2023-W42,0,0,0.0,,0,1,58,,,0,,13,0,0,0
il,2023,42,2023-W42,0,0,0.0,,0,1,58,,,0,,13,0,0,0
in,2023,42,2023-W42,0,0,0.0,,0,1,58,,,0,,13,0,0,0
ks,2023,42,2023-W42,0,0,0.0,,0,1,58,,,0,,13,0,0,0
ky,2023,42,2023-W42,0,0,0.0,,0,1,58,,,0,,13,0,0,0
la,2023,42,2023-W42,0,0,0.0,,0,1,58,,,0,,13,0,0,0
ma,2023,42,2023-W42,0,0,0.0,,0,1,58,,,0,,13,0,0,0
md,2023,42,2023-W42,0,0,0.0,,0,1,58,,,0,,13,0,0,0
me,2023,42,2023-W42,0,0,0.0,,0,1,58,,,0,,13,0,0,0
mi,2023,42,2023-W42,0,0,0.0,,0,1,58,,,0,,13,0,0,0
mn,2023,42,2023-W42,0,0,0.0,,0,1,58,,,0,,13,0,0,0
mo,2023,42,2023-W42,0,0,0.0,,0,1,58,,,0,,13,0,0,0
ms,2023,42,2023-W42,0,0,0.0,,0,1,58,,,0,,13,0,0,0
mt,2023,42,2023-W42,0,0,0.0,,0,1,58,,,0,,13,0,0,0
nc,2023,42,2023-W42,0,0,0.0,,0,1,58,,,0,,13,0,0,0
ne,2023,42,2023-W42,0,0,0.0,,0,1,58,,,0,,13,0,0,0
nh,2023,42,2023-W42,0,0,0.0,,0,1,58,,,0,,13,0,0,0
nj,2023,42,2023-W42,0,0,0.0,,0,1,58,,,0,,13,0,0,0
nm,2023,42,2023-W42,0,0,0.0,,0,1,58,,,0,,13,0,0,0
nv,2023,42,2023-W42,0,0,0.0,,0,1,58,,,0,,13,0,0,0
ny,2023,42,2023-W42,0,0,0.0,,0,1,58,,,0,,13,0,0,0
oh,2023,42,2023-W42,0,0,0.0,,0,1,58,,,0,,13,0,0,0
ok,2023,42,2023-W42,0,0,0.0,,0,1,58,,,0,,13,0,0,0
or,2023,42,2023-W42,0,0,0.0,,0,1,58,,,0,,13,0,0,0
pa,2023,42,2023-W42,0,0,0.0,,0,1,58,,,0,,13,0,0,0
ri,2023,42,2023-W42,0,0,0.0,,0,1,58,,,0,,13,0,0,0
sc,2023,42,2023-W42,0,0,0.0,,0,1,58,,,0,,13,0,0,0
sd,2023,42,2023-W42,0,0,0.0,,0,1,58,,,0,,13,0,0,0
tn,2023,42,2023-W42,0,0,0.0,,0,1,58,,,0,,13,0,0,0
tx,2023,42,2023-W42,0,0,0.0,,0,1,58,,,0,,13,0,0,0
ut,2023,42,2023-W42,0,0,0.0,,0,1,58,,,0,,13,0,0,0
va,2023,42,2023-W42,0,0,0.0,,0,1,58,,,0,,13,0,0,0
vt,2023,42,2023-W42,0,0,0.0,,0,1,58,,,0,,13,0,0,0
wa,2023,42,2023-W42,0,0,0.0,,0,1,58,,,0,,13,0,0,0
wi,2023,42,2023-W42,0,0,0.0,,0,1,58,,,0,,13,0,0,0
wv,2023,42,2023-W42,0,0,0.0,,0,1,58,,,0,,13,0,0,0
wy,2023,42,2023-W42,0,0,0.0,,0,1,58,,,0,,13,0,0,0
ak,2023,43,2023-W43,0,0,0.0,,0,1,58,,,0,,24,0,0,0
al,2023,43,2023-W43,0,0,0.0,,0,1,58,,,0,,24,0,0,0
ar,2023,43,2023-W43,0,0,0.0,,0,1,58,,,0,,24,0,0,0
ca,2023,43,2023-W43,0,0,0.0,,0,1,58,,,0,,24,0,0,0
co,2023,43,2023-W43,0,0,0.0,,0,1,58,,,0,,24,0,0,0
ct,2023,43,2023-W43,0,0,0.0,,0,1,58,,,0,,24,0,0,0
dc,2023,43,2023-W43,0,0,0.0,,0,1,58,,,0,,24,0,0,0
de,2023,43,2023-W43,0,0,0.0,,0,1,58,,,0,,24,0,0,0
fl,2023,43,2023-W43,0,0,0.0,,0,1,58,,,0,,24,0,0,0
ga,2023,43,2023-W43,0,0,0.0,,0,1,58,,,0,,24,0,0,0
gu,2023,43,2023-W43,0,0,0.0,,0,1,58,,,0,,24,0,0,0
hi,2023,43,2023-W43,0,0,0.0,,0,1,58,,,0,,24,0,0,0
ia,2023,43,2023-W43,0,0,0.0,,0,1,58,,,0,,24,0,0,0
id,2023,43,2023-W43,0,0,0.0,,0,1,58,,,0,,24,0,0,0
il,2023,43,2023-W43,0,0,0.0,,0,1,58,,,0,,24,0,0,0
in,2023,43,2023-W43,0,0,0.0,,0,1,58,,,0,,24,0,0,0
ks,2023,43,2023-W43,0,0,0.0,,0,1,58,,,0,,24,0,0,0
ky,2023,43,2023-W43,0,0,0.0,,0,1,58,,,0,,24,0,0,0
la,2023,43,2023-W43,0,0,0.0,,0,1,58,,,0,,24,0,0,0
ma,2023,43,2023-W43,0,0,0.0,,0,1,58,,,0,,24,0,0,0
md,2023,43,2023-W43,0,0,0.0,,0,1,58,,,0,,24,0,0,0
me,2023,43,2023-W43,0,0,0.0,,0,1,58,,,0,,24,0,0,0
mi,2023,43,2023-W43,0,0,0.0,,0,1,58,,,0,,24,0,0,0
mn,2023,43,2023-W43,0,0,0.0,,0,1,58,,,0,,24,0,0,0
mo,2023,43,2023-W43,0,0,0.0,,0,1,58,,,0,,24,0,0,0
ms,2023,43,2023-W43,0,0,0.0,,0,1,58,,,0,,24,0,0,0
mt,2023,43,2023-W43,0,0,0.0,,0,1,58,,,0,,24,0,0,0
nc,2023,43,2023-W43,0,0,0.0,,0,1,58,,,0,,24,0,0,0
ne,2023,43,2023-W43,0,0,0.0,,0,1,58,,,0,,24,0,0,0
nh,2023,43,2023-W43,0,0,0.0,,0,1,58,,,0,,24,0,0,0
nj,2023,43,2023-W43,0,0,0.0,,0,1,58,,,0,,24,0,0,0
nm,2023,43,2023-W43,0,0,0.0,,0,1,58,,,0,,24,0,0,0
nv,2023,43,2023-W43,0,0,0.0,,0,1,58,,,0,,24,0,0,0
ny,2023,43,2023-W43,0,0,0.0,,0,1,58,,,0,,24,0,0,0
oh,2023,43,2023-W43,0,0,0.0,,0,1,58,,,0,,24,0,0,0
ok,2023,43,2023-W43,0,0,0.0,,0,1,58,,,0,,24,0,0,0
or,2023,43,2023-W43,0,0,0.0,,0,1,58,,,0,,24,0,0,0
pa,2023,43,2023-W43,0,0,0.0,,0,1,58,,,0,,24,0,0,0
ri,2023,43,2023-W43,0,0,0.0,,0,1,58,,,0,,24,0,0,0
sc,2023,43,2023-W43,0,0,0.0,,0,1,58,,,0,,24,0,0,0
sd,2023,43,2023-W43,0,0,0.0,,0,1,58,,,0,,24,0,0,0
tn,2023,43,2023-W43,0,0,0.0,,0,1,58,,,0,,24,0,0,0
tx,2023,43,2023-W43,0,0,0.0,,0,1,58,,,0,,24,0,0,0
ut,2023,43,2023-W43,0,0,0.0,,0,1,58,,,0,,24,0,0,0
va,2023,43,2023-W43,0,0,0.0,,0,1,58,,,0,,24,0,0,0
vt,2023,43,2023-W43,0,0,0.0,,0,1,58,,,0,,24,0,0,0
wa,2023,43,2023-W43,0,0,0.0,,0,1,58,,,0,,24,0,0,0
wi,2023,43,2023-W43,0,0,0.0,,0,1,58,,,0,,24,0,0,0
wv,2023,43,2023-W43,0,0,0.0,,0,1,58,,,0,,24,0,0,0
wy,2023,43,2023-W43,0,0,0.0,,0,1,58,,,0,,24,0,0,0
ak,2023,44,2023-W44,0,0,0.0,,0,2,58,,,0,,30,0,0,0
al,2023,44,2023-W44,0,0,0.0,,0,2,58,,,0,,30,0,0,0
ar,2023,44,2023-W44,0,0,0.0,,0,2,58,,,0,,30,0,0,0
ca,2023,44,2023-W44,0,0,0.0,,0,2,58,,,0,,30,0,0,0
co,2023,44,2023-W44,0,0,0.0,,0,2,58,,,0,,30,0,0,0
ct,2023,44,2023-W44,0,0,0.0,,0,2,58,,,0,,30,0,0,0
dc,2023,44,2023-W44,0,0,0.0,,0,2,58,,,0,,30,0,0,0
de,2023,44,2023-W44,0,0,0.0,,0,2,58,,,0,,30,0,0,0
fl,2023,44,2023-W44,0,0,0.0,,0,2,58,,,0,,30,0,0,0
ga,2023,44,2023-W44,0,0,0.0,,0,2,58,,,0,,30,0,0,0
gu,2023,44,2023-W44,0,0,0.0,,0,2,58,,,0,,30,0,0,0
hi,2023,44,2023-W44,0,0,0.0,,0,2,58,,,0,,30,0,0,0
ia,2023,44,2023-W44,0,0,0.0,,0,2,58,,,0,,30,0,0,0
id,2023,44,2023-W44,0,0,0.0,,0,2,58,,,0,,30,0,0,0
il,2023,44,2023-W44,0,0,0.0,,0,2,58,,,0,,30,0,0,0
in,2023,44,2023-W44,0,0,0.0,,0,2,58,,,0,,30,0,0,0
ks,2023,44,2023-W44,0,0,0.0,,0,2,58,,,0,,30,0,0,0
ky,2023,44,2023-W44,0,0,0.0,,0,2,58,,,0,,30,0,0,0
la,2023,44,2023-W44,0,0,0.0,,0,2,58,,,0,,30,0,0,0
ma,2023,44,2023-W44,0,0,0.0,,0,2,58,,,0,,30,0,0,0
md,2023,44,2023-W44,0,0,0.0,,0,2,58,,,0,,30,0,0,0
me,2023,44,2023-W44,0,0,0.0,,0,2,58,,,0,,30,0,0,0
mi,2023,44,2023-W44,0,0,0.0,,0,2,58,,,0,,30,0,0,0
mn,2023,44,2023-W44,0,0,0.0,,0,2,58,,,0,,30,0,0,0
mo,2023,44,2023-W44,0,0,0.0,,0,2,58,,,0,,30,0,0,0
ms,2023,44,2023-W44,0,0,0.0,,0,2,58,,,0,,30,0,0,0
mt,2023,44,2023-W44,0,0,0.0,,0,2,58,,,0,,30,0,0,0
nc,2023,44,2023-W44,0,0,0.0,,0,2,58,,,0,,30,0,0,0
ne,2023,44,2023-W44,0,0,0.0,,0,2,58,,,0,,30,0,0,0
nh,2023,44,2023-W44,0,0,0.0,,0,2,58,,,0,,30,0,0,0
nj,2023,44,2023-W44,0,0,0.0,,0,2,58,,,0,,30,0,0,0
nm,2023,44,2023-W44,0,0,0.0,,0,2,58,,,0,,30,0,0,0
nv,2023,44,2023-W44,0,0,0.0,,0,2,58,,,0,,30,0,0,0
ny,2023,44,2023-W44,0,0,0.0,,0,2,58,,,0,,30,0,0,0
oh,2023,44,2023-W44,0,0,0.0,,0,2,58,,,0,,30,0,0,0
ok,2023,44,2023-W44,0,0,0.0,,0,2,58,,,0,,30,0,0,0
or,2023,44,2023-W44,0,0,0.0,,0,2,58,,,0,,30,0,0,0
pa,2023,44,2023-W44,0,0,0.0,,0,2,58,,,0,,30,0,0,0
ri,2023,44,2023-W44,0,0,0.0,,0,2,58,,,0,,30,0,0,0
sc,2023,44,2023-W44,0,0,0.0,,0,2,58,,,0,,30,0,0,0
sd,2023,44,2023-W44,0,0,0.0,,0,2,58,,,0,,30,0,0,0
tn,2023,44,2023-W44,0,0,0.0,,0,2,58,,,0,,30,0,0,0
tx,2023,44,2023-W44,0,0,0.0,,0,2,58,,,0,,30,0,0,0
ut,2023,44,2023-W44,0,0,0.0,,0,2,58,,,0,,30,0,0,0
va,2023,44,2023-W44,0,0,0.0,,0,2,58,,,0,,30,0,0,0
vt,2023,44,2023-W44,0,0,0.0,,0,2,58,,,0,,30,0,0,0
wa,2023,44,2023-W44,0,0,0.0,,0,2,58,,,0,,30,0,0,0
wi,2023,44,2023-W44,0,0,0.0,,0,2,58,,,0,,30,0,0,0
wv,2023,44,2023-W44,0,0,0.0,,0,2,58,,,0,,30,0,0,0
wy,2023,44,2023-W44,0,0,0.0,,0,2,58,,,0,,30,0,0,0
ak,2023,45,2023-W45,0,0,0.0,,0,0,58,,,0,,25,0,0,0
al,2023,45,2023-W45,0,0,0.0,,0,0,58,,,0,,25,0,0,0
ar,2023,45,2023-W45,0,0,0.0,,0,0,58,,,0,,25,0,0,0
ca,2023,45,2023-W45,0,0,0.0,,0,0,58,,,0,,25,0,0,0
co,2023,45,2023-W45,0,0,0.0,,0,0,58,,,0,,25,0,0,0
ct,2023,45,2023-W45,0,0,0.0,,0,0,58,,,0,,25,0,0,0
dc,2023,45,2023-W45,0,0,0.0,,0,0,58,,,0,,25,0,0,0
de,2023,45,2023-W45,0,0,0.0,,0,0,58,,,0,,25,0,0,0
fl,2023,45,2023-W45,0,0,0.0,,0,0,58,,,0,,25,0,0,0
ga,2023,45,2023-W45,0,0,0.0,,0,0,58,,,0,,25,0,0,0
gu,2023,45,2023-W45,0,0,0.0,,0,0,58,,,0,,25,0,0,0
hi,2023,45,2023-W45,0,0,0.0,,0,0,58,,,0,,25,0,0,0
ia,2023,45,2023-W45,0,0,0.0,,0,0,58,,,0,,25,0,0,0
id,2023,45,2023-W45,0,0,0.0,,0,0,58,,,0,,25,0,0,0
il,2023,45,2023-W45,0,0,0.0,,0,0,58,,,0,,25,0,0,0
in,2023,45,2023-W45,0,0,0.0,,0,0,58,,,0,,25,0,0,0
ks,2023,45,2023-W45,0,0,0.0,,0,0,58,,,0,,25,0,0,0
ky,2023,45,2023-W45,0,0,0.0,,0,0,58,,,0,,25,0,0,0
la,2023,45,2023-W45,0,0,0.0,,0,0,58,,,0,,25,0,0,0
ma,2023,45,2023-W45,0,0,0.0,,0,0,58,,,0,,25,0,0,0
md,2023,45,2023-W45,0,0,0.0,,0,0,58,,,0,,25,0,0,0
me,2023,45,2023-W45,0,0,0.0,,0,0,58,,,0,,25,0,0,0
mi,2023,45,2023-W45,0,0,0.0,,0,0,58,,,0,,25,0,0,0
mn,2023,45,2023-W45,0,0,0.0,,0,0,58,,,0,,25,0,0,0
mo,2023,45,2023-W45,0,0,0.0,,0,0,58,,,0,,25,0,0,0
ms,2023,45,2023-W45,0,0,0.0,,0,0,58,,,0,,25,0,0,0
mt,2023,45,2023-W45,0,0,0.0,,0,0,58,,,0,,25,0,0,0
nc,2023,45,2023-W45,0,0,0.0,,0,0,58,,,0,,25,0,0,0
ne,2023,45,2023-W45,0,0,0.0,,0,0,58,,,0,,25,0,0,0
nh,2023,45,2023-W45,0,0,0.0,,0,0,58,,,0,,25,0,0,0
nj,2023,45,2023-W45,0,0,0.0,,0,0,58,,,0,,25,0,0,0
nm,2023,45,2023-W45,0,0,0.0,,0,0,58,,,0,,25,0,0,0
nv,2023,45,2023-W45,0,0,0.0,,0,0,58,,,0,,25,0,0,0
ny,2023,45,2023-W45,0,0,0.0,,0,0,58,,,0,,25,0,0,0
oh,2023,45,2023-W45,0,0,0.0,,0,0,58,,,0,,25,0,0,0
ok,2023,45,2023-W45,0,0,0.0,,0,0,58,,,0,,25,0,0,0
or,2023,45,2023-W45,0,0,0.0,,0,0,58,,,0,,25,0,0,0
pa,2023,45,2023-W45,0,0,0.0,,0,0,58,,,0,,25,0,0,0
ri,2023,45,2023-W45,0,0,0.0,,0,0,58,,,0,,25,0,0,0
sc,2023,45,2023-W45,0,0,0.0,,0,0,58,,,0,,25,0,0,0
sd,2023,45,2023-W45,0,0,0.0,,0,0,58,,,0,,25,0,0,0
tn,2023,45,2023-W45,0,0,0.0,,0,0,58,,,0,,25,0,0,0
tx,2023,45,2023-W45,0,0,0.0,,0,0,58,,,0,,25,0,0,0
ut,2023,45,2023-W45,0,0,0.0,,0,0,58,,,0,,25,0,0,0
va,2023,45,2023-W45,0,0,0.0,,0,0,58,,,0,,25,0,0,0
vt,2023,45,2023-W45,0,0,0.0,,0,0,58,,,0,,25,0,0,0
wa,2023,45,2023-W45,0,0,0.0,,0,0,58,,,0,,25,0,0,0
wi,2023,45,2023-W45,0,0,0.0,,0,0,58,,,0,,25,0,0,0
wv,2023,45,2023-W45,0,0,0.0,,0,0,58,,,0,,25,0,0,0
wy,2023,45,2023-W45,0,0,0.0,,0,0,58,,,0,,25,0,0,0
ak,2023,46,2023-W46,0,0,0.0,,0,1,58,,,0,,12,0,0,0
al,2023,46,2023-W46,0,0,0.0,,0,1,58,,,0,,12,0,0,0
ar,2023,46,2023-W46,0,0,0.0,,0,1,58,,,0,,12,0,0,0
ca,2023,46,2023-W46,0,0,0.0,,0,1,58,,,0,,12,0,0,0
co,2023,46,2023-W46,0,0,0.0,,0,1,58,,,0,,12,0,0,0
ct,2023,46,2023-W46,0,0,0.0,,0,1,58,,,0,,12,0,0,0
dc,2023,46,2023-W46,0,0,0.0,,0,1,58,,,0,,12,0,0,0
de,2023,46,2023-W46,0,0,0.0,,0,1,58,,,0,,12,0,0,0
fl,2023,46,2023-W46,0,0,0.0,,0,1,58,,,0,,12,0,0,0
ga,2023,46,2023-W46,0,0,0.0,,0,1,58,,,0,,12,0,0,0
gu,2023,46,2023-W46,0,0,0.0,,0,1,58,,,0,,12,0,0,0
hi,2023,46,2023-W46,0,0,0.0,,0,1,58,,,0,,12,0,0,0
ia,2023,46,2023-W46,0,0,0.0,,0,1,58,,,0,,12,0,0,0
id,2023,46,2023-W46,0,0,0.0,,0,1,58,,,0,,12,0,0,0
il,2023,46,2023-W46,0,0,0.0,,0,1,58,,,0,,12,0,0,0
in,2023,46,2023-W46,0,0,0.0,,0,1,58,,,0,,12,0,0,0
ks,2023,46,2023-W46,0,0,0.0,,0,1,58,,,0,,12,0,0,0
ky,2023,46,2023-W46,0,0,0.0,,0,1,58,,,0,,12,0,0,0
la,2023,46,2023-W46,0,0,0.0,,0,1,58,,,0,,12,0,0,0
ma,2023,46,2023-W46,0,0,0.0,,0,1,58,,,0,,12,0,0,0
md,2023,46,2023-W46,0,0,0.0,,0,1,58,,,0,,12,0,0,0
me,2023,46,2023-W46,0,0,0.0,,0,1,58,,,0,,12,0,0,0
mi,2023,46,2023-W46,0,0,0.0,,0,1,58,,,0,,12,0,0,0
mn,2023,46,2023-W46,0,0,0.0,,0,1,58,,,0,,12,0,0,0
mo,2023,46,2023-W46,0,0,0.0,,0,1,58,,,0,,12,0,0,0
ms,2023,46,2023-W46,0,0,0.0,,0,1,58,,,0,,12,0,0,0
mt,2023,46,2023-W46,0,0,0.0,,0,1,58,,,0,,12,0,0,0
nc,2023,46,2023-W46,0,0,0.0,,0,1,58,,,0,,12,0,0,0
ne,2023,46,2023-W46,0,0,0.0,,0,1,58,,,0,,12,0,0,0
nh,2023,46,2023-W46,0,0,0.0,,0,1,58,,,0,,12,0,0,0
nj,2023,46,2023-W46,0,0,0.0,,0,1,58,,,0,,12,0,0,0
nm,2023,46,2023-W46,0,0,0.0,,0,1,58,,,0,,12,0,0,0
nv,2023,46,2023-W46,0,0,0.0,,0,1,58,,,0,,12,0,0,0
ny,2023,46,2023-W46,0,0,0.0,,0,1,58,,,0,,12,0,0,0
oh,2023,46,2023-W46,0,0,0.0,,0,1,58,,,0,,12,0,0,0
ok,2023,46,2023-W46,0,0,0.0,,0,1,58,,,0,,12,0,0,0
or,2023,46,2023-W46,0,0,0.0,,0,1,58,,,0,,12,0,0,0
pa,2023,46,2023-W46,0,0,0.0,,0,1,58,,,0,,12,0,0,0
ri,2023,46,2023-W46,0,0,0.0,,0,1,58,,,0,,12,0,0,0
sc,2023,46,2023-W46,0,0,0.0,,0,1,58,,,0,,12,0,0,0
sd,2023,46,2023-W46,0,0,0.0,,0,1,58,,,0,,12,0,0,0
tn,2023,46,2023-W46,0,0,0.0,,0,1,58,,,0,,12,0,0,0
tx,2023,46,2023-W46,0,0,0.0,,0,1,58,,,0,,12,0,0,0
ut,2023,46,2023-W46,0,0,0.0,,0,1,58,,,0,,12,0,0,0
va,2023,46,2023-W46,0,0,0.0,,0,1,58,,,0,,12,0,0,0
vt,2023,46,2023-W46,0,0,0.0,,0,1,58,,,0,,12,0,0,0
wa,2023,46,2023-W46,0,0,0.0,,0,1,58,,,0,,12,0,0,0
wi,2023,46,2023-W46,0,0,0.0,,0,1,58,,,0,,12,0,0,0
wv,2023,46,2023-W46,0,0,0.0,,0,1,58,,,0,,12,0,0,0
wy,2023,46,2023-W46,0,0,0.0,,0,1,58,,,0,,12,0,0,0
ak,2023,47,2023-W47,0,0,0.0,,0,1,58,,,0,,17,0,0,0
al,2023,47,2023-W47,0,0,0.0,,0,1,58,,,0,,17,0,0,0
ar,2023,47,2023-W47,0,0,0.0,,0,1,58,,,0,,17,0,0,0
ca,2023,47,2023-W47,0,0,0.0,,0,1,58,,,0,,17,0,0,0
co,2023,47,2023-W47,0,0,0.0,,0,1,58,,,0,,17,0,0,0
ct,2023,47,2023-W47,0,0,0.0,,0,1,58,,,0,,17,0,0,0
dc,2023,47,2023-W47,0,0,0.0,,0,1,58,,,0,,17,0,0,0
de,2023,47,2023-W47,0,0,0.0,,0,1,58,,,0,,17,0,0,0
fl,2023,47,2023-W47,0,0,0.0,,0,1,58,,,0,,17,0,0,0
ga,2023,47,2023-W47,0,0,0.0,,0,1,58,,,0,,17,0,0,0
gu,2023,47,2023-W47,0,0,0.0,,0,1,58,,,0,,17,0,0,0
hi,2023,47,2023-W47,0,0,0.0,,0,1,58,,,0,,17,0,0,0
ia,2023,47,2023-W47,0,0,0.0,,0,1,58,,,0,,17,0,0,0
id,2023,47,2023-W47,0,0,0.0,,0,1,58,,,0,,17,0,0,0
il,2023,47,2023-W47,0,0,0.0,,0,1,58,,,0,,17,0,0,0
in,2023,47,2023-W47,0,0,0.0,,0,1,58,,,0,,17,0,0,0
ks,2023,47,2023-W47,0,0,0.0,,0,1,58,,,0,,17,0,0,0
ky,2023,47,2023-W47,0,0,0.0,,0,1,58,,,0,,17,0,0,0
la,2023,47,2023-W47,0,0,0.0,,0,1,58,,,0,,17,0,0,0
ma,2023,47,2023-W47,0,0,0.0,,0,1,58,,,0,,17,0,0,0
md,2023,47,2023-W47,0,0,0.0,,0,1,58,,,0,,17,0,0,0
me,2023,47,2023-W47,0,0,0.0,,0,1,58,,,0,,17,0,0,0
mi,2023,47,2023-W47,0,0,0.0,,0,1,58,,,0,,17,0,0,0
mn,2023,47,2023-W47,0,0,0.0,,0,1,58,,,0,,17,0,0,0
mo,2023,47,2023-W47,0,0,0.0,,0,1,58,,,0,,17,0,0,0
ms,2023,47,2023-W47,0,0,0.0,,0,1,58,,,0,,17,0,0,0
mt,2023,47,2023-W47,0,0,0.0,,0,1,58,,,0,,17,0,0,0
nc,2023,47,2023-W47,0,0,0.0,,0,1,58,,,0,,17,0,0,0
ne,2023,47,2023-W47,0,0,0.0,,0,1,58,,,0,,17,0,0,0
nh,2023,47,2023-W47,0,0,0.0,,0,1,58,,,0,,17,0,0,0
nj,2023,47,2023-W47,0,0,0.0,,0,1,58,,,0,,17,0,0,0
nm,2023,47,2023-W47,0,0,0.0,,0,1,58,,,0,,17,0,0,0
nv,2023,47,2023-W47,0,0,0.0,,0,1,58,,,0,,17,0,0,0
ny,2023,47,2023-W47,0,0,0.0,,0,1,58,,,0,,17,0,0,0
oh,2023,47,2023-W47,0,0,0.0,,0,1,58,,,0,,17,0,0,0
ok,2023,47,2023-W47,0,0,0.0,,0,1,58,,,0,,17,0,0,0
or,2023,47,2023-W47,0,0,0.0,,0,1,58,,,0,,17,0,0,0
pa,2023,47,2023-W47,0,0,0.0,,0,1,58,,,0,,17,0,0,0
ri,2023,47,2023-W47,0,0,0.0,,0,1,58,,,0,,17,0,0,0
sc,2023,47,2023-W47,0,0,0.0,,0,1,58,,,0,,17,0,0,0
sd,2023,47,2023-W47,0,0,0.0,,0,1,58,,,0,,17,0,0,0
tn,2023,47,2023-W47,0,0,0.0,,0,1,58,,,0,,17,0,0,0
tx,2023,47,2023-W47,0,0,0.0,,0,1,58,,,0,,17,0,0,0
ut,2023,47,2023-W47,0,0,0.0,,0,1,58,,,0,,17,0,0,0
va,2023,47,2023-W47,0,0,0.0,,0,1,58,,,0,,17,0,0,0
vt,2023,47,2023-W47,0,0,0.0,,0,1,58,,,0,,17,0,0,0
wa,2023,47,2023-W47,0,0,0.0,,0,1,58,,,0,,17,0,0,0
wi,2023,47,2023-W47,0,0,0.0,,0,1,58,,,0,,17,0,0,0
wv,2023,47,2023-W47,0,0,0.0,,0,1,58,,,0,,17,0,0,0
wy,2023,47,2023-W47,0,0,0.0,,0,1,58,,,0,,17,0,0,0
ak,2023,48,2023-W48,0,0,0.0,,0,1,58,,,0,,26,0,0,0
al,2023,48,2023-W48,0,0,0.0,,0,1,58,,,0,,26,0,0,0
ar,2023,48,2023-W48,0,0,0.0,,0,1,58,,,0,,26,0,0,0
ca,2023,48,2023-W48,0,0,0.0,,0,1,58,,,0,,26,0,0,0
co,2023,48,2023-W48,0,0,0.0,,0,1,58,,,0,,26,0,0,0
ct,2023,48,2023-W48,0,0,0.0,,0,1,58,,,0,,26,0,0,0
dc,2023,48,2023-W48,0,0,0.0,,0,1,58,,,0,,26,0,0,0
de,2023,48,2023-W48,0,0,0.0,,0,1,58,,,0,,26,0,0,0
fl,2023,48,2023-W48,0,0,0.0,,0,1,58,,,0,,26,0,0,0
ga,2023,48,2023-W48,0,0,0.0,,0,1,58,,,0,,26,0,0,0
gu,2023,48,2023-W48,0,0,0.0,,0,1,58,,,0,,26,0,0,0
hi,2023,48,2023-W48,0,0,0.0,,0,1,58,,,0,,26,0,0,0
ia,2023,48,2023-W48,0,0,0.0,,0,1,58,,,0,,26,0,0,0
id,2023,48,2023-W48,0,0,0.0,,0,1,58,,,0,,26,0,0,0
il,2023,48,2023-W48,0,0,0.0,,0,1,58,,,0,,26,0,0,0
in,2023,48,2023-W48,0,0,0.0,,0,1,58,,,0,,26,0,0,0
ks,2023,48,2023-W48,0,0,0.0,,0,1,58,,,0,,26,0,0,0
ky,2023,48,2023-W48,0,0,0.0,,0,1,58,,,0,,26,0,0,0
la,2023,48,2023-W48,0,0,0.0,,0,1,58,,,0,,26,0,0,0
ma,2023,48,2023-W48,0,0,0.0,,0,1,58,,,0,,26,0,0,0
md,2023,48,2023-W48,0,0,0.0,,0,1,58,,,0,,26,0,0,0
me,2023,48,2023-W48,0,0,0.0,,0,1,58,,,0,,26,0,0,0
mi,2023,48,2023-W48,0,0,0.0,,0,1,58,,,0,,26,0,0,0
mn,2023,48,2023-W48,0,0,0.0,,0,1,58,,,0,,26,0,0,0
mo,2023,48,2023-W48,0,0,0.0,,0,1,58,,,0,,26,0,0,0
ms,2023,48,2023-W48,0,0,0.0,,0,1,58,,,0,,26,0,0,0
mt,2023,48,2023-W48,0,0,0.0,,0,1,58,,,0,,26,0,0,0
nc,2023,48,2023-W48,0,0,0.0,,0,1,58,,,0,,26,0,0,0
ne,2023,48,2023-W48,0,0,0.0,,0,1,58,,,0,,26,0,0,0
nh,2023,48,2023-W48,0,0,0.0,,0,1,58,,,0,,26,0,0,0
nj,2023,48,2023-W48,0,0,0.0,,0,1,58,,,0,,26,0,0,0
nm,2023,48,2023-W48,0,0,0.0,,0,1,58,,,0,,26,0,0,0
nv,2023,48,2023-W48,0,0,0.0,,0,1,58,,,0,,26,0,0,0
ny,2023,48,2023-W48,0,0,0.0,,0,1,58,,,0,,26,0,0,0
oh,2023,48,2023-W48,0,0,0.0,,0,1,58,,,0,,26,0,0,0
ok,2023,48,2023-W48,0,0,0.0,,0,1,58,,,0,,26,0,0,0
or,2023,48,2023-W48,0,0,0.0,,0,1,58,,,0,,26,0,0,0
pa,2023,48,2023-W48,0,0,0.0,,0,1,58,,,0,,26,0,0,0
ri,2023,48,2023-W48,0,0,0.0,,0,1,58,,,0,,26,0,0,0
sc,2023,48,2023-W48,0,0,0.0,,0,1,58,,,0,,26,0,0,0
sd,2023,48,2023-W48,0,0,0.0,,0,1,58,,,0,,26,0,0,0
tn,2023,48,2023-W48,0,0,0.0,,0,1,58,,,0,,26,0,0,0
tx,2023,48,2023-W48,0,0,0.0,,0,1,58,,,0,,26,0,0,0
ut,2023,48,2023-W48,0,0,0.0,,0,1,58,,,0,,26,0,0,0
va,2023,48,2023-W48,0,0,0.0,,0,1,58,,,0,,26,0,0,0
vt,2023,48,2023-W48,0,0,0.0,,0,1,58,,,0,,26,0,0,0
wa,2023,48,2023-W48,0,0,0.0,,0,1,58,,,0,,26,0,0,0
wi,2023,48,2023-W48,0,0,0.0,,0,1,58,,,0,,26,0,0,0
wv,2023,48,2023-W48,0,0,0.0,,0,1,58,,,0,,26,0,0,0
wy,2023,48,2023-W48,0,0,0.0,,0,1,58,,,0,,26,0,0,0
ak,2023,49,2023-W49,0,0,0.0,,0,0,58,,,0,,16,0,0,0
al,2023,49,2023-W49,0,0,0.0,,0,0,58,,,0,,16,0,0,0
ar,2023,49,2023-W49,0,0,0.0,,0,0,58,,,0,,16,0,0,0
ca,2023,49,2023-W49,0,0,0.0,,0,0,58,,,0,,16,0,0,0
co,2023,49,2023-W49,0,0,0.0,,0,0,58,,,0,,16,0,0,0
ct,2023,49,2023-W49,0,0,0.0,,0,0,58,,,0,,16,0,0,0
dc,2023,49,2023-W49,0,0,0.0,,0,0,58,,,0,,16,0,0,0
de,2023,49,2023-W49,0,0,0.0,,0,0,58,,,0,,16,0,0,0
fl,2023,49,2023-W49,0,0,0.0,,0,0,58,,,0,,16,0,0,0
ga,2023,49,2023-W49,0,0,0.0,,0,0,58,,,0,,16,0,0,0
gu,2023,49,2023-W49,0,0,0.0,,0,0,58,,,0,,16,0,0,0
hi,2023,49,2023-W49,0,0,0.0,,0,0,58,,,0,,16,0,0,0
ia,2023,49,2023-W49,0,0,0.0,,0,0,58,,,0,,16,0,0,0
id,2023,49,2023-W49,0,0,0.0,,0,0,58,,,0,,16,0,0,0
il,2023,49,2023-W49,0,0,0.0,,0,0,58,,,0,,16,0,0,0
in,2023,49,2023-W49,0,0,0.0,,0,0,58,,,0,,16,0,0,0
ks,2023,49,2023-W49,0,0,0.0,,0,0,58,,,0,,16,0,0,0
ky,2023,49,2023-W49,0,0,0.0,,0,0,58,,,0,,16,0,0,0
la,2023,49,2023-W49,0,0,0.0,,0,0,58,,,0,,16,0,0,0
ma,2023,49,2023-W49,0,0,0.0,,0,0,58,,,0,,16,0,0,0
md,2023,49,2023-W49,0,0,0.0,,0,0,58,,,0,,16,0,0,0
me,2023,49,2023-W49,0,0,0.0,,0,0,58,,,0,,16,0,0,0
mi,2023,49,2023-W49,0,0,0.0,,0,0,58,,,0,,16,0,0,0
mn,2023,49,2023-W49,0,0,0.0,,0,0,58,,,0,,16,0,0,0
mo,2023,49,2023-W49,0,0,0.0,,0,0,58,,,0,,16,0,0,0
ms,2023,49,2023-W49,0,0,0.0,,0,0,58,,,0,,16,0,0,0
mt,2023,49,2023-W49,0,0,0.0,,0,0,58,,,0,,16,0,0,0
nc,2023,49,2023-W49,0,0,0.0,,0,0,58,,,0,,16,0,0,0
ne,2023,49,2023-W49,0,0,0.0,,0,0,58,,,0,,16,0,0,0
nh,2023,49,2023-W49,0,0,0.0,,0,0,58,,,0,,16,0,0,0
nj,2023,49,2023-W49,0,0,0.0,,0,0,58,,,0,,16,0,0,0
nm,2023,49,2023-W49,0,0,0.0,,0,0,58,,,0,,16,0,0,0
nv,2023,49,2023-W49,0,0,0.0,,0,0,58,,,0,,16,0,0,0
ny,2023,49,2023-W49,0,0,0.0,,0,0,58,,,0,,16,0,0,0
oh,2023,49,2023-W49,0,0,0.0,,0,0,58,,,0,,16,0,0,0
ok,2023,49,2023-W49,0,0,0.0,,0,0,58,,,0,,16,0,0,0
or,2023,49,2023-W49,0,0,0.0,,0,0,58,,,0,,16,0,0,0
pa,2023,49,2023-W49,0,0,0.0,,0,0,58,,,0,,16,0,0,0
ri,2023,49,2023-W49,0,0,0.0,,0,0,58,,,0,,16,0,0,0
sc,2023,49,2023-W49,0,0,0.0,,0,0,58,,,0,,16,0,0,0
sd,2023,49,2023-W49,0,0,0.0,,0,0,58,,,0,,16,0,0,0
tn,2023,49,2023-W49,0,0,0.0,,0,0,58,,,0,,16,0,0,0
tx,2023,49,2023-W49,0,0,0.0,,0,0,58,,,0,,16,0,0,0
ut,2023,49,2023-W49,0,0,0.0,,0,0,58,,,0,,16,0,0,0
va,2023,49,2023-W49,0,0,0.0,,0,0,58,,,0,,16,0,0,0
vt,2023,49,2023-W49,0,0,0.0,,0,0,58,,,0,,16,0,0,0
wa,2023,49,2023-W49,0,0,0.0,,0,0,58,,,0,,16,0,0,0
wi,2023,49,2023-W49,0,0,0.0,,0,0,58,,,0,,16,0,0,0
wv,2023,49,2023-W49,0,0,0.0,,0,0,58,,,0,,16,0,0,0
wy,2023,49,2023-W49,0,0,0.0,,0,0,58,,,0,,16,0,0,0
ak,2023,50,2023-W50,0,0,0.0,,0,1,58,,,0,,22,0,0,0
al,2023,50,2023-W50,0,0,0.0,,0,1,58,,,0,,22,0,0,0
ar,2023,50,2023-W50,0,0,0.0,,0,1,58,,,0,,22,0,0,0
ca,2023,50,2023-W50,0,0,0.0,,0,1,58,,,0,,22,0,0,0
co,2023,50,2023-W50,0,0,0.0,,0,1,58,,,0,,22,0,0,0
ct,2023,50,2023-W50,0,0,0.0,,0,1,58,,,0,,22,0,0,0
dc,2023,50,2023-W50,0,0,0.0,,0,1,58,,,0,,22,0,0,0
de,2023,50,2023-W50,0,0,0.0,,0,1,58,,,0,,22,0,0,0
fl,2023,50,2023-W50,0,0,0.0,,0,1,58,,,0,,22,0,0,0
ga,2023,50,2023-W50,0,0,0.0,,0,1,58,,,0,,22,0,0,0
gu,2023,50,2023-W50,0,0,0.0,,0,1,58,,,0,,22,0,0,0
hi,2023,50,2023-W50,0,0,0.0,,0,1,58,,,0,,22,0,0,0
ia,2023,50,2023-W50,0,0,0.0,,0,1,58,,,0,,22,0,0,0
id,2023,50,2023-W50,0,0,0.0,,0,1,58,,,0,,22,0,0,0
il,2023,50,2023-W50,0,0,0.0,,0,1,58,,,0,,22,0,0,0
in,2023,50,2023-W50,0,0,0.0,,0,1,58,,,0,,22,0,0,0
ks,2023,50,2023-W50,0,0,0.0,,0,1,58,,,0,,22,0,0,0
ky,2023,50,2023-W50,0,0,0.0,,0,1,58,,,0,,22,0,0,0
la,2023,50,2023-W50,0,0,0.0,,0,1,58,,,0,,22,0,0,0
ma,2023,50,2023-W50,0,0,0.0,,0,1,58,,,0,,22,0,0,0
md,2023,50,2023-W50,0,0,0.0,,0,1,58,,,0,,22,0,0,0
me,2023,50,2023-W50,0,0,0.0,,0,1,58,,,0,,22,0,0,0
mi,2023,50,2023-W50,0,0,0.0,,0,1,58,,,0,,22,0,0,0
mn,2023,50,2023-W50,0,0,0.0,,0,1,58,,,0,,22,0,0,0
mo,2023,50,2023-W50,0,0,0.0,,0,1,58,,,0,,22,0,0,0
ms,2023,50,2023-W50,0,0,0.0,,0,1,58,,,0,,22,0,0,0
mt,2023,50,2023-W50,0,0,0.0,,0,1,58,,,0,,22,0,0,0
nc,2023,50,2023-W50,0,0,0.0,,0,1,58,,,0,,22,0,0,0
ne,2023,50,2023-W50,0,0,0.0,,0,1,58,,,0,,22,0,0,0
nh,2023,50,2023-W50,0,0,0.0,,0,1,58,,,0,,22,0,0,0
nj,2023,50,2023-W50,0,0,0.0,,0,1,58,,,0,,22,0,0,0
nm,2023,50,2023-W50,0,0,0.0,,0,1,58,,,0,,22,0,0,0
nv,2023,50,2023-W50,0,0,0.0,,0,1,58,,,0,,22,0,0,0
ny,2023,50,2023-W50,0,0,0.0,,0,1,58,,,0,,22,0,0,0
oh,2023,50,2023-W50,0,0,0.0,,0,1,58,,,0,,22,0,0,0
ok,2023,50,2023-W50,0,0,0.0,,0,1,58,,,0,,22,0,0,0
or,2023,50,2023-W50,0,0,0.0,,0,1,58,,,0,,22,0,0,0
pa,2023,50,2023-W50,0,0,0.0,,0,1,58,,,0,,22,0,0,0
ri,2023,50,2023-W50,0,0,0.0,,0,1,58,,,0,,22,0,0,0
sc,2023,50,2023-W50,0,0,0.0,,0,1,58,,,0,,22,0,0,0
sd,2023,50,2023-W50,0,0,0.0,,0,1,58,,,0,,22,0,0,0
tn,2023,50,2023-W50,0,0,0.0,,0,1,58,,,0,,22,0,0,0
tx,2023,50,2023-W50,0,0,0.0,,0,1,58,,,0,,22,0,0,0
ut,2023,50,2023-W50,0,0,0.0,,0,1,58,,,0,,22,0,0,0
va,2023,50,2023-W50,0,0,0.0,,0,1,58,,,0,,22,0,0,0
vt,2023,50,2023-W50,0,0,0.0,,0,1,58,,,0,,22,0,0,0
wa,2023,50,2023-W50,0,0,0.0,,0,1,58,,,0,,22,0,0,0
wi,2023,50,2023-W50,0,0,0.0,,0,1,58,,,0,,22,0,0,0
wv,2023,50,2023-W50,0,0,0.0,,0,1,58,,,0,,22,0,0,0
wy,2023,50,2023-W50,0,0,0.0,,0,1,58,,,0,,22,0,0,0
ak,2023,51,2023-W51,0,0,0.0,,0,0,58,,,0,,23,0,0,0
al,2023,51,2023-W51,0,0,0.0,,0,0,58,,,0,,23,0,0,0
ar,2023,51,2023-W51,0,0,0.0,,0,0,58,,,0,,23,0,0,0
ca,2023,51,2023-W51,0,0,0.0,,0,0,58,,,0,,23,0,0,0
co,2023,51,2023-W51,0,0,0.0,,0,0,58,,,0,,23,0,0,0
ct,2023,51,2023-W51,0,0,0.0,,0,0,58,,,0,,23,0,0,0
dc,2023,51,2023-W51,0,0,0.0,,0,0,58,,,0,,23,0,0,0
de,2023,51,2023-W51,0,0,0.0,,0,0,58,,,0,,23,0,0,0
fl,2023,51,2023-W51,0,0,0.0,,0,0,58,,,0,,23,0,0,0
ga,2023,51,2023-W51,0,0,0.0,,0,0,58,,,0,,23,0,0,0
gu,2023,51,2023-W51,0,0,0.0,,0,0,58,,,0,,23,0,0,0
hi,2023,51,2023-W51,0,0,0.0,,0,0,58,,,0,,23,0,0,0
ia,2023,51,2023-W51,0,0,0.0,,0,0,58,,,0,,23,0,0,0
id,2023,51,2023-W51,0,0,0.0,,0,0,58,,,0,,23,0,0,0
il,2023,51,2023-W51,0,0,0.0,,0,0,58,,,0,,23,0,0,0
in,2023,51,2023-W51,0,0,0.0,,0,0,58,,,0,,23,0,0,0
ks,2023,51,2023-W51,0,0,0.0,,0,0,58,,,0,,23,0,0,0
ky,2023,51,2023-W51,0,0,0.0,,0,0,58,,,0,,23,0,0,0
la,2023,51,2023-W51,0,0,0.0,,0,0,58,,,0,,23,0,0,0
ma,2023,51,2023-W51,0,0,0.0,,0,0,58,,,0,,23,0,0,0
md,2023,51,2023-W51,0,0,0.0,,0,0,58,,,0,,23,0,0,0
me,2023,51,2023-W51,0,0,0.0,,0,0,58,,,0,,23,0,0,0
mi,2023,51,2023-W51,0,0,0.0,,0,0,58,,,0,,23,0,0,0
mn,2023,51,2023-W51,0,0,0.0,,0,0,58,,,0,,23,0,0,0
mo,2023,51,2023-W51,0,0,0.0,,0,0,58,,,0,,23,0,0,0
ms,2023,51,2023-W51,0,0,0.0,,0,0,58,,,0,,23,0,0,0
mt,2023,51,2023-W51,0,0,0.0,,0,0,58,,,0,,23,0,0,0
nc,2023,51,2023-W51,0,0,0.0,,0,0,58,,,0,,23,0,0,0
ne,2023,51,2023-W51,0,0,0.0,,0,0,58,,,0,,23,0,0,0
nh,2023,51,2023-W51,0,0,0.0,,0,0,58,,,0,,23,0,0,0
nj,2023,51,2023-W51,0,0,0.0,,0,0,58,,,0,,23,0,0,0
nm,2023,51,2023-W51,0,0,0.0,,0,0,58,,,0,,23,0,0,0
nv,2023,51,2023-W51,0,0,0.0,,0,0,58,,,0,,23,0,0,0
ny,2023,51,2023-W51,0,0,0.0,,0,0,58,,,0,,23,0,0,0
oh,2023,51,2023-W51,0,0,0.0,,0,0,58,,,0,,23,0,0,0
ok,2023,51,2023-W51,0,0,0.0,,0,0,58,,,0,,23,0,0,0
or,2023,51,2023-W51,0,0,0.0,,0,0,58,,,0,,23,0,0,0
pa,2023,51,2023-W51,0,0,0.0,,0,0,58,,,0,,23,0,0,0
ri,2023,51,2023-W51,0,0,0.0,,0,0,58,,,0,,23,0,0,0
sc,2023,51,2023-W51,0,0,0.0,,0,0,58,,,0,,23,0,0,0
sd,2023,51,2023-W51,0,0,0.0,,0,0,58,,,0,,23,0,0,0
tn,2023,51,2023-W51,0,0,0.0,,0,0,58,,,0,,23,0,0,0
tx,2023,51,2023-W51,0,0,0.0,,0,0,58,,,0,,23,0,0,0
ut,2023,51,2023-W51,0,0,0.0,,0,0,58,,,0,,23,0,0,0
va,2023,51,2023-W51,0,0,0.0,,0,0,58,,,0,,23,0,0,0
vt,2023,51,2023-W51,0,0,0.0,,0,0,58,,,0,,23,0,0,0
wa,2023,51,2023-W51,0,0,0.0,,0,0,58,,,0,,23,0,0,0
wi,2023,51,2023-W51,0,0,0.0,,0,0,58,,,0,,23,0,0,0
wv,2023,51,2023-W51,0,0,0.0,,0,0,58,,,0,,23,0,0,0
wy,2023,51,2023-W51,0,0,0.0,,0,0,58,,,0,,23,0,0,0
ak,2023,52,2023-W52,0,0,0.0,,0,0,58,,,0,,22,0,0,0
al,2023,52,2023-W52,0,0,0.0,,0,0,58,,,0,,22,0,0,0
ar,2023,52,2023-W52,0,0,0.0,,0,0,58,,,0,,22,0,0,0
ca,2023,52,2023-W52,0,0,0.0,,0,0,58,,,0,,22,0,0,0
co,2023,52,2023-W52,0,0,0.0,,0,0,58,,,0,,22,0,0,0
ct,2023,52,2023-W52,0,0,0.0,,0,0,58,,,0,,22,0,0,0
dc,2023,52,2023-W52,0,0,0.0,,0,0,58,,,0,,22,0,0,0
de,2023,52,2023-W52,0,0,0.0,,0,0,58,,,0,,22,0,0,0
fl,2023,52,2023-W52,0,0,0.0,,0,0,58,,,0,,22,0,0,0
ga,2023,52,2023-W52,0,0,0.0,,0,0,58,,,0,,22,0,0,0
gu,2023,52,2023-W52,0,0,0.0,,0,0,58,,,0,,22,0,0,0
hi,2023,52,2023-W52,0,0,0.0,,0,0,58,,,0,,22,0,0,0
ia,2023,52,2023-W52,0,0,0.0,,0,0,58,,,0,,22,0,0,0
id,2023,52,2023-W52,0,0,0.0,,0,0,58,,,0,,22,0,0,0
il,2023,52,2023-W52,0,0,0.0,,0,0,58,,,0,,22,0,0,0
in,2023,52,2023-W52,0,0,0.0,,0,0,58,,,0,,22,0,0,0
ks,2023,52,2023-W52,0,0,0.0,,0,0,58,,,0,,22,0,0,0
ky,2023,52,2023-W52,0,0,0.0,,0,0,58,,,0,,22,0,0,0
la,2023,52,2023-W52,0,0,0.0,,0,0,58,,,0,,22,0,0,0
ma,2023,52,2023-W52,0,0,0.0,,0,0,58,,,0,,22,0,0,0
md,2023,52,2023-W52,0,0,0.0,,0,0,58,,,0,,22,0,0,0
me,2023,52,2023-W52,0,0,0.0,,0,0,58,,,0,,22,0,0,0
mi,2023,52,2023-W52,0,0,0.0,,0,0,58,,,0,,22,0,0,0
mn,2023,52,2023-W52,0,0,0.0,,0,0,58,,,0,,22,0,0,0
mo,2023,52,2023-W52,0,0,0.0,,0,0,58,,,0,,22,0,0,0
ms,2023,52,2023-W52,0,0,0.0,,0,0,58,,,0,,22,0,0,0
mt,2023,52,2023-W52,0,0,0.0,,0,0,58,,,0,,22,0,0,0
nc,2023,52,2023-W52,0,0,0.0,,0,0,58,,,0,,22,0,0,0
ne,2023,52,2023-W52,0,0,0.0,,0,0,58,,,0,,22,0,0,0
nh,2023,52,2023-W52,0,0,0.0,,0,0,58,,,0,,22,0,0,0
nj,2023,52,2023-W52,0,0,0.0,,0,0,58,,,0,,22,0,0,0
nm,2023,52,2023-W52,0,0,0.0,,0,0,58,,,0,,22,0,0,0
nv,2023,52,2023-W52,0,0,0.0,,0,0,58,,,0,,22,0,0,0
ny,2023,52,2023-W52,0,0,0.0,,0,0,58,,,0,,22,0,0,0
oh,2023,52,2023-W52,0,0,0.0,,0,0,58,,,0,,22,0,0,0
ok,2023,52,2023-W52,0,0,0.0,,0,0,58,,,0,,22,0,0,0
or,2023,52,2023-W52,0,0,0.0,,0,0,58,,,0,,22,0,0,0
pa,2023,52,2023-W52,0,0,0.0,,0,0,58,,,0,,22,0,0,0
ri,2023,52,2023-W52,0,0,0.0,,0,0,58,,,0,,22,0,0,0
sc,2023,52,2023-W52,0,0,0.0,,0,0,58,,,0,,22,0,0,0
sd,2023,52,2023-W52,0,0,0.0,,0,0,58,,,0,,22,0,0,0
tn,2023,52,2023-W52,0,0,0.0,,0,0,58,,,0,,22,0,0,0
tx,2023,52,2023-W52,0,0,0.0,,0,0,58,,,0,,22,0,0,0
ut,2023,52,2023-W52,0,0,0.0,,0,0,58,,,0,,22,0,0,0
va,2023,52,2023-W52,0,0,0.0,,0,0,58,,,0,,22,0,0,0
vt,2023,52,2023-W52,0,0,0.0,,0,0,58,,,0,,22,0,0,0
wa,2023,52,2023-W52,0,0,0.0,,0,0,58,,,0,,22,0,0,0
wi,2023,52,2023-W52,0,0,0.0,,0,0,58,,,0,,22,0,0,0
wv,2023,52,2023-W52,0,0,0.0,,0,0,58,,,0,,22,0,0,0
wy,2023,52,2023-W52,0,0,0.0,,0,0,58,,,0,,22,0,0,0
ak,2024,1,2024-W01,0,0,0.0,,0,7,285,,,0,,19,0,0,1
al,2024,1,2024-W01,0,0,0.0,,0,7,285,,,0,,19,0,0,1
ar,2024,1,2024-W01,0,0,0.0,,0,7,285,,,0,,19,0,0,1
ca,2024,1,2024-W01,0,0,0.0,,0,7,285,,,0,,19,0,0,1
co,2024,1,2024-W01,0,0,0.0,,0,7,285,,,0,,19,0,0,1
ct,2024,1,2024-W01,0,0,0.0,,0,7,285,,,0,,19,0,0,1
dc,2024,1,2024-W01,0,0,0.0,,0,7,285,,,0,,19,0,0,1
de,2024,1,2024-W01,0,0,0.0,,0,7,285,,,0,,19,0,0,1
fl,2024,1,2024-W01,0,0,0.0,,0,7,285,,,0,,19,0,0,1
ga,2024,1,2024-W01,0,0,0.0,,0,7,285,,,0,,19,0,0,1
gu,2024,1,2024-W01,0,0,0.0,,0,7,285,,,0,,19,0,0,1
hi,2024,1,2024-W01,0,0,0.0,,0,7,285,,,0,,19,0,0,1
ia,2024,1,2024-W01,0,0,0.0,,0,7,285,,,0,,19,0,0,1
id,2024,1,2024-W01,0,0,0.0,,0,7,285,,,0,,19,0,0,1
il,2024,1,2024-W01,0,0,0.0,,0,7,285,,,0,,19,0,0,1
in,2024,1,2024-W01,0,0,0.0,,0,7,285,,,0,,19,0,0,1
ks,2024,1,2024-W01,0,0,0.0,,0,7,285,,,0,,19,0,0,1
ky,2024,1,2024-W01,0,0,0.0,,0,7,285,,,0,,19,0,0,1
la,2024,1,2024-W01,0,0,0.0,,0,7,285,,,0,,19,0,0,1
ma,2024,1,2024-W01,0,0,0.0,,0,7,285,,,0,,19,0,0,1
md,2024,1,2024-W01,0,0,0.0,,0,7,285,,,0,,19,0,0,1
me,2024,1,2024-W01,0,0,0.0,,0,7,285,,,0,,19,0,0,1
mi,2024,1,2024-W01,0,0,0.0,,0,7,285,,,0,,19,0,0,1
mn,2024,1,2024-W01,0,0,0.0,,0,7,285,,,0,,19,0,0,1
mo,2024,1,2024-W01,0,0,0.0,,0,7,285,,,0,,19,0,0,1
ms,2024,1,2024-W01,0,0,0.0,,0,7,285,,,0,,19,0,0,1
mt,2024,1,2024-W01,0,0,0.0,,0,7,285,,,0,,19,0,0,1
nc,2024,1,2024-W01,0,0,0.0,,0,7,285,,,0,,19,0,0,1
ne,2024,1,2024-W01,0,0,0.0,,0,7,285,,,0,,19,0,0,1
nh,2024,1,2024-W01,0,0,0.0,,0,7,285,,,0,,19,0,0,1
nj,2024,1,2024-W01,0,0,0.0,,0,7,285,,,0,,19,0,0,1
nm,2024,1,2024-W01,0,0,0.0,,0,7,285,,,0,,19,0,0,1
nv,2024,1,2024-W01,0,0,0.0,,0,7,285,,,0,,19,0,0,1
ny,2024,1,2024-W01,0,0,0.0,,0,7,285,,,0,,19,0,0,1
oh,2024,1,2024-W01,0,0,0.0,,0,7,285,,,0,,19,0,0,1
ok,2024,1,2024-W01,0,0,0.0,,0,7,285,,,0,,19,0,0,1
or,2024,1,2024-W01,0,0,0.0,,0,7,285,,,0,,19,0,0,1
pa,2024,1,2024-W01,0,0,0.0,,0,7,285,,,0,,19,0,0,1
ri,2024,1,2024-W01,0,0,0.0,,0,7,285,,,0,,19,0,0,1
sc,2024,1,2024-W01,0,0,0.0,,0,7,285,,,0,,19,0,0,1
sd,2024,1,2024-W01,0,0,0.0,,0,7,285,,,0,,19,0,0,1
tn,2024,1,2024-W01,0,0,0.0,,0,7,285,,,0,,19,0,0,1
tx,2024,1,2024-W01,0,0,0.0,,0,7,285,,,0,,19,0,0,1
ut,2024,1,2024-W01,0,0,0.0,,0,7,285,,,0,,19,0,0,1
va,2024,1,2024-W01,0,0,0.0,,0,7,285,,,0,,19,0,0,1
vt,2024,1,2024-W01,0,0,0.0,,0,7,285,,,0,,19,0,0,1
wa,2024,1,2024-W01,0,0,0.0,,0,7,285,,,0,,19,0,0,1
wi,2024,1,2024-W01,0,0,0.0,,0,7,285,,,0,,19,0,0,1
wv,2024,1,2024-W01,0,0,0.0,,0,7,285,,,0,,19,0,0,1
wy,2024,1,2024-W01,0,0,0.0,,0,7,285,,,0,,19,0,0,1
ak,2024,2,2024-W02,0,0,0.0,,0,3,285,,,0,,3,0,0,1
al,2024,2,2024-W02,0,0,0.0,,0,3,285,,,0,,3,0,0,1
ar,2024,2,2024-W02,0,0,0.0,,0,3,285,,,0,,3,0,0,1
ca,2024,2,2024-W02,0,0,0.0,,0,3,285,,,0,,3,0,0,1
co,2024,2,2024-W02,0,0,0.0,,0,3,285,,,0,,3,0,0,1
ct,2024,2,2024-W02,0,0,0.0,,0,3,285,,,0,,3,0,0,1
dc,2024,2,2024-W02,0,0,0.0,,0,3,285,,,0,,3,0,0,1
de,2024,2,2024-W02,0,0,0.0,,0,3,285,,,0,,3,0,0,1
fl,2024,2,2024-W02,0,0,0.0,,0,3,285,,,0,,3,0,0,1
ga,2024,2,2024-W02,0,0,0.0,,0,3,285,,,0,,3,0,0,1
gu,2024,2,2024-W02,0,0,0.0,,0,3,285,,,0,,3,0,0,1
hi,2024,2,2024-W02,0,0,0.0,,0,3,285,,,0,,3,0,0,1
ia,2024,2,2024-W02,0,0,0.0,,0,3,285,,,0,,3,0,0,1
id,2024,2,2024-W02,0,0,0.0,,0,3,285,,,0,,3,0,0,1
il,2024,2,2024-W02,0,0,0.0,,0,3,285,,,0,,3,0,0,1
in,2024,2,2024-W02,0,0,0.0,,0,3,285,,,0,,3,0,0,1
ks,2024,2,2024-W02,0,0,0.0,,0,3,285,,,0,,3,0,0,1
ky,2024,2,2024-W02,0,0,0.0,,0,3,285,,,0,,3,0,0,1
la,2024,2,2024-W02,0,0,0.0,,0,3,285,,,0,,3,0,0,1
ma,2024,2,2024-W02,0,0,0.0,,0,3,285,,,0,,3,0,0,1
md,2024,2,2024-W02,0,0,0.0,,0,3,285,,,0,,3,0,0,1
me,2024,2,2024-W02,0,0,0.0,,0,3,285,,,0,,3,0,0,1
mi,2024,2,2024-W02,0,0,0.0,,0,3,285,,,0,,3,0,0,1
mn,2024,2,2024-W02,0,0,0.0,,0,3,285,,,0,,3,0,0,1
mo,2024,2,2024-W02,0,0,0.0,,0,3,285,,,0,,3,0,0,1
ms,2024,2,2024-W02,0,0,0.0,,0,3,285,,,0,,3,0,0,1
mt,2024,2,2024-W02,0,0,0.0,,0,3,285,,,0,,3,0,0,1
nc,2024,2,2024-W02,0,0,0.0,,0,3,285,,,0,,3,0,0,1
ne,2024,2,2024-W02,0,0,0.0,,0,3,285,,,0,,3,0,0,1
nh,2024,2,2024-W02,0,0,0.0,,0,3,285,,,0,,3,0,0,1
nj,2024,2,2024-W02,0,0,0.0,,0,3,285,,,0,,3,0,0,1
nm,2024,2,2024-W02,0,0,0.0,,0,3,285,,,0,,3,0,0,1
nv,2024,2,2024-W02,0,0,0.0,,0,3,285,,,0,,3,0,0,1
ny,2024,2,2024-W02,0,0,0.0,,0,3,285,,,0,,3,0,0,1
oh,2024,2,2024-W02,0,0,0.0,,0,3,285,,,0,,3,0,0,1
ok,2024,2,2024-W02,0,0,0.0,,0,3,285,,,0,,3,0,0,1
or,2024,2,2024-W02,0,0,0.0,,0,3,285,,,0,,3,0,0,1
pa,2024,2,2024-W02,0,0,0.0,,0,3,285,,,0,,3,0,0,1
ri,2024,2,2024-W02,0,0,0.0,,0,3,285,,,0,,3,0,0,1
sc,2024,2,2024-W02,0,0,0.0,,0,3,285,,,0,,3,0,0,1
sd,2024,2,2024-W02,0,0,0.0,,0,3,285,,,0,,3,0,0,1
tn,2024,2,2024-W02,0,0,0.0,,0,3,285,,,0,,3,0,0,1
tx,2024,2,2024-W02,0,0,0.0,,0,3,285,,,0,,3,0,0,1
ut,2024,2,2024-W02,0,0,0.0,,0,3,285,,,0,,3,0,0,1
va,2024,2,2024-W02,0,0,0.0,,0,3,285,,,0,,3,0,0,1
vt,2024,2,2024-W02,0,0,0.0,,0,3,285,,,0,,3,0,0,1
wa,2024,2,2024-W02,0,0,0.0,,0,3,285,,,0,,3,0,0,1
wi,2024,2,2024-W02,0,0,0.0,,0,3,285,,,0,,3,0,0,1
wv,2024,2,2024-W02,0,0,0.0,,0,3,285,,,0,,3,0,0,1
wy,2024,2,2024-W02,0,0,0.0,,0,3,285,,,0,,3,0,0,1
ak,2024,3,2024-W03,0,0,0.0,,0,1,285,,,0,,14,0,0,1
al,2024,3,2024-W03,0,0,0.0,,0,1,285,,,0,,14,0,0,1
ar,2024,3,2024-W03,0,0,0.0,,0,1,285,,,0,,14,0,0,1
ca,2024,3,2024-W03,0,0,0.0,,0,1,285,,,0,,14,0,0,1
co,2024,3,2024-W03,0,0,0.0,,0,1,285,,,0,,14,0,0,1
ct,2024,3,2024-W03,0,0,0.0,,0,1,285,,,0,,14,0,0,1
dc,2024,3,2024-W03,0,0,0.0,,0,1,285,,,0,,14,0,0,1
de,2024,3,2024-W03,0,0,0.0,,0,1,285,,,0,,14,0,0,1
fl,2024,3,2024-W03,0,0,0.0,,0,1,285,,,0,,14,0,0,1
ga,2024,3,2024-W03,0,0,0.0,,0,1,285,,,0,,14,0,0,1
gu,2024,3,2024-W03,0,0,0.0,,0,1,285,,,0,,14,0,0,1
hi,2024,3,2024-W03,0,0,0.0,,0,1,285,,,0,,14,0,0,1
ia,2024,3,2024-W03,0,0,0.0,,0,1,285,,,0,,14,0,0,1
id,2024,3,2024-W03,0,0,0.0,,0,1,285,,,0,,14,0,0,1
il,2024,3,2024-W03,0,0,0.0,,0,1,285,,,0,,14,0,0,1
in,2024,3,2024-W03,0,0,0.0,,0,1,285,,,0,,14,0,0,1
ks,2024,3,2024-W03,0,0,0.0,,0,1,285,,,0,,14,0,0,1
ky,2024,3,2024-W03,0,0,0.0,,0,1,285,,,0,,14,0,0,1
la,2024,3,2024-W03,0,0,0.0,,0,1,285,,,0,,14,0,0,1
ma,2024,3,2024-W03,0,0,0.0,,0,1,285,,,0,,14,0,0,1
md,2024,3,2024-W03,0,0,0.0,,0,1,285,,,0,,14,0,0,1
me,2024,3,2024-W03,0,0,0.0,,0,1,285,,,0,,14,0,0,1
mi,2024,3,2024-W03,0,0,0.0,,0,1,285,,,0,,14,0,0,1
mn,2024,3,2024-W03,0,0,0.0,,0,1,285,,,0,,14,0,0,1
mo,2024,3,2024-W03,0,0,0.0,,0,1,285,,,0,,14,0,0,1
ms,2024,3,2024-W03,0,0,0.0,,0,1,285,,,0,,14,0,0,1
mt,2024,3,2024-W03,0,0,0.0,,0,1,285,,,0,,14,0,0,1
nc,2024,3,2024-W03,0,0,0.0,,0,1,285,,,0,,14,0,0,1
ne,2024,3,2024-W03,0,0,0.0,,0,1,285,,,0,,14,0,0,1
nh,2024,3,2024-W03,0,0,0.0,,0,1,285,,,0,,14,0,0,1
nj,2024,3,2024-W03,0,0,0.0,,0,1,285,,,0,,14,0,0,1
nm,2024,3,2024-W03,0,0,0.0,,0,1,285,,,0,,14,0,0,1
nv,2024,3,2024-W03,0,0,0.0,,0,1,285,,,0,,14,0,0,1
ny,2024,3,2024-W03,0,0,0.0,,0,1,285,,,0,,14,0,0,1
oh,2024,3,2024-W03,0,0,0.0,,0,1,285,,,0,,14,0,0,1
ok,2024,3,2024-W03,0,0,0.0,,0,1,285,,,0,,14,0,0,1
or,2024,3,2024-W03,0,0,0.0,,0,1,285,,,0,,14,0,0,1
pa,2024,3,2024-W03,0,0,0.0,,0,1,285,,,0,,14,0,0,1
ri,2024,3,2024-W03,0,0,0.0,,0,1,285,,,0,,14,0,0,1
sc,2024,3,2024-W03,0,0,0.0,,0,1,285,,,0,,14,0,0,1
sd,2024,3,2024-W03,0,0,0.0,,0,1,285,,,0,,14,0,0,1
tn,2024,3,2024-W03,0,0,0.0,,0,1,285,,,0,,14,0,0,1
tx,2024,3,2024-W03,0,0,0.0,,0,1,285,,,0,,14,0,0,1
ut,2024,3,2024-W03,0,0,0.0,,0,1,285,,,0,,14,0,0,1
va,2024,3,2024-W03,0,0,0.0,,0,1,285,,,0,,14,0,0,1
vt,2024,3,2024-W03,0,0,0.0,,0,1,285,,,0,,14,0,0,1
wa,2024,3,2024-W03,0,0,0.0,,0,1,285,,,0,,14,0,0,1
wi,2024,3,2024-W03,0,0,0.0,,0,1,285,,,0,,14,0,0,1
wv,2024,3,2024-W03,0,0,0.0,,0,1,285,,,0,,14,0,0,1
wy,2024,3,2024-W03,0,0,0.0,,0,1,285,,,0,,14,0,0,1
ak,2024,4,2024-W04,0,0,0.0,,0,5,285,,,0,,18,0,0,1
al,2024,4,2024-W04,0,0,0.0,,0,5,285,,,0,,18,0,0,1
ar,2024,4,2024-W04,0,0,0.0,,0,5,285,,,0,,18,0,0,1
ca,2024,4,2024-W04,0,0,0.0,,0,5,285,,,0,,18,0,0,1
co,2024,4,2024-W04,0,0,0.0,,0,5,285,,,0,,18,0,0,1
ct,2024,4,2024-W04,0,0,0.0,,0,5,285,,,0,,18,0,0,1
dc,2024,4,2024-W04,0,0,0.0,,0,5,285,,,0,,18,0,0,1
de,2024,4,2024-W04,0,0,0.0,,0,5,285,,,0,,18,0,0,1
fl,2024,4,2024-W04,0,0,0.0,,0,5,285,,,0,,18,0,0,1
ga,2024,4,2024-W04,0,0,0.0,,0,5,285,,,0,,18,0,0,1
gu,2024,4,2024-W04,0,0,0.0,,0,5,285,,,0,,18,0,0,1
hi,2024,4,2024-W04,0,0,0.0,,0,5,285,,,0,,18,0,0,1
ia,2024,4,2024-W04,0,0,0.0,,0,5,285,,,0,,18,0,0,1
id,2024,4,2024-W04,0,0,0.0,,0,5,285,,,0,,18,0,0,1
il,2024,4,2024-W04,0,0,0.0,,0,5,285,,,0,,18,0,0,1
in,2024,4,2024-W04,0,0,0.0,,0,5,285,,,0,,18,0,0,1
ks,2024,4,2024-W04,0,0,0.0,,0,5,285,,,0,,18,0,0,1
ky,2024,4,2024-W04,0,0,0.0,,0,5,285,,,0,,18,0,0,1
la,2024,4,2024-W04,0,0,0.0,,0,5,285,,,0,,18,0,0,1
ma,2024,4,2024-W04,0,0,0.0,,0,5,285,,,0,,18,0,0,1
md,2024,4,2024-W04,0,0,0.0,,0,5,285,,,0,,18,0,0,1
me,2024,4,2024-W04,0,0,0.0,,0,5,285,,,0,,18,0,0,1
mi,2024,4,2024-W04,0,0,0.0,,0,5,285,,,0,,18,0,0,1
mn,2024,4,2024-W04,0,0,0.0,,0,5,285,,,0,,18,0,0,1
mo,2024,4,2024-W04,0,0,0.0,,0,5,285,,,0,,18,0,0,1
ms,2024,4,2024-W04,0,0,0.0,,0,5,285,,,0,,18,0,0,1
mt,2024,4,2024-W04,0,0,0.0,,0,5,285,,,0,,18,0,0,1
nc,2024,4,2024-W04,0,0,0.0,,0,5,285,,,0,,18,0,0,1
ne,2024,4,2024-W04,0,0,0.0,,0,5,285,,,0,,18,0,0,1
nh,2024,4,2024-W04,0,0,0.0,,0,5,285,,,0,,18,0,0,1
nj,2024,4,2024-W04,0,0,0.0,,0,5,285,,,0,,18,0,0,1
nm,2024,4,2024-W04,0,0,0.0,,0,5,285,,,0,,18,0,0,1
nv,2024,4,2024-W04,0,0,0.0,,0,5,285,,,0,,18,0,0,1
ny,2024,4,2024-W04,0,0,0.0,,0,5,285,,,0,,18,0,0,1
oh,2024,4,2024-W04,0,0,0.0,,0,5,285,,,0,,18,0,0,1
ok,2024,4,2024-W04,0,0,0.0,,0,5,285,,,0,,18,0,0,1
or,2024,4,2024-W04,0,0,0.0,,0,5,285,,,0,,18,0,0,1
pa,2024,4,2024-W04,0,0,0.0,,0,5,285,,,0,,18,0,0,1
ri,2024,4,2024-W04,0,0,0.0,,0,5,285,,,0,,18,0,0,1
sc,2024,4,2024-W04,0,0,0.0,,0,5,285,,,0,,18,0,0,1
sd,2024,4,2024-W04,0,0,0.0,,0,5,285,,,0,,18,0,0,1
tn,2024,4,2024-W04,0,0,0.0,,0,5,285,,,0,,18,0,0,1
tx,2024,4,2024-W04,0,0,0.0,,0,5,285,,,0,,18,0,0,1
ut,2024,4,2024-W04,0,0,0.0,,0,5,285,,,0,,18,0,0,1
va,2024,4,2024-W04,0,0,0.0,,0,5,285,,,0,,18,0,0,1
vt,2024,4,2024-W04,0,0,0.0,,0,5,285,,,0,,18,0,0,1
wa,2024,4,2024-W04,0,0,0.0,,0,5,285,,,0,,18,0,0,1
wi,2024,4,2024-W04,0,0,0.0,,0,5,285,,,0,,18,0,0,1
wv,2024,4,2024-W04,0,0,0.0,,0,5,285,,,0,,18,0,0,1
wy,2024,4,2024-W04,0,0,0.0,,0,5,285,,,0,,18,0,0,1
ak,2024,5,2024-W05,0,0,0.0,,0,6,285,,,0,,13,0,0,1
al,2024,5,2024-W05,0,0,0.0,,0,6,285,,,0,,13,0,0,1
ar,2024,5,2024-W05,0,0,0.0,,0,6,285,,,0,,13,0,0,1
ca,2024,5,2024-W05,0,0,0.0,,0,6,285,,,0,,13,0,0,1
co,2024,5,2024-W05,0,0,0.0,,0,6,285,,,0,,13,0,0,1
ct,2024,5,2024-W05,0,0,0.0,,0,6,285,,,0,,13,0,0,1
dc,2024,5,2024-W05,0,0,0.0,,0,6,285,,,0,,13,0,0,1
de,2024,5,2024-W05,0,0,0.0,,0,6,285,,,0,,13,0,0,1
fl,2024,5,2024-W05,0,0,0.0,,0,6,285,,,0,,13,0,0,1
ga,2024,5,2024-W05,0,0,0.0,,0,6,285,,,0,,13,0,0,1
gu,2024,5,2024-W05,0,0,0.0,,0,6,285,,,0,,13,0,0,1
hi,2024,5,2024-W05,0,0,0.0,,0,6,285,,,0,,13,0,0,1
ia,2024,5,2024-W05,0,0,0.0,,0,6,285,,,0,,13,0,0,1
id,2024,5,2024-W05,0,0,0.0,,0,6,285,,,0,,13,0,0,1
il,2024,5,2024-W05,0,0,0.0,,0,6,285,,,0,,13,0,0,1
in,2024,5,2024-W05,0,0,0.0,,0,6,285,,,0,,13,0,0,1
ks,2024,5,2024-W05,0,0,0.0,,0,6,285,,,0,,13,0,0,1
ky,2024,5,2024-W05,0,0,0.0,,0,6,285,,,0,,13,0,0,1
la,2024,5,2024-W05,0,0,0.0,,0,6,285,,,0,,13,0,0,1
ma,2024,5,2024-W05,0,0,0.0,,0,6,285,,,0,,13,0,0,1
md,2024,5,2024-W05,0,0,0.0,,0,6,285,,,0,,13,0,0,1
me,2024,5,2024-W05,0,0,0.0,,0,6,285,,,0,,13,0,0,1
mi,2024,5,2024-W05,0,0,0.0,,0,6,285,,,0,,13,0,0,1
mn,2024,5,2024-W05,0,0,0.0,,0,6,285,,,0,,13,0,0,1
mo,2024,5,2024-W05,0,0,0.0,,0,6,285,,,0,,13,0,0,1
ms,2024,5,2024-W05,0,0,0.0,,0,6,285,,,0,,13,0,0,1
mt,2024,5,2024-W05,0,0,0.0,,0,6,285,,,0,,13,0,0,1
nc,2024,5,2024-W05,0,0,0.0,,0,6,285,,,0,,13,0,0,1
ne,2024,5,2024-W05,0,0,0.0,,0,6,285,,,0,,13,0,0,1
nh,2024,5,2024-W05,0,0,0.0,,0,6,285,,,0,,13,0,0,1
nj,2024,5,2024-W05,0,0,0.0,,0,6,285,,,0,,13,0,0,1
nm,2024,5,2024-W05,0,0,0.0,,0,6,285,,,0,,13,0,0,1
nv,2024,5,2024-W05,0,0,0.0,,0,6,285,,,0,,13,0,0,1
ny,2024,5,2024-W05,0,0,0.0,,0,6,285,,,0,,13,0,0,1
oh,2024,5,2024-W05,0,0,0.0,,0,6,285,,,0,,13,0,0,1
ok,2024,5,2024-W05,0,0,0.0,,0,6,285,,,0,,13,0,0,1
or,2024,5,2024-W05,0,0,0.0,,0,6,285,,,0,,13,0,0,1
pa,2024,5,2024-W05,0,0,0.0,,0,6,285,,,0,,13,0,0,1
ri,2024,5,2024-W05,0,0,0.0,,0,6,285,,,0,,13,0,0,1
sc,2024,5,2024-W05,0,0,0.0,,0,6,285,,,0,,13,0,0,1
sd,2024,5,2024-W05,0,0,0.0,,0,6,285,,,0,,13,0,0,1
tn,2024,5,2024-W05,0,0,0.0,,0,6,285,,,0,,13,0,0,1
tx,2024,5,2024-W05,0,0,0.0,,0,6,285,,,0,,13,0,0,1
ut,2024,5,2024-W05,0,0,0.0,,0,6,285,,,0,,13,0,0,1
va,2024,5,2024-W05,0,0,0.0,,0,6,285,,,0,,13,0,0,1
vt,2024,5,2024-W05,0,0,0.0,,0,6,285,,,0,,13,0,0,1
wa,2024,5,2024-W05,0,0,0.0,,0,6,285,,,0,,13,0,0,1
wi,2024,5,2024-W05,0,0,0.0,,0,6,285,,,0,,13,0,0,1
wv,2024,5,2024-W05,0,0,0.0,,0,6,285,,,0,,13,0,0,1
wy,2024,5,2024-W05,0,0,0.0,,0,6,285,,,0,,13,0,0,1
ak,2024,6,2024-W06,0,0,0.0,,0,10,285,,,0,,28,0,1,1
al,2024,6,2024-W06,0,0,0.0,,0,10,285,,,0,,28,0,1,1
ar,2024,6,2024-W06,0,0,0.0,,0,10,285,,,0,,28,0,1,1
ca,2024,6,2024-W06,0,0,0.0,,0,10,285,,,0,,28,0,1,1
co,2024,6,2024-W06,0,0,0.0,,0,10,285,,,0,,28,0,1,1
ct,2024,6,2024-W06,0,0,0.0,,0,10,285,,,0,,28,0,1,1
dc,2024,6,2024-W06,0,0,0.0,,0,10,285,,,0,,28,0,1,1
de,2024,6,2024-W06,0,0,0.0,,0,10,285,,,0,,28,0,1,1
fl,2024,6,2024-W06,0,0,0.0,,0,10,285,,,0,,28,0,1,1
ga,2024,6,2024-W06,0,0,0.0,,0,10,285,,,0,,28,0,1,1
gu,2024,6,2024-W06,0,0,0.0,,0,10,285,,,0,,28,0,1,1
hi,2024,6,2024-W06,0,0,0.0,,0,10,285,,,0,,28,0,1,1
ia,2024,6,2024-W06,0,0,0.0,,0,10,285,,,0,,28,0,1,1
id,2024,6,2024-W06,0,0,0.0,,0,10,285,,,0,,28,0,1,1
il,2024,6,2024-W06,0,0,0.0,,0,10,285,,,0,,28,0,1,1
in,2024,6,2024-W06,0,0,0.0,,0,10,285,,,0,,28,0,1,1
ks,2024,6,2024-W06,0,0,0.0,,0,10,285,,,0,,28,0,1,1
ky,2024,6,2024-W06,0,0,0.0,,0,10,285,,,0,,28,0,1,1
la,2024,6,2024-W06,0,0,0.0,,0,10,285,,,0,,28,0,1,1
ma,2024,6,2024-W06,0,0,0.0,,0,10,285,,,0,,28,0,1,1
md,2024,6,2024-W06,0,0,0.0,,0,10,285,,,0,,28,0,1,1
me,2024,6,2024-W06,0,0,0.0,,0,10,285,,,0,,28,0,1,1
mi,2024,6,2024-W06,0,0,0.0,,0,10,285,,,0,,28,0,1,1
mn,2024,6,2024-W06,0,0,0.0,,0,10,285,,,0,,28,0,1,1
mo,2024,6,2024-W06,0,0,0.0,,0,10,285,,,0,,28,0,1,1
ms,2024,6,2024-W06,0,0,0.0,,0,10,285,,,0,,28,0,1,1
mt,2024,6,2024-W06,0,0,0.0,,0,10,285,,,0,,28,0,1,1
nc,2024,6,2024-W06,0,0,0.0,,0,10,285,,,0,,28,0,1,1
ne,2024,6,2024-W06,0,0,0.0,,0,10,285,,,0,,28,0,1,1
nh,2024,6,2024-W06,0,0,0.0,,0,10,285,,,0,,28,0,1,1
nj,2024,6,2024-W06,0,0,0.0,,0,10,285,,,0,,28,0,1,1
nm,2024,6,2024-W06,0,0,0.0,,0,10,285,,,0,,28,0,1,1
nv,2024,6,2024-W06,0,0,0.0,,0,10,285,,,0,,28,0,1,1
ny,2024,6,2024-W06,0,0,0.0,,0,10,285,,,0,,28,0,1,1
oh,2024,6,2024-W06,0,0,0.0,,0,10,285,,,0,,28,0,1,1
ok,2024,6,2024-W06,0,0,0.0,,0,10,285,,,0,,28,0,1,1
or,2024,6,2024-W06,0,0,0.0,,0,10,285,,,0,,28,0,1,1
pa,2024,6,2024-W06,0,0,0.0,,0,10,285,,,0,,28,0,1,1
ri,2024,6,2024-W06,0,0,0.0,,0,10,285,,,0,,28,0,1,1
sc,2024,6,2024-W06,0,0,0.0,,0,10,285,,,0,,28,0,1,1
sd,2024,6,2024-W06,0,0,0.0,,0,10,285,,,0,,28,0,1,1
tn,2024,6,2024-W06,0,0,0.0,,0,10,285,,,0,,28,0,1,1
tx,2024,6,2024-W06,0,0,0.0,,0,10,285,,,0,,28,0,1,1
ut,2024,6,2024-W06,0,0,0.0,,0,10,285,,,0,,28,0,1,1
va,2024,6,2024-W06,0,0,0.0,,0,10,285,,,0,,28,0,1,1
vt,2024,6,2024-W06,0,0,0.0,,0,10,285,,,0,,28,0,1,1
wa,2024,6,2024-W06,0,0,0.0,,0,10,285,,,0,,28,0,1,1
wi,2024,6,2024-W06,0,0,0.0,,0,10,285,,,0,,28,0,1,1
wv,2024,6,2024-W06,0,0,0.0,,0,10,285,,,0,,28,0,1,1
wy,2024,6,2024-W06,0,0,0.0,,0,10,285,,,0,,28,0,1,1
ak,2024,7,2024-W07,0,0,0.0,,0,8,285,,,0,,12,0,0,1
al,2024,7,2024-W07,0,0,0.0,,0,8,285,,,0,,12,0,0,1
ar,2024,7,2024-W07,0,0,0.0,,0,8,285,,,0,,12,0,0,1
ca,2024,7,2024-W07,0,0,0.0,,0,8,285,,,0,,12,0,0,1
co,2024,7,2024-W07,0,0,0.0,,0,8,285,,,0,,12,0,0,1
ct,2024,7,2024-W07,0,0,0.0,,0,8,285,,,0,,12,0,0,1
dc,2024,7,2024-W07,0,0,0.0,,0,8,285,,,0,,12,0,0,1
de,2024,7,2024-W07,0,0,0.0,,0,8,285,,,0,,12,0,0,1
fl,2024,7,2024-W07,0,0,0.0,,0,8,285,,,0,,12,0,0,1
ga,2024,7,2024-W07,0,0,0.0,,0,8,285,,,0,,12,0,0,1
gu,2024,7,2024-W07,0,0,0.0,,0,8,285,,,0,,12,0,0,1
hi,2024,7,2024-W07,0,0,0.0,,0,8,285,,,0,,12,0,0,1
ia,2024,7,2024-W07,0,0,0.0,,0,8,285,,,0,,12,0,0,1
id,2024,7,2024-W07,0,0,0.0,,0,8,285,,,0,,12,0,0,1
il,2024,7,2024-W07,0,0,0.0,,0,8,285,,,0,,12,0,0,1
in,2024,7,2024-W07,0,0,0.0,,0,8,285,,,0,,12,0,0,1
ks,2024,7,2024-W07,0,0,0.0,,0,8,285,,,0,,12,0,0,1
ky,2024,7,2024-W07,0,0,0.0,,0,8,285,,,0,,12,0,0,1
la,2024,7,2024-W07,0,0,0.0,,0,8,285,,,0,,12,0,0,1
ma,2024,7,2024-W07,0,0,0.0,,0,8,285,,,0,,12,0,0,1
md,2024,7,2024-W07,0,0,0.0,,0,8,285,,,0,,12,0,0,1
me,2024,7,2024-W07,0,0,0.0,,0,8,285,,,0,,12,0,0,1
mi,2024,7,2024-W07,0,0,0.0,,0,8,285,,,0,,12,0,0,1
mn,2024,7,2024-W07,0,0,0.0,,0,8,285,,,0,,12,0,0,1
mo,2024,7,2024-W07,0,0,0.0,,0,8,285,,,0,,12,0,0,1
ms,2024,7,2024-W07,0,0,0.0,,0,8,285,,,0,,12,0,0,1
mt,2024,7,2024-W07,0,0,0.0,,0,8,285,,,0,,12,0,0,1
nc,2024,7,2024-W07,0,0,0.0,,0,8,285,,,0,,12,0,0,1
ne,2024,7,2024-W07,0,0,0.0,,0,8,285,,,0,,12,0,0,1
nh,2024,7,2024-W07,0,0,0.0,,0,8,285,,,0,,12,0,0,1
nj,2024,7,2024-W07,0,0,0.0,,0,8,285,,,0,,12,0,0,1
nm,2024,7,2024-W07,0,0,0.0,,0,8,285,,,0,,12,0,0,1
nv,2024,7,2024-W07,0,0,0.0,,0,8,285,,,0,,12,0,0,1
ny,2024,7,2024-W07,0,0,0.0,,0,8,285,,,0,,12,0,0,1
oh,2024,7,2024-W07,0,0,0.0,,0,8,285,,,0,,12,0,0,1
ok,2024,7,2024-W07,0,0,0.0,,0,8,285,,,0,,12,0,0,1
or,2024,7,2024-W07,0,0,0.0,,0,8,285,,,0,,12,0,0,1
pa,2024,7,2024-W07,0,0,0.0,,0,8,285,,,0,,12,0,0,1
ri,2024,7,2024-W07,0,0,0.0,,0,8,285,,,0,,12,0,0,1
sc,2024,7,2024-W07,0,0,0.0,,0,8,285,,,0,,12,0,0,1
sd,2024,7,2024-W07,0,0,0.0,,0,8,285,,,0,,12,0,0,1
tn,2024,7,2024-W07,0,0,0.0,,0,8,285,,,0,,12,0,0,1
tx,2024,7,2024-W07,0,0,0.0,,0,8,285,,,0,,12,0,0,1
ut,2024,7,2024-W07,0,0,0.0,,0,8,285,,,0,,12,0,0,1
va,2024,7,2024-W07,0,0,0.0,,0,8,285,,,0,,12,0,0,1
vt,2024,7,2024-W07,0,0,0.0,,0,8,285,,,0,,12,0,0,1
wa,2024,7,2024-W07,0,0,0.0,,0,8,285,,,0,,12,0,0,1
wi,2024,7,2024-W07,0,0,0.0,,0,8,285,,,0,,12,0,0,1
wv,2024,7,2024-W07,0,0,0.0,,0,8,285,,,0,,12,0,0,1
wy,2024,7,2024-W07,0,0,0.0,,0,8,285,,,0,,12,0,0,1
ak,2024,8,2024-W08,0,0,0.0,,0,15,285,,,0,,17,0,1,1
al,2024,8,2024-W08,0,0,0.0,,0,15,285,,,0,,17,0,1,1
ar,2024,8,2024-W08,0,0,0.0,,0,15,285,,,0,,17,0,1,1
ca,2024,8,2024-W08,0,0,0.0,,0,15,285,,,0,,17,0,1,1
co,2024,8,2024-W08,0,0,0.0,,0,15,285,,,0,,17,0,1,1
ct,2024,8,2024-W08,0,0,0.0,,0,15,285,,,0,,17,0,1,1
dc,2024,8,2024-W08,0,0,0.0,,0,15,285,,,0,,17,0,1,1
de,2024,8,2024-W08,0,0,0.0,,0,15,285,,,0,,17,0,1,1
fl,2024,8,2024-W08,0,0,0.0,,0,15,285,,,0,,17,0,1,1
ga,2024,8,2024-W08,0,0,0.0,,0,15,285,,,0,,17,0,1,1
gu,2024,8,2024-W08,0,0,0.0,,0,15,285,,,0,,17,0,1,1
hi,2024,8,2024-W08,0,0,0.0,,0,15,285,,,0,,17,0,1,1
ia,2024,8,2024-W08,0,0,0.0,,0,15,285,,,0,,17,0,1,1
id,2024,8,2024-W08,0,0,0.0,,0,15,285,,,0,,17,0,1,1
il,2024,8,2024-W08,0,0,0.0,,0,15,285,,,0,,17,0,1,1
in,2024,8,2024-W08,0,0,0.0,,0,15,285,,,0,,17,0,1,1
ks,2024,8,2024-W08,0,0,0.0,,0,15,285,,,0,,17,0,1,1
ky,2024,8,2024-W08,0,0,0.0,,0,15,285,,,0,,17,0,1,1
la,2024,8,2024-W08,0,0,0.0,,0,15,285,,,0,,17,0,1,1
ma,2024,8,2024-W08,0,0,0.0,,0,15,285,,,0,,17,0,1,1
md,2024,8,2024-W08,0,0,0.0,,0,15,285,,,0,,17,0,1,1
me,2024,8,2024-W08,0,0,0.0,,0,15,285,,,0,,17,0,1,1
mi,2024,8,2024-W08,0,0,0.0,,0,15,285,,,0,,17,0,1,1
mn,2024,8,2024-W08,0,0,0.0,,0,15,285,,,0,,17,0,1,1
mo,2024,8,2024-W08,0,0,0.0,,0,15,285,,,0,,17,0,1,1
ms,2024,8,2024-W08,0,0,0.0,,0,15,285,,,0,,17,0,1,1
mt,2024,8,2024-W08,0,0,0.0,,0,15,285,,,0,,17,0,1,1
nc,2024,8,2024-W08,0,0,0.0,,0,15,285,,,0,,17,0,1,1
ne,2024,8,2024-W08,0,0,0.0,,0,15,285,,,0,,17,0,1,1
nh,2024,8,2024-W08,0,0,0.0,,0,15,285,,,0,,17,0,1,1
nj,2024,8,2024-W08,0,0,0.0,,0,15,285,,,0,,17,0,1,1
nm,2024,8,2024-W08,0,0,0.0,,0,15,285,,,0,,17,0,1,1
nv,2024,8,2024-W08,0,0,0.0,,0,15,285,,,0,,17,0,1,1
ny,2024,8,2024-W08,0,0,0.0,,0,15,285,,,0,,17,0,1,1
oh,2024,8,2024-W08,0,0,0.0,,0,15,285,,,0,,17,0,1,1
ok,2024,8,2024-W08,0,0,0.0,,0,15,285,,,0,,17,0,1,1
or,2024,8,2024-W08,0,0,0.0,,0,15,285,,,0,,17,0,1,1
pa,2024,8,2024-W08,0,0,0.0,,0,15,285,,,0,,17,0,1,1
ri,2024,8,2024-W08,0,0,0.0,,0,15,285,,,0,,17,0,1,1
sc,2024,8,2024-W08,0,0,0.0,,0,15,285,,,0,,17,0,1,1
sd,2024,8,2024-W08,0,0,0.0,,0,15,285,,,0,,17,0,1,1
tn,2024,8,2024-W08,0,0,0.0,,0,15,285,,,0,,17,0,1,1
tx,2024,8,2024-W08,0,0,0.0,,0,15,285,,,0,,17,0,1,1
ut,2024,8,2024-W08,0,0,0.0,,0,15,285,,,0,,17,0,1,1
va,2024,8,2024-W08,0,0,0.0,,0,15,285,,,0,,17,0,1,1
vt,2024,8,2024-W08,0,0,0.0,,0,15,285,,,0,,17,0,1,1
wa,2024,8,2024-W08,0,0,0.0,,0,15,285,,,0,,17,0,1,1
wi,2024,8,2024-W08,0,0,0.0,,0,15,285,,,0,,17,0,1,1
wv,2024,8,2024-W08,0,0,0.0,,0,15,285,,,0,,17,0,1,1
wy,2024,8,2024-W08,0,0,0.0,,0,15,285,,,0,,17,0,1,1
ak,2024,9,2024-W09,0,0,0.0,,0,8,285,,,0,,20,0,0,1
al,2024,9,2024-W09,0,0,0.0,,0,8,285,,,0,,20,0,0,1
ar,2024,9,2024-W09,0,0,0.0,,0,8,285,,,0,,20,0,0,1
ca,2024,9,2024-W09,0,0,0.0,,0,8,285,,,0,,20,0,0,1
co,2024,9,2024-W09,0,0,0.0,,0,8,285,,,0,,20,0,0,1
ct,2024,9,2024-W09,0,0,0.0,,0,8,285,,,0,,20,0,0,1
dc,2024,9,2024-W09,0,0,0.0,,0,8,285,,,0,,20,0,0,1
de,2024,9,2024-W09,0,0,0.0,,0,8,285,,,0,,20,0,0,1
fl,2024,9,2024-W09,0,0,0.0,,0,8,285,,,0,,20,0,0,1
ga,2024,9,2024-W09,0,0,0.0,,0,8,285,,,0,,20,0,0,1
gu,2024,9,2024-W09,0,0,0.0,,0,8,285,,,0,,20,0,0,1
hi,2024,9,2024-W09,0,0,0.0,,0,8,285,,,0,,20,0,0,1
ia,2024,9,2024-W09,0,0,0.0,,0,8,285,,,0,,20,0,0,1
id,2024,9,2024-W09,0,0,0.0,,0,8,285,,,0,,20,0,0,1
il,2024,9,2024-W09,0,0,0.0,,0,8,285,,,0,,20,0,0,1
in,2024,9,2024-W09,0,0,0.0,,0,8,285,,,0,,20,0,0,1
ks,2024,9,2024-W09,0,0,0.0,,0,8,285,,,0,,20,0,0,1
ky,2024,9,2024-W09,0,0,0.0,,0,8,285,,,0,,20,0,0,1
la,2024,9,2024-W09,0,0,0.0,,0,8,285,,,0,,20,0,0,1
ma,2024,9,2024-W09,0,0,0.0,,0,8,285,,,0,,20,0,0,1
md,2024,9,2024-W09,0,0,0.0,,0,8,285,,,0,,20,0,0,1
me,2024,9,2024-W09,0,0,0.0,,0,8,285,,,0,,20,0,0,1
mi,2024,9,2024-W09,0,0,0.0,,0,8,285,,,0,,20,0,0,1
mn,2024,9,2024-W09,0,0,0.0,,0,8,285,,,0,,20,0,0,1
mo,2024,9,2024-W09,0,0,0.0,,0,8,285,,,0,,20,0,0,1
ms,2024,9,2024-W09,0,0,0.0,,0,8,285,,,0,,20,0,0,1
mt,2024,9,2024-W09,0,0,0.0,,0,8,285,,,0,,20,0,0,1
nc,2024,9,2024-W09,0,0,0.0,,0,8,285,,,0,,20,0,0,1
ne,2024,9,2024-W09,0,0,0.0,,0,8,285,,,0,,20,0,0,1
nh,2024,9,2024-W09,0,0,0.0,,0,8,285,,,0,,20,0,0,1
nj,2024,9,2024-W09,0,0,0.0,,0,8,285,,,0,,20,0,0,1
nm,2024,9,2024-W09,0,0,0.0,,0,8,285,,,0,,20,0,0,1
nv,2024,9,2024-W09,0,0,0.0,,0,8,285,,,0,,20,0,0,1
ny,2024,9,2024-W09,0,0,0.0,,0,8,285,,,0,,20,0,0,1
oh,2024,9,2024-W09,0,0,0.0,,0,8,285,,,0,,20,0,0,1
ok,2024,9,2024-W09,0,0,0.0,,0,8,285,,,0,,20,0,0,1
or,2024,9,2024-W09,0,0,0.0,,0,8,285,,,0,,20,0,0,1
pa,2024,9,2024-W09,0,0,0.0,,0,8,285,,,0,,20,0,0,1
ri,2024,9,2024-W09,0,0,0.0,,0,8,285,,,0,,20,0,0,1
sc,2024,9,2024-W09,0,0,0.0,,0,8,285,,,0,,20,0,0,1
sd,2024,9,2024-W09,0,0,0.0,,0,8,285,,,0,,20,0,0,1
tn,2024,9,2024-W09,0,0,0.0,,0,8,285,,,0,,20,0,0,1
tx,2024,9,2024-W09,0,0,0.0,,0,8,285,,,0,,20,0,0,1
ut,2024,9,2024-W09,0,0,0.0,,0,8,285,,,0,,20,0,0,1
va,2024,9,2024-W09,0,0,0.0,,0,8,285,,,0,,20,0,0,1
vt,2024,9,2024-W09,0,0,0.0,,0,8,285,,,0,,20,0,0,1
wa,2024,9,2024-W09,0,0,0.0,,0,8,285,,,0,,20,0,0,1
wi,2024,9,2024-W09,0,0,0.0,,0,8,285,,,0,,20,0,0,1
wv,2024,9,2024-W09,0,0,0.0,,0,8,285,,,0,,20,0,0,1
wy,2024,9,2024-W09,0,0,0.0,,0,8,285,,,0,,20,0,0,1
ak,2024,10,2024-W10,0,0,0.0,,0,14,285,,,0,,27,0,1,1
al,2024,10,2024-W10,0,0,0.0,,0,14,285,,,0,,27,0,1,1
ar,2024,10,2024-W10,0,0,0.0,,0,14,285,,,0,,27,0,1,1
ca,2024,10,2024-W10,0,0,0.0,,0,14,285,,,0,,27,0,1,1
co,2024,10,2024-W10,0,0,0.0,,0,14,285,,,0,,27,0,1,1
ct,2024,10,2024-W10,0,0,0.0,,0,14,285,,,0,,27,0,1,1
dc,2024,10,2024-W10,0,0,0.0,,0,14,285,,,0,,27,0,1,1
de,2024,10,2024-W10,0,0,0.0,,0,14,285,,,0,,27,0,1,1
fl,2024,10,2024-W10,0,0,0.0,,0,14,285,,,0,,27,0,1,1
ga,2024,10,2024-W10,0,0,0.0,,0,14,285,,,0,,27,0,1,1
gu,2024,10,2024-W10,0,0,0.0,,0,14,285,,,0,,27,0,1,1
hi,2024,10,2024-W10,0,0,0.0,,0,14,285,,,0,,27,0,1,1
ia,2024,10,2024-W10,0,0,0.0,,0,14,285,,,0,,27,0,1,1
id,2024,10,2024-W10,0,0,0.0,,0,14,285,,,0,,27,0,1,1
il,2024,10,2024-W10,0,0,0.0,,0,14,285,,,0,,27,0,1,1
in,2024,10,2024-W10,0,0,0.0,,0,14,285,,,0,,27,0,1,1
ks,2024,10,2024-W10,0,0,0.0,,0,14,285,,,0,,27,0,1,1
ky,2024,10,2024-W10,0,0,0.0,,0,14,285,,,0,,27,0,1,1
la,2024,10,2024-W10,0,0,0.0,,0,14,285,,,0,,27,0,1,1
ma,2024,10,2024-W10,0,0,0.0,,0,14,285,,,0,,27,0,1,1
md,2024,10,2024-W10,0,0,0.0,,0,14,285,,,0,,27,0,1,1
me,2024,10,2024-W10,0,0,0.0,,0,14,285,,,0,,27,0,1,1
mi,2024,10,2024-W10,0,0,0.0,,0,14,285,,,0,,27,0,1,1
mn,2024,10,2024-W10,0,0,0.0,,0,14,285,,,0,,27,0,1,1
mo,2024,10,2024-W10,0,0,0.0,,0,14,285,,,0,,27,0,1,1
ms,2024,10,2024-W10,0,0,0.0,,0,14,285,,,0,,27,0,1,1
mt,2024,10,2024-W10,0,0,0.0,,0,14,285,,,0,,27,0,1,1
nc,2024,10,2024-W10,0,0,0.0,,0,14,285,,,0,,27,0,1,1
ne,2024,10,2024-W10,0,0,0.0,,0,14,285,,,0,,27,0,1,1
nh,2024,10,2024-W10,0,0,0.0,,0,14,285,,,0,,27,0,1,1
nj,2024,10,2024-W10,0,0,0.0,,0,14,285,,,0,,27,0,1,1
nm,2024,10,2024-W10,0,0,0.0,,0,14,285,,,0,,27,0,1,1
nv,2024,10,2024-W10,0,0,0.0,,0,14,285,,,0,,27,0,1,1
ny,2024,10,2024-W10,0,0,0.0,,0,14,285,,,0,,27,0,1,1
oh,2024,10,2024-W10,0,0,0.0,,0,14,285,,,0,,27,0,1,1
ok,2024,10,2024-W10,0,0,0.0,,0,14,285,,,0,,27,0,1,1
or,2024,10,2024-W10,0,0,0.0,,0,14,285,,,0,,27,0,1,1
pa,2024,10,2024-W10,0,0,0.0,,0,14,285,,,0,,27,0,1,1
ri,2024,10,2024-W10,0,0,0.0,,0,14,285,,,0,,27,0,1,1
sc,2024,10,2024-W10,0,0,0.0,,0,14,285,,,0,,27,0,1,1
sd,2024,10,2024-W10,0,0,0.0,,0,14,285,,,0,,27,0,1,1
tn,2024,10,2024-W10,0,0,0.0,,0,14,285,,,0,,27,0,1,1
tx,2024,10,2024-W10,0,0,0.0,,0,14,285,,,0,,27,0,1,1
ut,2024,10,2024-W10,0,0,0.0,,0,14,285,,,0,,27,0,1,1
va,2024,10,2024-W10,0,0,0.0,,0,14,285,,,0,,27,0,1,1
vt,2024,10,2024-W10,0,0,0.0,,0,14,285,,,0,,27,0,1,1
wa,2024,10,2024-W10,0,0,0.0,,0,14,285,,,0,,27,0,1,1
wi,2024,10,2024-W10,0,0,0.0,,0,14,285,,,0,,27,0,1,1
wv,2024,10,2024-W10,0,0,0.0,,0,14,285,,,0,,27,0,1,1
wy,2024,10,2024-W10,0,0,0.0,,0,14,285,,,0,,27,0,1,1
ak,2024,11,2024-W11,0,0,0.0,,0,10,285,,,0,,12,0,1,1
al,2024,11,2024-W11,0,0,0.0,,0,10,285,,,0,,12,0,1,1
ar,2024,11,2024-W11,0,0,0.0,,0,10,285,,,0,,12,0,1,1
ca,2024,11,2024-W11,0,0,0.0,,0,10,285,,,0,,12,0,1,1
co,2024,11,2024-W11,0,0,0.0,,0,10,285,,,0,,12,0,1,1
ct,2024,11,2024-W11,0,0,0.0,,0,10,285,,,0,,12,0,1,1
dc,2024,11,2024-W11,0,0,0.0,,0,10,285,,,0,,12,0,1,1
de,2024,11,2024-W11,0,0,0.0,,0,10,285,,,0,,12,0,1,1
fl,2024,11,2024-W11,0,0,0.0,,0,10,285,,,0,,12,0,1,1
ga,2024,11,2024-W11,0,0,0.0,,0,10,285,,,0,,12,0,1,1
gu,2024,11,2024-W11,0,0,0.0,,0,10,285,,,0,,12,0,1,1
hi,2024,11,2024-W11,0,0,0.0,,0,10,285,,,0,,12,0,1,1
ia,2024,11,2024-W11,0,0,0.0,,0,10,285,,,0,,12,0,1,1
id,2024,11,2024-W11,0,0,0.0,,0,10,285,,,0,,12,0,1,1
il,2024,11,2024-W11,0,0,0.0,,0,10,285,,,0,,12,0,1,1
in,2024,11,2024-W11,0,0,0.0,,0,10,285,,,0,,12,0,1,1
ks,2024,11,2024-W11,0,0,0.0,,0,10,285,,,0,,12,0,1,1
ky,2024,11,2024-W11,0,0,0.0,,0,10,285,,,0,,12,0,1,1
la,2024,11,2024-W11,0,0,0.0,,0,10,285,,,0,,12,0,1,1
ma,2024,11,2024-W11,0,0,0.0,,0,10,285,,,0,,12,0,1,1
md,2024,11,2024-W11,0,0,0.0,,0,10,285,,,0,,12,0,1,1
me,2024,11,2024-W11,0,0,0.0,,0,10,285,,,0,,12,0,1,1
mi,2024,11,2024-W11,0,0,0.0,,0,10,285,,,0,,12,0,1,1
mn,2024,11,2024-W11,0,0,0.0,,0,10,285,,,0,,12,0,1,1
mo,2024,11,2024-W11,0,0,0.0,,0,10,285,,,0,,12,0,1,1
ms,2024,11,2024-W11,0,0,0.0,,0,10,285,,,0,,12,0,1,1
mt,2024,11,2024-W11,0,0,0.0,,0,10,285,,,0,,12,0,1,1
nc,2024,11,2024-W11,0,0,0.0,,0,10,285,,,0,,12,0,1,1
ne,2024,11,2024-W11,0,0,0.0,,0,10,285,,,0,,12,0,1,1
nh,2024,11,2024-W11,0,0,0.0,,0,10,285,,,0,,12,0,1,1
nj,2024,11,2024-W11,0,0,0.0,,0,10,285,,,0,,12,0,1,1
nm,2024,11,2024-W11,0,0,0.0,,0,10,285,,,0,,12,0,1,1
nv,2024,11,2024-W11,0,0,0.0,,0,10,285,,,0,,12,0,1,1
ny,2024,11,2024-W11,0,0,0.0,,0,10,285,,,0,,12,0,1,1
oh,2024,11,2024-W11,0,0,0.0,,0,10,285,,,0,,12,0,1,1
ok,2024,11,2024-W11,0,0,0.0,,0,10,285,,,0,,12,0,1,1
or,2024,11,2024-W11,0,0,0.0,,0,10,285,,,0,,12,0,1,1
pa,2024,11,2024-W11,0,0,0.0,,0,10,285,,,0,,12,0,1,1
ri,2024,11,2024-W11,0,0,0.0,,0,10,285,,,0,,12,0,1,1
sc,2024,11,2024-W11,0,0,0.0,,0,10,285,,,0,,12,0,1,1
sd,2024,11,2024-W11,0,0,0.0,,0,10,285,,,0,,12,0,1,1
tn,2024,11,2024-W11,0,0,0.0,,0,10,285,,,0,,12,0,1,1
tx,2024,11,2024-W11,0,0,0.0,,0,10,285,,,0,,12,0,1,1
ut,2024,11,2024-W11,0,0,0.0,,0,10,285,,,0,,12,0,1,1
va,2024,11,2024-W11,0,0,0.0,,0,10,285,,,0,,12,0,1,1
vt,2024,11,2024-W11,0,0,0.0,,0,10,285,,,0,,12,0,1,1
wa,2024,11,2024-W11,0,0,0.0,,0,10,285,,,0,,12,0,1,1
wi,2024,11,2024-W11,0,0,0.0,,0,10,285,,,0,,12,0,1,1
wv,2024,11,2024-W11,0,0,0.0,,0,10,285,,,0,,12,0,1,1
wy,2024,11,2024-W11,0,0,0.0,,0,10,285,,,0,,12,0,1,1
ak,2024,12,2024-W12,0,0,0.0,,0,5,285,,,0,,25,0,0,1
al,2024,12,2024-W12,0,0,0.0,,0,5,285,,,0,,25,0,0,1
ar,2024,12,2024-W12,0,0,0.0,,0,5,285,,,0,,25,0,0,1
ca,2024,12,2024-W12,0,0,0.0,,0,5,285,,,0,,25,0,0,1
co,2024,12,2024-W12,0,0,0.0,,0,5,285,,,0,,25,0,0,1
ct,2024,12,2024-W12,0,0,0.0,,0,5,285,,,0,,25,0,0,1
dc,2024,12,2024-W12,0,0,0.0,,0,5,285,,,0,,25,0,0,1
de,2024,12,2024-W12,0,0,0.0,,0,5,285,,,0,,25,0,0,1
fl,2024,12,2024-W12,0,0,0.0,,0,5,285,,,0,,25,0,0,1
ga,2024,12,2024-W12,0,0,0.0,,0,5,285,,,0,,25,0,0,1
gu,2024,12,2024-W12,0,0,0.0,,0,5,285,,,0,,25,0,0,1
hi,2024,12,2024-W12,0,0,0.0,,0,5,285,,,0,,25,0,0,1
ia,2024,12,2024-W12,0,0,0.0,,0,5,285,,,0,,25,0,0,1
id,2024,12,2024-W12,0,0,0.0,,0,5,285,,,0,,25,0,0,1
il,2024,12,2024-W12,0,0,0.0,,0,5,285,,,0,,25,0,0,1
in,2024,12,2024-W12,0,0,0.0,,0,5,285,,,0,,25,0,0,1
ks,2024,12,2024-W12,0,0,0.0,,0,5,285,,,0,,25,0,0,1
ky,2024,12,2024-W12,0,0,0.0,,0,5,285,,,0,,25,0,0,1
la,2024,12,2024-W12,0,0,0.0,,0,5,285,,,0,,25,0,0,1
ma,2024,12,2024-W12,0,0,0.0,,0,5,285,,,0,,25,0,0,1
md,2024,12,2024-W12,0,0,0.0,,0,5,285,,,0,,25,0,0,1
me,2024,12,2024-W12,0,0,0.0,,0,5,285,,,0,,25,0,0,1
mi,2024,12,2024-W12,0,0,0.0,,0,5,285,,,0,,25,0,0,1
mn,2024,12,2024-W12,0,0,0.0,,0,5,285,,,0,,25,0,0,1
mo,2024,12,2024-W12,0,0,0.0,,0,5,285,,,0,,25,0,0,1
ms,2024,12,2024-W12,0,0,0.0,,0,5,285,,,0,,25,0,0,1
mt,2024,12,2024-W12,0,0,0.0,,0,5,285,,,0,,25,0,0,1
nc,2024,12,2024-W12,0,0,0.0,,0,5,285,,,0,,25,0,0,1
ne,2024,12,2024-W12,0,0,0.0,,0,5,285,,,0,,25,0,0,1
nh,2024,12,2024-W12,0,0,0.0,,0,5,285,,,0,,25,0,0,1
nj,2024,12,2024-W12,0,0,0.0,,0,5,285,,,0,,25,0,0,1
nm,2024,12,2024-W12,0,0,0.0,,0,5,285,,,0,,25,0,0,1
nv,2024,12,2024-W12,0,0,0.0,,0,5,285,,,0,,25,0,0,1
ny,2024,12,2024-W12,0,0,0.0,,0,5,285,,,0,,25,0,0,1
oh,2024,12,2024-W12,0,0,0.0,,0,5,285,,,0,,25,0,0,1
ok,2024,12,2024-W12,0,0,0.0,,0,5,285,,,0,,25,0,0,1
or,2024,12,2024-W12,0,0,0.0,,0,5,285,,,0,,25,0,0,1
pa,2024,12,2024-W12,0,0,0.0,,0,5,285,,,0,,25,0,0,1
ri,2024,12,2024-W12,0,0,0.0,,0,5,285,,,0,,25,0,0,1
sc,2024,12,2024-W12,0,0,0.0,,0,5,285,,,0,,25,0,0,1
sd,2024,12,2024-W12,0,0,0.0,,0,5,285,,,0,,25,0,0,1
tn,2024,12,2024-W12,0,0,0.0,,0,5,285,,,0,,25,0,0,1
tx,2024,12,2024-W12,0,0,0.0,,0,5,285,,,0,,25,0,0,1
ut,2024,12,2024-W12,0,0,0.0,,0,5,285,,,0,,25,0,0,1
va,2024,12,2024-W12,0,0,0.0,,0,5,285,,,0,,25,0,0,1
vt,2024,12,2024-W12,0,0,0.0,,0,5,285,,,0,,25,0,0,1
wa,2024,12,2024-W12,0,0,0.0,,0,5,285,,,0,,25,0,0,1
wi,2024,12,2024-W12,0,0,0.0,,0,5,285,,,0,,25,0,0,1
wv,2024,12,2024-W12,0,0,0.0,,0,5,285,,,0,,25,0,0,1
wy,2024,12,2024-W12,0,0,0.0,,0,5,285,,,0,,25,0,0,1
ak,2024,13,2024-W13,0,0,0.0,,0,13,285,,,0,,20,0,1,1
al,2024,13,2024-W13,0,0,0.0,,0,13,285,,,0,,20,0,1,1
ar,2024,13,2024-W13,0,0,0.0,,0,13,285,,,0,,20,0,1,1
ca,2024,13,2024-W13,0,0,0.0,,0,13,285,,,0,,20,0,1,1
co,2024,13,2024-W13,0,0,0.0,,0,13,285,,,0,,20,0,1,1
ct,2024,13,2024-W13,0,0,0.0,,0,13,285,,,0,,20,0,1,1
dc,2024,13,2024-W13,0,0,0.0,,0,13,285,,,0,,20,0,1,1
de,2024,13,2024-W13,0,0,0.0,,0,13,285,,,0,,20,0,1,1
fl,2024,13,2024-W13,0,0,0.0,,0,13,285,,,0,,20,0,1,1
ga,2024,13,2024-W13,0,0,0.0,,0,13,285,,,0,,20,0,1,1
gu,2024,13,2024-W13,0,0,0.0,,0,13,285,,,0,,20,0,1,1
hi,2024,13,2024-W13,0,0,0.0,,0,13,285,,,0,,20,0,1,1
ia,2024,13,2024-W13,0,0,0.0,,0,13,285,,,0,,20,0,1,1
id,2024,13,2024-W13,0,0,0.0,,0,13,285,,,0,,20,0,1,1
il,2024,13,2024-W13,0,0,0.0,,0,13,285,,,0,,20,0,1,1
in,2024,13,2024-W13,0,0,0.0,,0,13,285,,,0,,20,0,1,1
ks,2024,13,2024-W13,0,0,0.0,,0,13,285,,,0,,20,0,1,1
ky,2024,13,2024-W13,0,0,0.0,,0,13,285,,,0,,20,0,1,1
la,2024,13,2024-W13,0,0,0.0,,0,13,285,,,0,,20,0,1,1
ma,2024,13,2024-W13,0,0,0.0,,0,13,285,,,0,,20,0,1,1
md,2024,13,2024-W13,0,0,0.0,,0,13,285,,,0,,20,0,1,1
me,2024,13,2024-W13,0,0,0.0,,0,13,285,,,0,,20,0,1,1
mi,2024,13,2024-W13,0,0,0.0,,0,13,285,,,0,,20,0,1,1
mn,2024,13,2024-W13,0,0,0.0,,0,13,285,,,0,,20,0,1,1
mo,2024,13,2024-W13,0,0,0.0,,0,13,285,,,0,,20,0,1,1
ms,2024,13,2024-W13,0,0,0.0,,0,13,285,,,0,,20,0,1,1
mt,2024,13,2024-W13,0,0,0.0,,0,13,285,,,0,,20,0,1,1
nc,2024,13,2024-W13,0,0,0.0,,0,13,285,,,0,,20,0,1,1
ne,2024,13,2024-W13,0,0,0.0,,0,13,285,,,0,,20,0,1,1
nh,2024,13,2024-W13,0,0,0.0,,0,13,285,,,0,,20,0,1,1
nj,2024,13,2024-W13,0,0,0.0,,0,13,285,,,0,,20,0,1,1
nm,2024,13,2024-W13,0,0,0.0,,0,13,285,,,0,,20,0,1,1
nv,2024,13,2024-W13,0,0,0.0,,0,13,285,,,0,,20,0,1,1
ny,2024,13,2024-W13,0,0,0.0,,0,13,285,,,0,,20,0,1,1
oh,2024,13,2024-W13,0,0,0.0,,0,13,285,,,0,,20,0,1,1
ok,2024,13,2024-W13,0,0,0.0,,0,13,285,,,0,,20,0,1,1
or,2024,13,2024-W13,0,0,0.0,,0,13,285,,,0,,20,0,1,1
pa,2024,13,2024-W13,0,0,0.0,,0,13,285,,,0,,20,0,1,1
ri,2024,13,2024-W13,0,0,0.0,,0,13,285,,,0,,20,0,1,1
sc,2024,13,2024-W13,0,0,0.0,,0,13,285,,,0,,20,0,1,1
sd,2024,13,2024-W13,0,0,0.0,,0,13,285,,,0,,20,0,1,1
tn,2024,13,2024-W13,0,0,0.0,,0,13,285,,,0,,20,0,1,1
tx,2024,13,2024-W13,0,0,0.0,,0,13,285,,,0,,20,0,1,1
ut,2024,13,2024-W13,0,0,0.0,,0,13,285,,,0,,20,0,1,1
va,2024,13,2024-W13,0,0,0.0,,0,13,285,,,0,,20,0,1,1
vt,2024,13,2024-W13,0,0,0.0,,0,13,285,,,0,,20,0,1,1
wa,2024,13,2024-W13,0,0,0.0,,0,13,285,,,0,,20,0,1,1
wi,2024,13,2024-W13,0,0,0.0,,0,13,285,,,0,,20,0,1,1
wv,2024,13,2024-W13,0,0,0.0,,0,13,285,,,0,,20,0,1,1
wy,2024,13,2024-W13,0,0,0.0,,0,13,285,,,0,,20,0,1,1
ak,2024,14,2024-W14,0,0,0.0,,0,13,285,,,0,,15,0,1,1
al,2024,14,2024-W14,0,0,0.0,,0,13,285,,,0,,15,0,1,1
ar,2024,14,2024-W14,0,0,0.0,,0,13,285,,,0,,15,0,1,1
ca,2024,14,2024-W14,0,0,0.0,,0,13,285,,,0,,15,0,1,1
co,2024,14,2024-W14,0,0,0.0,,0,13,285,,,0,,15,0,1,1
ct,2024,14,2024-W14,0,0,0.0,,0,13,285,,,0,,15,0,1,1
dc,2024,14,2024-W14,0,0,0.0,,0,13,285,,,0,,15,0,1,1
de,2024,14,2024-W14,0,0,0.0,,0,13,285,,,0,,15,0,1,1
fl,2024,14,2024-W14,0,0,0.0,,0,13,285,,,0,,15,0,1,1
ga,2024,14,2024-W14,0,0,0.0,,0,13,285,,,0,,15,0,1,1
gu,2024,14,2024-W14,0,0,0.0,,0,13,285,,,0,,15,0,1,1
hi,2024,14,2024-W14,0,0,0.0,,0,13,285,,,0,,15,0,1,1
ia,2024,14,2024-W14,0,0,0.0,,0,13,285,,,0,,15,0,1,1
id,2024,14,2024-W14,0,0,0.0,,0,13,285,,,0,,15,0,1,1
il,2024,14,2024-W14,0,0,0.0,,0,13,285,,,0,,15,0,1,1
in,2024,14,2024-W14,0,0,0.0,,0,13,285,,,0,,15,0,1,1
ks,2024,14,2024-W14,0,0,0.0,,0,13,285,,,0,,15,0,1,1
ky,2024,14,2024-W14,0,0,0.0,,0,13,285,,,0,,15,0,1,1
la,2024,14,2024-W14,0,0,0.0,,0,13,285,,,0,,15,0,1,1
ma,2024,14,2024-W14,0,0,0.0,,0,13,285,,,0,,15,0,1,1
md,2024,14,2024-W14,0,0,0.0,,0,13,285,,,0,,15,0,1,1
me,2024,14,2024-W14,0,0,0.0,,0,13,285,,,0,,15,0,1,1
mi,2024,14,2024-W14,0,0,0.0,,0,13,285,,,0,,15,0,1,1
mn,2024,14,2024-W14,0,0,0.0,,0,13,285,,,0,,15,0,1,1
mo,2024,14,2024-W14,0,0,0.0,,0,13,285,,,0,,15,0,1,1
ms,2024,14,2024-W14,0,0,0.0,,0,13,285,,,0,,15,0,1,1
mt,2024,14,2024-W14,0,0,0.0,,0,13,285,,,0,,15,0,1,1
nc,2024,14,2024-W14,0,0,0.0,,0,13,285,,,0,,15,0,1,1
ne,2024,14,2024-W14,0,0,0.0,,0,13,285,,,0,,15,0,1,1
nh,2024,14,2024-W14,0,0,0.0,,0,13,285,,,0,,15,0,1,1
nj,2024,14,2024-W14,0,0,0.0,,0,13,285,,,0,,15,0,1,1
nm,2024,14,2024-W14,0,0,0.0,,0,13,285,,,0,,15,0,1,1
nv,2024,14,2024-W14,0,0,0.0,,0,13,285,,,0,,15,0,1,1
ny,2024,14,2024-W14,0,0,0.0,,0,13,285,,,0,,15,0,1,1
oh,2024,14,2024-W14,0,0,0.0,,0,13,285,,,0,,15,0,1,1
ok,2024,14,2024-W14,0,0,0.0,,0,13,285,,,0,,15,0,1,1
or,2024,14,2024-W14,0,0,0.0,,0,13,285,,,0,,15,0,1,1
pa,2024,14,2024-W14,0,0,0.0,,0,13,285,,,0,,15,0,1,1
ri,2024,14,2024-W14,0,0,0.0,,0,13,285,,,0,,15,0,1,1
sc,2024,14,2024-W14,0,0,0.0,,0,13,285,,,0,,15,0,1,1
sd,2024,14,2024-W14,0,0,0.0,,0,13,285,,,0,,15,0,1,1
tn,2024,14,2024-W14,0,0,0.0,,0,13,285,,,0,,15,0,1,1
tx,2024,14,2024-W14,0,0,0.0,,0,13,285,,,0,,15,0,1,1
ut,2024,14,2024-W14,0,0,0.0,,0,13,285,,,0,,15,0,1,1
va,2024,14,2024-W14,0,0,0.0,,0,13,285,,,0,,15,0,1,1
vt,2024,14,2024-W14,0,0,0.0,,0,13,285,,,0,,15,0,1,1
wa,2024,14,2024-W14,0,0,0.0,,0,13,285,,,0,,15,0,1,1
wi,2024,14,2024-W14,0,0,0.0,,0,13,285,,,0,,15,0,1,1
wv,2024,14,2024-W14,0,0,0.0,,0,13,285,,,0,,15,0,1,1
wy,2024,14,2024-W14,0,0,0.0,,0,13,285,,,0,,15,0,1,1
ak,2024,15,2024-W15,0,0,0.0,,0,5,285,,,0,,22,0,0,1
al,2024,15,2024-W15,0,0,0.0,,0,5,285,,,0,,22,0,0,1
ar,2024,15,2024-W15,0,0,0.0,,0,5,285,,,0,,22,0,0,1
ca,2024,15,2024-W15,0,0,0.0,,0,5,285,,,0,,22,0,0,1
co,2024,15,2024-W15,0,0,0.0,,0,5,285,,,0,,22,0,0,1
ct,2024,15,2024-W15,0,0,0.0,,0,5,285,,,0,,22,0,0,1
dc,2024,15,2024-W15,0,0,0.0,,0,5,285,,,0,,22,0,0,1
de,2024,15,2024-W15,0,0,0.0,,0,5,285,,,0,,22,0,0,1
fl,2024,15,2024-W15,0,0,0.0,,0,5,285,,,0,,22,0,0,1
ga,2024,15,2024-W15,0,0,0.0,,0,5,285,,,0,,22,0,0,1
gu,2024,15,2024-W15,0,0,0.0,,0,5,285,,,0,,22,0,0,1
hi,2024,15,2024-W15,0,0,0.0,,0,5,285,,,0,,22,0,0,1
ia,2024,15,2024-W15,0,0,0.0,,0,5,285,,,0,,22,0,0,1
id,2024,15,2024-W15,0,0,0.0,,0,5,285,,,0,,22,0,0,1
il,2024,15,2024-W15,0,0,0.0,,0,5,285,,,0,,22,0,0,1
in,2024,15,2024-W15,0,0,0.0,,0,5,285,,,0,,22,0,0,1
ks,2024,15,2024-W15,0,0,0.0,,0,5,285,,,0,,22,0,0,1
ky,2024,15,2024-W15,0,0,0.0,,0,5,285,,,0,,22,0,0,1
la,2024,15,2024-W15,0,0,0.0,,0,5,285,,,0,,22,0,0,1
ma,2024,15,2024-W15,0,0,0.0,,0,5,285,,,0,,22,0,0,1
md,2024,15,2024-W15,0,0,0.0,,0,5,285,,,0,,22,0,0,1
me,2024,15,2024-W15,0,0,0.0,,0,5,285,,,0,,22,0,0,1
mi,2024,15,2024-W15,0,0,0.0,,0,5,285,,,0,,22,0,0,1
mn,2024,15,2024-W15,0,0,0.0,,0,5,285,,,0,,22,0,0,1
mo,2024,15,2024-W15,0,0,0.0,,0,5,285,,,0,,22,0,0,1
ms,2024,15,2024-W15,0,0,0.0,,0,5,285,,,0,,22,0,0,1
mt,2024,15,2024-W15,0,0,0.0,,0,5,285,,,0,,22,0,0,1
nc,2024,15,2024-W15,0,0,0.0,,0,5,285,,,0,,22,0,0,1
ne,2024,15,2024-W15,0,0,0.0,,0,5,285,,,0,,22,0,0,1
nh,2024,15,2024-W15,0,0,0.0,,0,5,285,,,0,,22,0,0,1
nj,2024,15,2024-W15,0,0,0.0,,0,5,285,,,0,,22,0,0,1
nm,2024,15,2024-W15,0,0,0.0,,0,5,285,,,0,,22,0,0,1
nv,2024,15,2024-W15,0,0,0.0,,0,5,285,,,0,,22,0,0,1
ny,2024,15,2024-W15,0,0,0.0,,0,5,285,,,0,,22,0,0,1
oh,2024,15,2024-W15,0,0,0.0,,0,5,285,,,0,,22,0,0,1
ok,2024,15,2024-W15,0,0,0.0,,0,5,285,,,0,,22,0,0,1
or,2024,15,2024-W15,0,0,0.0,,0,5,285,,,0,,22,0,0,1
pa,2024,15,2024-W15,0,0,0.0,,0,5,285,,,0,,22,0,0,1
ri,2024,15,2024-W15,0,0,0.0,,0,5,285,,,0,,22,0,0,1
sc,2024,15,2024-W15,0,0,0.0,,0,5,285,,,0,,22,0,0,1
sd,2024,15,2024-W15,0,0,0.0,,0,5,285,,,0,,22,0,0,1
tn,2024,15,2024-W15,0,0,0.0,,0,5,285,,,0,,22,0,0,1
tx,2024,15,2024-W15,0,0,0.0,,0,5,285,,,0,,22,0,0,1
ut,2024,15,2024-W15,0,0,0.0,,0,5,285,,,0,,22,0,0,1
va,2024,15,2024-W15,0,0,0.0,,0,5,285,,,0,,22,0,0,1
vt,2024,15,2024-W15,0,0,0.0,,0,5,285,,,0,,22,0,0,1
wa,2024,15,2024-W15,0,0,0.0,,0,5,285,,,0,,22,0,0,1
wi,2024,15,2024-W15,0,0,0.0,,0,5,285,,,0,,22,0,0,1
wv,2024,15,2024-W15,0,0,0.0,,0,5,285,,,0,,22,0,0,1
wy,2024,15,2024-W15,0,0,0.0,,0,5,285,,,0,,22,0,0,1
ak,2024,16,2024-W16,0,0,0.0,,0,12,285,,,0,,20,0,1,1
al,2024,16,2024-W16,0,0,0.0,,0,12,285,,,0,,20,0,1,1
ar,2024,16,2024-W16,0,0,0.0,,0,12,285,,,0,,20,0,1,1
ca,2024,16,2024-W16,0,0,0.0,,0,12,285,,,0,,20,0,1,1
co,2024,16,2024-W16,0,0,0.0,,0,12,285,,,0,,20,0,1,1
ct,2024,16,2024-W16,0,0,0.0,,0,12,285,,,0,,20,0,1,1
dc,2024,16,2024-W16,0,0,0.0,,0,12,285,,,0,,20,0,1,1
de,2024,16,2024-W16,0,0,0.0,,0,12,285,,,0,,20,0,1,1
fl,2024,16,2024-W16,0,0,0.0,,0,12,285,,,0,,20,0,1,1
ga,2024,16,2024-W16,0,0,0.0,,0,12,285,,,0,,20,0,1,1
gu,2024,16,2024-W16,0,0,0.0,,0,12,285,,,0,,20,0,1,1
hi,2024,16,2024-W16,0,0,0.0,,0,12,285,,,0,,20,0,1,1
ia,2024,16,2024-W16,0,0,0.0,,0,12,285,,,0,,20,0,1,1
id,2024,16,2024-W16,0,0,0.0,,0,12,285,,,0,,20,0,1,1
il,2024,16,2024-W16,0,0,0.0,,0,12,285,,,0,,20,0,1,1
in,2024,16,2024-W16,0,0,0.0,,0,12,285,,,0,,20,0,1,1
ks,2024,16,2024-W16,0,0,0.0,,0,12,285,,,0,,20,0,1,1
ky,2024,16,2024-W16,0,0,0.0,,0,12,285,,,0,,20,0,1,1
la,2024,16,2024-W16,0,0,0.0,,0,12,285,,,0,,20,0,1,1
ma,2024,16,2024-W16,0,0,0.0,,0,12,285,,,0,,20,0,1,1
md,2024,16,2024-W16,0,0,0.0,,0,12,285,,,0,,20,0,1,1
me,2024,16,2024-W16,0,0,0.0,,0,12,285,,,0,,20,0,1,1
mi,2024,16,2024-W16,0,0,0.0,,0,12,285,,,0,,20,0,1,1
mn,2024,16,2024-W16,0,0,0.0,,0,12,285,,,0,,20,0,1,1
mo,2024,16,2024-W16,0,0,0.0,,0,12,285,,,0,,20,0,1,1
ms,2024,16,2024-W16,0,0,0.0,,0,12,285,,,0,,20,0,1,1
mt,2024,16,2024-W16,0,0,0.0,,0,12,285,,,0,,20,0,1,1
nc,2024,16,2024-W16,0,0,0.0,,0,12,285,,,0,,20,0,1,1
ne,2024,16,2024-W16,0,0,0.0,,0,12,285,,,0,,20,0,1,1
nh,2024,16,2024-W16,0,0,0.0,,0,12,285,,,0,,20,0,1,1
nj,2024,16,2024-W16,0,0,0.0,,0,12,285,,,0,,20,0,1,1
nm,2024,16,2024-W16,0,0,0.0,,0,12,285,,,0,,20,0,1,1
nv,2024,16,2024-W16,0,0,0.0,,0,12,285,,,0,,20,0,1,1
ny,2024,16,2024-W16,0,0,0.0,,0,12,285,,,0,,20,0,1,1
oh,2024,16,2024-W16,0,0,0.0,,0,12,285,,,0,,20,0,1,1
ok,2024,16,2024-W16,0,0,0.0,,0,12,285,,,0,,20,0,1,1
or,2024,16,2024-W16,0,0,0.0,,0,12,285,,,0,,20,0,1,1
pa,2024,16,2024-W16,0,0,0.0,,0,12,285,,,0,,20,0,1,1
ri,2024,16,2024-W16,0,0,0.0,,0,12,285,,,0,,20,0,1,1
sc,2024,16,2024-W16,0,0,0.0,,0,12,285,,,0,,20,0,1,1
sd,2024,16,2024-W16,0,0,0.0,,0,12,285,,,0,,20,0,1,1
tn,2024,16,2024-W16,0,0,0.0,,0,12,285,,,0,,20,0,1,1
tx,2024,16,2024-W16,0,0,0.0,,0,12,285,,,0,,20,0,1,1
ut,2024,16,2024-W16,0,0,0.0,,0,12,285,,,0,,20,0,1,1
va,2024,16,2024-W16,0,0,0.0,,0,12,285,,,0,,20,0,1,1
vt,2024,16,2024-W16,0,0,0.0,,0,12,285,,,0,,20,0,1,1
wa,2024,16,2024-W16,0,0,0.0,,0,12,285,,,0,,20,0,1,1
wi,2024,16,2024-W16,0,0,0.0,,0,12,285,,,0,,20,0,1,1
wv,2024,16,2024-W16,0,0,0.0,,0,12,285,,,0,,20,0,1,1
wy,2024,16,2024-W16,0,0,0.0,,0,12,285,,,0,,20,0,1,1
ak,2024,17,2024-W17,0,0,0.0,,0,7,285,,,0,,16,0,0,1
al,2024,17,2024-W17,0,0,0.0,,0,7,285,,,0,,16,0,0,1
ar,2024,17,2024-W17,0,0,0.0,,0,7,285,,,0,,16,0,0,1
ca,2024,17,2024-W17,0,0,0.0,,0,7,285,,,0,,16,0,0,1
co,2024,17,2024-W17,0,0,0.0,,0,7,285,,,0,,16,0,0,1
ct,2024,17,2024-W17,0,0,0.0,,0,7,285,,,0,,16,0,0,1
dc,2024,17,2024-W17,0,0,0.0,,0,7,285,,,0,,16,0,0,1
de,2024,17,2024-W17,0,0,0.0,,0,7,285,,,0,,16,0,0,1
fl,2024,17,2024-W17,0,0,0.0,,0,7,285,,,0,,16,0,0,1
ga,2024,17,2024-W17,0,0,0.0,,0,7,285,,,0,,16,0,0,1
gu,2024,17,2024-W17,0,0,0.0,,0,7,285,,,0,,16,0,0,1
hi,2024,17,2024-W17,0,0,0.0,,0,7,285,,,0,,16,0,0,1
ia,2024,17,2024-W17,0,0,0.0,,0,7,285,,,0,,16,0,0,1
id,2024,17,2024-W17,0,0,0.0,,0,7,285,,,0,,16,0,0,1
il,2024,17,2024-W17,0,0,0.0,,0,7,285,,,0,,16,0,0,1
in,2024,17,2024-W17,0,0,0.0,,0,7,285,,,0,,16,0,0,1
ks,2024,17,2024-W17,0,0,0.0,,0,7,285,,,0,,16,0,0,1
ky,2024,17,2024-W17,0,0,0.0,,0,7,285,,,0,,16,0,0,1
la,2024,17,2024-W17,0,0,0.0,,0,7,285,,,0,,16,0,0,1
ma,2024,17,2024-W17,0,0,0.0,,0,7,285,,,0,,16,0,0,1
md,2024,17,2024-W17,0,0,0.0,,0,7,285,,,0,,16,0,0,1
me,2024,17,2024-W17,0,0,0.0,,0,7,285,,,0,,16,0,0,1
mi,2024,17,2024-W17,0,0,0.0,,0,7,285,,,0,,16,0,0,1
mn,2024,17,2024-W17,0,0,0.0,,0,7,285,,,0,,16,0,0,1
mo,2024,17,2024-W17,0,0,0.0,,0,7,285,,,0,,16,0,0,1
ms,2024,17,2024-W17,0,0,0.0,,0,7,285,,,0,,16,0,0,1
mt,2024,17,2024-W17,0,0,0.0,,0,7,285,,,0,,16,0,0,1
nc,2024,17,2024-W17,0,0,0.0,,0,7,285,,,0,,16,0,0,1
ne,2024,17,2024-W17,0,0,0.0,,0,7,285,,,0,,16,0,0,1
nh,2024,17,2024-W17,0,0,0.0,,0,7,285,,,0,,16,0,0,1
nj,2024,17,2024-W17,0,0,0.0,,0,7,285,,,0,,16,0,0,1
nm,2024,17,2024-W17,0,0,0.0,,0,7,285,,,0,,16,0,0,1
nv,2024,17,2024-W17,0,0,0.0,,0,7,285,,,0,,16,0,0,1
ny,2024,17,2024-W17,0,0,0.0,,0,7,285,,,0,,16,0,0,1
oh,2024,17,2024-W17,0,0,0.0,,0,7,285,,,0,,16,0,0,1
ok,2024,17,2024-W17,0,0,0.0,,0,7,285,,,0,,16,0,0,1
or,2024,17,2024-W17,0,0,0.0,,0,7,285,,,0,,16,0,0,1
pa,2024,17,2024-W17,0,0,0.0,,0,7,285,,,0,,16,0,0,1
ri,2024,17,2024-W17,0,0,0.0,,0,7,285,,,0,,16,0,0,1
sc,2024,17,2024-W17,0,0,0.0,,0,7,285,,,0,,16,0,0,1
sd,2024,17,2024-W17,0,0,0.0,,0,7,285,,,0,,16,0,0,1
tn,2024,17,2024-W17,0,0,0.0,,0,7,285,,,0,,16,0,0,1
tx,2024,17,2024-W17,0,0,0.0,,0,7,285,,,0,,16,0,0,1
ut,2024,17,2024-W17,0,0,0.0,,0,7,285,,,0,,16,0,0,1
va,2024,17,2024-W17,0,0,0.0,,0,7,285,,,0,,16,0,0,1
vt,2024,17,2024-W17,0,0,0.0,,0,7,285,,,0,,16,0,0,1
wa,2024,17,2024-W17,0,0,0.0,,0,7,285,,,0,,16,0,0,1
wi,2024,17,2024-W17,0,0,0.0,,0,7,285,,,0,,16,0,0,1
wv,2024,17,2024-W17,0,0,0.0,,0,7,285,,,0,,16,0,0,1
wy,2024,17,2024-W17,0,0,0.0,,0,7,285,,,0,,16,0,0,1
ak,2024,18,2024-W18,0,0,0.0,,0,4,285,,,0,,20,0,0,1
al,2024,18,2024-W18,0,0,0.0,,0,4,285,,,0,,20,0,0,1
ar,2024,18,2024-W18,0,0,0.0,,0,4,285,,,0,,20,0,0,1
ca,2024,18,2024-W18,0,0,0.0,,0,4,285,,,0,,20,0,0,1
co,2024,18,2024-W18,0,0,0.0,,0,4,285,,,0,,20,0,0,1
ct,2024,18,2024-W18,0,0,0.0,,0,4,285,,,0,,20,0,0,1
dc,2024,18,2024-W18,0,0,0.0,,0,4,285,,,0,,20,0,0,1
de,2024,18,2024-W18,0,0,0.0,,0,4,285,,,0,,20,0,0,1
fl,2024,18,2024-W18,0,0,0.0,,0,4,285,,,0,,20,0,0,1
ga,2024,18,2024-W18,0,0,0.0,,0,4,285,,,0,,20,0,0,1
gu,2024,18,2024-W18,0,0,0.0,,0,4,285,,,0,,20,0,0,1
hi,2024,18,2024-W18,0,0,0.0,,0,4,285,,,0,,20,0,0,1
ia,2024,18,2024-W18,0,0,0.0,,0,4,285,,,0,,20,0,0,1
id,2024,18,2024-W18,0,0,0.0,,0,4,285,,,0,,20,0,0,1
il,2024,18,2024-W18,0,0,0.0,,0,4,285,,,0,,20,0,0,1
in,2024,18,2024-W18,0,0,0.0,,0,4,285,,,0,,20,0,0,1
ks,2024,18,2024-W18,0,0,0.0,,0,4,285,,,0,,20,0,0,1
ky,2024,18,2024-W18,0,0,0.0,,0,4,285,,,0,,20,0,0,1
la,2024,18,2024-W18,0,0,0.0,,0,4,285,,,0,,20,0,0,1
ma,2024,18,2024-W18,0,0,0.0,,0,4,285,,,0,,20,0,0,1
md,2024,18,2024-W18,0,0,0.0,,0,4,285,,,0,,20,0,0,1
me,2024,18,2024-W18,0,0,0.0,,0,4,285,,,0,,20,0,0,1
mi,2024,18,2024-W18,0,0,0.0,,0,4,285,,,0,,20,0,0,1
mn,2024,18,2024-W18,0,0,0.0,,0,4,285,,,0,,20,0,0,1
mo,2024,18,2024-W18,0,0,0.0,,0,4,285,,,0,,20,0,0,1
ms,2024,18,2024-W18,0,0,0.0,,0,4,285,,,0,,20,0,0,1
mt,2024,18,2024-W18,0,0,0.0,,0,4,285,,,0,,20,0,0,1
nc,2024,18,2024-W18,0,0,0.0,,0,4,285,,,0,,20,0,0,1
ne,2024,18,2024-W18,0,0,0.0,,0,4,285,,,0,,20,0,0,1
nh,2024,18,2024-W18,0,0,0.0,,0,4,285,,,0,,20,0,0,1
nj,2024,18,2024-W18,0,0,0.0,,0,4,285,,,0,,20,0,0,1
nm,2024,18,2024-W18,0,0,0.0,,0,4,285,,,0,,20,0,0,1
nv,2024,18,2024-W18,0,0,0.0,,0,4,285,,,0,,20,0,0,1
ny,2024,18,2024-W18,0,0,0.0,,0,4,285,,,0,,20,0,0,1
oh,2024,18,2024-W18,0,0,0.0,,0,4,285,,,0,,20,0,0,1
ok,2024,18,2024-W18,0,0,0.0,,0,4,285,,,0,,20,0,0,1
or,2024,18,2024-W18,0,0,0.0,,0,4,285,,,0,,20,0,0,1
pa,2024,18,2024-W18,0,0,0.0,,0,4,285,,,0,,20,0,0,1
ri,2024,18,2024-W18,0,0,0.0,,0,4,285,,,0,,20,0,0,1
sc,2024,18,2024-W18,0,0,0.0,,0,4,285,,,0,,20,0,0,1
sd,2024,18,2024-W18,0,0,0.0,,0,4,285,,,0,,20,0,0,1
tn,2024,18,2024-W18,0,0,0.0,,0,4,285,,,0,,20,0,0,1
tx,2024,18,2024-W18,0,0,0.0,,0,4,285,,,0,,20,0,0,1
ut,2024,18,2024-W18,0,0,0.0,,0,4,285,,,0,,20,0,0,1
va,2024,18,2024-W18,0,0,0.0,,0,4,285,,,0,,20,0,0,1
vt,2024,18,2024-W18,0,0,0.0,,0,4,285,,,0,,20,0,0,1
wa,2024,18,2024-W18,0,0,0.0,,0,4,285,,,0,,20,0,0,1
wi,2024,18,2024-W18,0,0,0.0,,0,4,285,,,0,,20,0,0,1
wv,2024,18,2024-W18,0,0,0.0,,0,4,285,,,0,,20,0,0,1
wy,2024,18,2024-W18,0,0,0.0,,0,4,285,,,0,,20,0,0,1
ak,2024,19,2024-W19,0,0,0.0,,0,11,285,,,0,,18,0,1,1
al,2024,19,2024-W19,0,0,0.0,,0,11,285,,,0,,18,0,1,1
ar,2024,19,2024-W19,0,0,0.0,,0,11,285,,,0,,18,0,1,1
ca,2024,19,2024-W19,0,0,0.0,,0,11,285,,,0,,18,0,1,1
co,2024,19,2024-W19,0,0,0.0,,0,11,285,,,0,,18,0,1,1
ct,2024,19,2024-W19,0,0,0.0,,0,11,285,,,0,,18,0,1,1
dc,2024,19,2024-W19,0,0,0.0,,0,11,285,,,0,,18,0,1,1
de,2024,19,2024-W19,0,0,0.0,,0,11,285,,,0,,18,0,1,1
fl,2024,19,2024-W19,0,0,0.0,,0,11,285,,,0,,18,0,1,1
ga,2024,19,2024-W19,0,0,0.0,,0,11,285,,,0,,18,0,1,1
gu,2024,19,2024-W19,0,0,0.0,,0,11,285,,,0,,18,0,1,1
hi,2024,19,2024-W19,0,0,0.0,,0,11,285,,,0,,18,0,1,1
ia,2024,19,2024-W19,0,0,0.0,,0,11,285,,,0,,18,0,1,1
id,2024,19,2024-W19,0,0,0.0,,0,11,285,,,0,,18,0,1,1
il,2024,19,2024-W19,0,0,0.0,,0,11,285,,,0,,18,0,1,1
in,2024,19,2024-W19,0,0,0.0,,0,11,285,,,0,,18,0,1,1
ks,2024,19,2024-W19,0,0,0.0,,0,11,285,,,0,,18,0,1,1
ky,2024,19,2024-W19,0,0,0.0,,0,11,285,,,0,,18,0,1,1
la,2024,19,2024-W19,0,0,0.0,,0,11,285,,,0,,18,0,1,1
ma,2024,19,2024-W19,0,0,0.0,,0,11,285,,,0,,18,0,1,1
md,2024,19,2024-W19,0,0,0.0,,0,11,285,,,0,,18,0,1,1
me,2024,19,2024-W19,0,0,0.0,,0,11,285,,,0,,18,0,1,1
mi,2024,19,2024-W19,0,0,0.0,,0,11,285,,,0,,18,0,1,1
mn,2024,19,2024-W19,0,0,0.0,,0,11,285,,,0,,18,0,1,1
mo,2024,19,2024-W19,0,0,0.0,,0,11,285,,,0,,18,0,1,1
ms,2024,19,2024-W19,0,0,0.0,,0,11,285,,,0,,18,0,1,1
mt,2024,19,2024-W19,0,0,0.0,,0,11,285,,,0,,18,0,1,1
nc,2024,19,2024-W19,0,0,0.0,,0,11,285,,,0,,18,0,1,1
ne,2024,19,2024-W19,0,0,0.0,,0,11,285,,,0,,18,0,1,1
nh,2024,19,2024-W19,0,0,0.0,,0,11,285,,,0,,18,0,1,1
nj,2024,19,2024-W19,0,0,0.0,,0,11,285,,,0,,18,0,1,1
nm,2024,19,2024-W19,0,0,0.0,,0,11,285,,,0,,18,0,1,1
nv,2024,19,2024-W19,0,0,0.0,,0,11,285,,,0,,18,0,1,1
ny,2024,19,2024-W19,0,0,0.0,,0,11,285,,,0,,18,0,1,1
oh,2024,19,2024-W19,0,0,0.0,,0,11,285,,,0,,18,0,1,1
ok,2024,19,2024-W19,0,0,0.0,,0,11,285,,,0,,18,0,1,1
or,2024,19,2024-W19,0,0,0.0,,0,11,285,,,0,,18,0,1,1
pa,2024,19,2024-W19,0,0,0.0,,0,11,285,,,0,,18,0,1,1
ri,2024,19,2024-W19,0,0,0.0,,0,11,285,,,0,,18,0,1,1
sc,2024,19,2024-W19,0,0,0.0,,0,11,285,,,0,,18,0,1,1
sd,2024,19,2024-W19,0,0,0.0,,0,11,285,,,0,,18,0,1,1
tn,2024,19,2024-W19,0,0,0.0,,0,11,285,,,0,,18,0,1,1
tx,2024,19,2024-W19,0,0,0.0,,0,11,285,,,0,,18,0,1,1
ut,2024,19,2024-W19,0,0,0.0,,0,11,285,,,0,,18,0,1,1
va,2024,19,2024-W19,0,0,0.0,,0,11,285,,,0,,18,0,1,1
vt,2024,19,2024-W19,0,0,0.0,,0,11,285,,,0,,18,0,1,1
wa,2024,19,2024-W19,0,0,0.0,,0,11,285,,,0,,18,0,1,1
wi,2024,19,2024-W19,0,0,0.0,,0,11,285,,,0,,18,0,1,1
wv,2024,19,2024-W19,0,0,0.0,,0,11,285,,,0,,18,0,1,1
wy,2024,19,2024-W19,0,0,0.0,,0,11,285,,,0,,18,0,1,1
ak,2024,20,2024-W20,0,0,0.0,,0,5,285,,,0,,20,0,0,1
al,2024,20,2024-W20,0,0,0.0,,0,5,285,,,0,,20,0,0,1
ar,2024,20,2024-W20,0,0,0.0,,0,5,285,,,0,,20,0,0,1
ca,2024,20,2024-W20,0,0,0.0,,0,5,285,,,0,,20,0,0,1
co,2024,20,2024-W20,0,0,0.0,,0,5,285,,,0,,20,0,0,1
ct,2024,20,2024-W20,0,0,0.0,,0,5,285,,,0,,20,0,0,1
dc,2024,20,2024-W20,0,0,0.0,,0,5,285,,,0,,20,0,0,1
de,2024,20,2024-W20,0,0,0.0,,0,5,285,,,0,,20,0,0,1
fl,2024,20,2024-W20,0,0,0.0,,0,5,285,,,0,,20,0,0,1
ga,2024,20,2024-W20,0,0,0.0,,0,5,285,,,0,,20,0,0,1
gu,2024,20,2024-W20,0,0,0.0,,0,5,285,,,0,,20,0,0,1
hi,2024,20,2024-W20,0,0,0.0,,0,5,285,,,0,,20,0,0,1
ia,2024,20,2024-W20,0,0,0.0,,0,5,285,,,0,,20,0,0,1
id,2024,20,2024-W20,0,0,0.0,,0,5,285,,,0,,20,0,0,1
il,2024,20,2024-W20,0,0,0.0,,0,5,285,,,0,,20,0,0,1
in,2024,20,2024-W20,0,0,0.0,,0,5,285,,,0,,20,0,0,1
ks,2024,20,2024-W20,0,0,0.0,,0,5,285,,,0,,20,0,0,1
ky,2024,20,2024-W20,0,0,0.0,,0,5,285,,,0,,20,0,0,1
la,2024,20,2024-W20,0,0,0.0,,0,5,285,,,0,,20,0,0,1
ma,2024,20,2024-W20,0,0,0.0,,0,5,285,,,0,,20,0,0,1
md,2024,20,2024-W20,0,0,0.0,,0,5,285,,,0,,20,0,0,1
me,2024,20,2024-W20,0,0,0.0,,0,5,285,,,0,,20,0,0,1
mi,2024,20,2024-W20,0,0,0.0,,0,5,285,,,0,,20,0,0,1
mn,2024,20,2024-W20,0,0,0.0,,0,5,285,,,0,,20,0,0,1
mo,2024,20,2024-W20,0,0,0.0,,0,5,285,,,0,,20,0,0,1
ms,2024,20,2024-W20,0,0,0.0,,0,5,285,,,0,,20,0,0,1
mt,2024,20,2024-W20,0,0,0.0,,0,5,285,,,0,,20,0,0,1
nc,2024,20,2024-W20,0,0,0.0,,0,5,285,,,0,,20,0,0,1
ne,2024,20,2024-W20,0,0,0.0,,0,5,285,,,0,,20,0,0,1
nh,2024,20,2024-W20,0,0,0.0,,0,5,285,,,0,,20,0,0,1
nj,2024,20,2024-W20,0,0,0.0,,0,5,285,,,0,,20,0,0,1
nm,2024,20,2024-W20,0,0,0.0,,0,5,285,,,0,,20,0,0,1
nv,2024,20,2024-W20,0,0,0.0,,0,5,285,,,0,,20,0,0,1
ny,2024,20,2024-W20,0,0,0.0,,0,5,285,,,0,,20,0,0,1
oh,2024,20,2024-W20,0,0,0.0,,0,5,285,,,0,,20,0,0,1
ok,2024,20,2024-W20,0,0,0.0,,0,5,285,,,0,,20,0,0,1
or,2024,20,2024-W20,0,0,0.0,,0,5,285,,,0,,20,0,0,1
pa,2024,20,2024-W20,0,0,0.0,,0,5,285,,,0,,20,0,0,1
ri,2024,20,2024-W20,0,0,0.0,,0,5,285,,,0,,20,0,0,1
sc,2024,20,2024-W20,0,0,0.0,,0,5,285,,,0,,20,0,0,1
sd,2024,20,2024-W20,0,0,0.0,,0,5,285,,,0,,20,0,0,1
tn,2024,20,2024-W20,0,0,0.0,,0,5,285,,,0,,20,0,0,1
tx,2024,20,2024-W20,0,0,0.0,,0,5,285,,,0,,20,0,0,1
ut,2024,20,2024-W20,0,0,0.0,,0,5,285,,,0,,20,0,0,1
va,2024,20,2024-W20,0,0,0.0,,0,5,285,,,0,,20,0,0,1
vt,2024,20,2024-W20,0,0,0.0,,0,5,285,,,0,,20,0,0,1
wa,2024,20,2024-W20,0,0,0.0,,0,5,285,,,0,,20,0,0,1
wi,2024,20,2024-W20,0,0,0.0,,0,5,285,,,0,,20,0,0,1
wv,2024,20,2024-W20,0,0,0.0,,0,5,285,,,0,,20,0,0,1
wy,2024,20,2024-W20,0,0,0.0,,0,5,285,,,0,,20,0,0,1
ak,2024,21,2024-W21,0,0,0.0,,0,3,285,,,0,,23,0,0,1
al,2024,21,2024-W21,0,0,0.0,,0,3,285,,,0,,23,0,0,1
ar,2024,21,2024-W21,0,0,0.0,,0,3,285,,,0,,23,0,0,1
ca,2024,21,2024-W21,0,0,0.0,,0,3,285,,,0,,23,0,0,1
co,2024,21,2024-W21,0,0,0.0,,0,3,285,,,0,,23,0,0,1
ct,2024,21,2024-W21,0,0,0.0,,0,3,285,,,0,,23,0,0,1
dc,2024,21,2024-W21,0,0,0.0,,0,3,285,,,0,,23,0,0,1
de,2024,21,2024-W21,0,0,0.0,,0,3,285,,,0,,23,0,0,1
fl,2024,21,2024-W21,0,0,0.0,,0,3,285,,,0,,23,0,0,1
ga,2024,21,2024-W21,0,0,0.0,,0,3,285,,,0,,23,0,0,1
gu,2024,21,2024-W21,0,0,0.0,,0,3,285,,,0,,23,0,0,1
hi,2024,21,2024-W21,0,0,0.0,,0,3,285,,,0,,23,0,0,1
ia,2024,21,2024-W21,0,0,0.0,,0,3,285,,,0,,23,0,0,1
id,2024,21,2024-W21,0,0,0.0,,0,3,285,,,0,,23,0,0,1
il,2024,21,2024-W21,0,0,0.0,,0,3,285,,,0,,23,0,0,1
in,2024,21,2024-W21,0,0,0.0,,0,3,285,,,0,,23,0,0,1
ks,2024,21,2024-W21,0,0,0.0,,0,3,285,,,0,,23,0,0,1
ky,2024,21,2024-W21,0,0,0.0,,0,3,285,,,0,,23,0,0,1
la,2024,21,2024-W21,0,0,0.0,,0,3,285,,,0,,23,0,0,1
ma,2024,21,2024-W21,0,0,0.0,,0,3,285,,,0,,23,0,0,1
md,2024,21,2024-W21,0,0,0.0,,0,3,285,,,0,,23,0,0,1
me,2024,21,2024-W21,0,0,0.0,,0,3,285,,,0,,23,0,0,1
mi,2024,21,2024-W21,0,0,0.0,,0,3,285,,,0,,23,0,0,1
mn,2024,21,2024-W21,0,0,0.0,,0,3,285,,,0,,23,0,0,1
mo,2024,21,2024-W21,0,0,0.0,,0,3,285,,,0,,23,0,0,1
ms,2024,21,2024-W21,0,0,0.0,,0,3,285,,,0,,23,0,0,1
mt,2024,21,2024-W21,0,0,0.0,,0,3,285,,,0,,23,0,0,1
nc,2024,21,2024-W21,0,0,0.0,,0,3,285,,,0,,23,0,0,1
ne,2024,21,2024-W21,0,0,0.0,,0,3,285,,,0,,23,0,0,1
nh,2024,21,2024-W21,0,0,0.0,,0,3,285,,,0,,23,0,0,1
nj,2024,21,2024-W21,0,0,0.0,,0,3,285,,,0,,23,0,0,1
nm,2024,21,2024-W21,0,0,0.0,,0,3,285,,,0,,23,0,0,1
nv,2024,21,2024-W21,0,0,0.0,,0,3,285,,,0,,23,0,0,1
ny,2024,21,2024-W21,0,0,0.0,,0,3,285,,,0,,23,0,0,1
oh,2024,21,2024-W21,0,0,0.0,,0,3,285,,,0,,23,0,0,1
ok,2024,21,2024-W21,0,0,0.0,,0,3,285,,,0,,23,0,0,1
or,2024,21,2024-W21,0,0,0.0,,0,3,285,,,0,,23,0,0,1
pa,2024,21,2024-W21,0,0,0.0,,0,3,285,,,0,,23,0,0,1
ri,2024,21,2024-W21,0,0,0.0,,0,3,285,,,0,,23,0,0,1
sc,2024,21,2024-W21,0,0,0.0,,0,3,285,,,0,,23,0,0,1
sd,2024,21,2024-W21,0,0,0.0,,0,3,285,,,0,,23,0,0,1
tn,2024,21,2024-W21,0,0,0.0,,0,3,285,,,0,,23,0,0,1
tx,2024,21,2024-W21,0,0,0.0,,0,3,285,,,0,,23,0,0,1
ut,2024,21,2024-W21,0,0,0.0,,0,3,285,,,0,,23,0,0,1
va,2024,21,2024-W21,0,0,0.0,,0,3,285,,,0,,23,0,0,1
vt,2024,21,2024-W21,0,0,0.0,,0,3,285,,,0,,23,0,0,1
wa,2024,21,2024-W21,0,0,0.0,,0,3,285,,,0,,23,0,0,1
wi,2024,21,2024-W21,0,0,0.0,,0,3,285,,,0,,23,0,0,1
wv,2024,21,2024-W21,0,0,0.0,,0,3,285,,,0,,23,0,0,1
wy,2024,21,2024-W21,0,0,0.0,,0,3,285,,,0,,23,0,0,1
ak,2024,22,2024-W22,0,0,0.0,,0,6,285,,,0,,27,0,0,1
al,2024,22,2024-W22,0,0,0.0,,0,6,285,,,0,,27,0,0,1
ar,2024,22,2024-W22,0,0,0.0,,0,6,285,,,0,,27,0,0,1
ca,2024,22,2024-W22,0,0,0.0,,0,6,285,,,0,,27,0,0,1
co,2024,22,2024-W22,0,0,0.0,,0,6,285,,,0,,27,0,0,1
ct,2024,22,2024-W22,0,0,0.0,,0,6,285,,,0,,27,0,0,1
dc,2024,22,2024-W22,0,0,0.0,,0,6,285,,,0,,27,0,0,1
de,2024,22,2024-W22,0,0,0.0,,0,6,285,,,0,,27,0,0,1
fl,2024,22,2024-W22,0,0,0.0,,0,6,285,,,0,,27,0,0,1
ga,2024,22,2024-W22,0,0,0.0,,0,6,285,,,0,,27,0,0,1
gu,2024,22,2024-W22,0,0,0.0,,0,6,285,,,0,,27,0,0,1
hi,2024,22,2024-W22,0,0,0.0,,0,6,285,,,0,,27,0,0,1
ia,2024,22,2024-W22,0,0,0.0,,0,6,285,,,0,,27,0,0,1
id,2024,22,2024-W22,0,0,0.0,,0,6,285,,,0,,27,0,0,1
il,2024,22,2024-W22,0,0,0.0,,0,6,285,,,0,,27,0,0,1
in,2024,22,2024-W22,0,0,0.0,,0,6,285,,,0,,27,0,0,1
ks,2024,22,2024-W22,0,0,0.0,,0,6,285,,,0,,27,0,0,1
ky,2024,22,2024-W22,0,0,0.0,,0,6,285,,,0,,27,0,0,1
la,2024,22,2024-W22,0,0,0.0,,0,6,285,,,0,,27,0,0,1
ma,2024,22,2024-W22,0,0,0.0,,0,6,285,,,0,,27,0,0,1
md,2024,22,2024-W22,0,0,0.0,,0,6,285,,,0,,27,0,0,1
me,2024,22,2024-W22,0,0,0.0,,0,6,285,,,0,,27,0,0,1
mi,2024,22,2024-W22,0,0,0.0,,0,6,285,,,0,,27,0,0,1
mn,2024,22,2024-W22,0,0,0.0,,0,6,285,,,0,,27,0,0,1
mo,2024,22,2024-W22,0,0,0.0,,0,6,285,,,0,,27,0,0,1
ms,2024,22,2024-W22,0,0,0.0,,0,6,285,,,0,,27,0,0,1
mt,2024,22,2024-W22,0,0,0.0,,0,6,285,,,0,,27,0,0,1
nc,2024,22,2024-W22,0,0,0.0,,0,6,285,,,0,,27,0,0,1
ne,2024,22,2024-W22,0,0,0.0,,0,6,285,,,0,,27,0,0,1
nh,2024,22,2024-W22,0,0,0.0,,0,6,285,,,0,,27,0,0,1
nj,2024,22,2024-W22,0,0,0.0,,0,6,285,,,0,,27,0,0,1
nm,2024,22,2024-W22,0,0,0.0,,0,6,285,,,0,,27,0,0,1
nv,2024,22,2024-W22,0,0,0.0,,0,6,285,,,0,,27,0,0,1
ny,2024,22,2024-W22,0,0,0.0,,0,6,285,,,0,,27,0,0,1
oh,2024,22,2024-W22,0,0,0.0,,0,6,285,,,0,,27,0,0,1
ok,2024,22,2024-W22,0,0,0.0,,0,6,285,,,0,,27,0,0,1
or,2024,22,2024-W22,0,0,0.0,,0,6,285,,,0,,27,0,0,1
pa,2024,22,2024-W22,0,0,0.0,,0,6,285,,,0,,27,0,0,1
ri,2024,22,2024-W22,0,0,0.0,,0,6,285,,,0,,27,0,0,1
sc,2024,22,2024-W22,0,0,0.0,,0,6,285,,,0,,27,0,0,1
sd,2024,22,2024-W22,0,0,0.0,,0,6,285,,,0,,27,0,0,1
tn,2024,22,2024-W22,0,0,0.0,,0,6,285,,,0,,27,0,0,1
tx,2024,22,2024-W22,0,0,0.0,,0,6,285,,,0,,27,0,0,1
ut,2024,22,2024-W22,0,0,0.0,,0,6,285,,,0,,27,0,0,1
va,2024,22,2024-W22,0,0,0.0,,0,6,285,,,0,,27,0,0,1
vt,2024,22,2024-W22,0,0,0.0,,0,6,285,,,0,,27,0,0,1
wa,2024,22,2024-W22,0,0,0.0,,0,6,285,,,0,,27,0,0,1
wi,2024,22,2024-W22,0,0,0.0,,0,6,285,,,0,,27,0,0,1
wv,2024,22,2024-W22,0,0,0.0,,0,6,285,,,0,,27,0,0,1
wy,2024,22,2024-W22,0,0,0.0,,0,6,285,,,0,,27,0,0,1
ak,2024,23,2024-W23,0,0,0.0,,0,4,285,,,0,,13,0,0,1
al,2024,23,2024-W23,0,0,0.0,,0,4,285,,,0,,13,0,0,1
ar,2024,23,2024-W23,0,0,0.0,,0,4,285,,,0,,13,0,0,1
ca,2024,23,2024-W23,0,0,0.0,,0,4,285,,,0,,13,0,0,1
co,2024,23,2024-W23,0,0,0.0,,0,4,285,,,0,,13,0,0,1
ct,2024,23,2024-W23,0,0,0.0,,0,4,285,,,0,,13,0,0,1
dc,2024,23,2024-W23,0,0,0.0,,0,4,285,,,0,,13,0,0,1
de,2024,23,2024-W23,0,0,0.0,,0,4,285,,,0,,13,0,0,1
fl,2024,23,2024-W23,0,0,0.0,,0,4,285,,,0,,13,0,0,1
ga,2024,23,2024-W23,0,0,0.0,,0,4,285,,,0,,13,0,0,1
gu,2024,23,2024-W23,0,0,0.0,,0,4,285,,,0,,13,0,0,1
hi,2024,23,2024-W23,0,0,0.0,,0,4,285,,,0,,13,0,0,1
ia,2024,23,2024-W23,0,0,0.0,,0,4,285,,,0,,13,0,0,1
id,2024,23,2024-W23,0,0,0.0,,0,4,285,,,0,,13,0,0,1
il,2024,23,2024-W23,0,0,0.0,,0,4,285,,,0,,13,0,0,1
in,2024,23,2024-W23,0,0,0.0,,0,4,285,,,0,,13,0,0,1
ks,2024,23,2024-W23,0,0,0.0,,0,4,285,,,0,,13,0,0,1
ky,2024,23,2024-W23,0,0,0.0,,0,4,285,,,0,,13,0,0,1
la,2024,23,2024-W23,0,0,0.0,,0,4,285,,,0,,13,0,0,1
ma,2024,23,2024-W23,0,0,0.0,,0,4,285,,,0,,13,0,0,1
md,2024,23,2024-W23,0,0,0.0,,0,4,285,,,0,,13,0,0,1
me,2024,23,2024-W23,0,0,0.0,,0,4,285,,,0,,13,0,0,1
mi,2024,23,2024-W23,0,0,0.0,,0,4,285,,,0,,13,0,0,1
mn,2024,23,2024-W23,0,0,0.0,,0,4,285,,,0,,13,0,0,1
mo,2024,23,2024-W23,0,0,0.0,,0,4,285,,,0,,13,0,0,1
ms,2024,23,2024-W23,0,0,0.0,,0,4,285,,,0,,13,0,0,1
mt,2024,23,2024-W23,0,0,0.0,,0,4,285,,,0,,13,0,0,1
nc,2024,23,2024-W23,0,0,0.0,,0,4,285,,,0,,13,0,0,1
ne,2024,23,2024-W23,0,0,0.0,,0,4,285,,,0,,13,0,0,1
nh,2024,23,2024-W23,0,0,0.0,,0,4,285,,,0,,13,0,0,1
nj,2024,23,2024-W23,0,0,0.0,,0,4,285,,,0,,13,0,0,1
nm,2024,23,2024-W23,0,0,0.0,,0,4,285,,,0,,13,0,0,1
nv,2024,23,2024-W23,0,0,0.0,,0,4,285,,,0,,13,0,0,1
ny,2024,23,2024-W23,0,0,0.0,,0,4,285,,,0,,13,0,0,1
oh,2024,23,2024-W23,0,0,0.0,,0,4,285,,,0,,13,0,0,1
ok,2024,23,2024-W23,0,0,0.0,,0,4,285,,,0,,13,0,0,1
or,2024,23,2024-W23,0,0,0.0,,0,4,285,,,0,,13,0,0,1
pa,2024,23,2024-W23,0,0,0.0,,0,4,285,,,0,,13,0,0,1
ri,2024,23,2024-W23,0,0,0.0,,0,4,285,,,0,,13,0,0,1
sc,2024,23,2024-W23,0,0,0.0,,0,4,285,,,0,,13,0,0,1
sd,2024,23,2024-W23,0,0,0.0,,0,4,285,,,0,,13,0,0,1
tn,2024,23,2024-W23,0,0,0.0,,0,4,285,,,0,,13,0,0,1
tx,2024,23,2024-W23,0,0,0.0,,0,4,285,,,0,,13,0,0,1
ut,2024,23,2024-W23,0,0,0.0,,0,4,285,,,0,,13,0,0,1
va,2024,23,2024-W23,0,0,0.0,,0,4,285,,,0,,13,0,0,1
vt,2024,23,2024-W23,0,0,0.0,,0,4,285,,,0,,13,0,0,1
wa,2024,23,2024-W23,0,0,0.0,,0,4,285,,,0,,13,0,0,1
wi,2024,23,2024-W23,0,0,0.0,,0,4,285,,,0,,13,0,0,1
wv,2024,23,2024-W23,0,0,0.0,,0,4,285,,,0,,13,0,0,1
wy,2024,23,2024-W23,0,0,0.0,,0,4,285,,,0,,13,0,0,1
ak,2024,24,2024-W24,0,0,0.0,,0,6,285,,,0,,30,0,0,1
al,2024,24,2024-W24,0,0,0.0,,0,6,285,,,0,,30,0,0,1
ar,2024,24,2024-W24,0,0,0.0,,0,6,285,,,0,,30,0,0,1
ca,2024,24,2024-W24,0,0,0.0,,0,6,285,,,0,,30,0,0,1
co,2024,24,2024-W24,0,0,0.0,,0,6,285,,,0,,30,0,0,1
ct,2024,24,2024-W24,0,0,0.0,,0,6,285,,,0,,30,0,0,1
dc,2024,24,2024-W24,0,0,0.0,,0,6,285,,,0,,30,0,0,1
de,2024,24,2024-W24,0,0,0.0,,0,6,285,,,0,,30,0,0,1
fl,2024,24,2024-W24,0,0,0.0,,0,6,285,,,0,,30,0,0,1
ga,2024,24,2024-W24,0,0,0.0,,0,6,285,,,0,,30,0,0,1
gu,2024,24,2024-W24,0,0,0.0,,0,6,285,,,0,,30,0,0,1
hi,2024,24,2024-W24,0,0,0.0,,0,6,285,,,0,,30,0,0,1
ia,2024,24,2024-W24,0,0,0.0,,0,6,285,,,0,,30,0,0,1
id,2024,24,2024-W24,0,0,0.0,,0,6,285,,,0,,30,0,0,1
il,2024,24,2024-W24,0,0,0.0,,0,6,285,,,0,,30,0,0,1
in,2024,24,2024-W24,0,0,0.0,,0,6,285,,,0,,30,0,0,1
ks,2024,24,2024-W24,0,0,0.0,,0,6,285,,,0,,30,0,0,1
ky,2024,24,2024-W24,0,0,0.0,,0,6,285,,,0,,30,0,0,1
la,2024,24,2024-W24,0,0,0.0,,0,6,285,,,0,,30,0,0,1
ma,2024,24,2024-W24,0,0,0.0,,0,6,285,,,0,,30,0,0,1
md,2024,24,2024-W24,0,0,0.0,,0,6,285,,,0,,30,0,0,1
me,2024,24,2024-W24,0,0,0.0,,0,6,285,,,0,,30,0,0,1
mi,2024,24,2024-W24,0,0,0.0,,0,6,285,,,0,,30,0,0,1
mn,2024,24,2024-W24,0,0,0.0,,0,6,285,,,0,,30,0,0,1
mo,2024,24,2024-W24,0,0,0.0,,0,6,285,,,0,,30,0,0,1
ms,2024,24,2024-W24,0,0,0.0,,0,6,285,,,0,,30,0,0,1
mt,2024,24,2024-W24,0,0,0.0,,0,6,285,,,0,,30,0,0,1
nc,2024,24,2024-W24,0,0,0.0,,0,6,285,,,0,,30,0,0,1
ne,2024,24,2024-W24,0,0,0.0,,0,6,285,,,0,,30,0,0,1
nh,2024,24,2024-W24,0,0,0.0,,0,6,285,,,0,,30,0,0,1
nj,2024,24,2024-W24,0,0,0.0,,0,6,285,,,0,,30,0,0,1
nm,2024,24,2024-W24,0,0,0.0,,0,6,285,,,0,,30,0,0,1
nv,2024,24,2024-W24,0,0,0.0,,0,6,285,,,0,,30,0,0,1
ny,2024,24,2024-W24,0,0,0.0,,0,6,285,,,0,,30,0,0,1
oh,2024,24,2024-W24,0,0,0.0,,0,6,285,,,0,,30,0,0,1
ok,2024,24,2024-W24,0,0,0.0,,0,6,285,,,0,,30,0,0,1
or,2024,24,2024-W24,0,0,0.0,,0,6,285,,,0,,30,0,0,1
pa,2024,24,2024-W24,0,0,0.0,,0,6,285,,,0,,30,0,0,1
ri,2024,24,2024-W24,0,0,0.0,,0,6,285,,,0,,30,0,0,1
sc,2024,24,2024-W24,0,0,0.0,,0,6,285,,,0,,30,0,0,1
sd,2024,24,2024-W24,0,0,0.0,,0,6,285,,,0,,30,0,0,1
tn,2024,24,2024-W24,0,0,0.0,,0,6,285,,,0,,30,0,0,1
tx,2024,24,2024-W24,0,0,0.0,,0,6,285,,,0,,30,0,0,1
ut,2024,24,2024-W24,0,0,0.0,,0,6,285,,,0,,30,0,0,1
va,2024,24,2024-W24,0,0,0.0,,0,6,285,,,0,,30,0,0,1
vt,2024,24,2024-W24,0,0,0.0,,0,6,285,,,0,,30,0,0,1
wa,2024,24,2024-W24,0,0,0.0,,0,6,285,,,0,,30,0,0,1
wi,2024,24,2024-W24,0,0,0.0,,0,6,285,,,0,,30,0,0,1
wv,2024,24,2024-W24,0,0,0.0,,0,6,285,,,0,,30,0,0,1
wy,2024,24,2024-W24,0,0,0.0,,0,6,285,,,0,,30,0,0,1
ak,2024,25,2024-W25,0,0,0.0,,0,4,285,,,0,,10,0,0,1
al,2024,25,2024-W25,0,0,0.0,,0,4,285,,,0,,10,0,0,1
ar,2024,25,2024-W25,0,0,0.0,,0,4,285,,,0,,10,0,0,1
ca,2024,25,2024-W25,0,0,0.0,,0,4,285,,,0,,10,0,0,1
co,2024,25,2024-W25,0,0,0.0,,0,4,285,,,0,,10,0,0,1
ct,2024,25,2024-W25,0,0,0.0,,0,4,285,,,0,,10,0,0,1
dc,2024,25,2024-W25,0,0,0.0,,0,4,285,,,0,,10,0,0,1
de,2024,25,2024-W25,0,0,0.0,,0,4,285,,,0,,10,0,0,1
fl,2024,25,2024-W25,0,0,0.0,,0,4,285,,,0,,10,0,0,1
ga,2024,25,2024-W25,0,0,0.0,,0,4,285,,,0,,10,0,0,1
gu,2024,25,2024-W25,0,0,0.0,,0,4,285,,,0,,10,0,0,1
hi,2024,25,2024-W25,0,0,0.0,,0,4,285,,,0,,10,0,0,1
ia,2024,25,2024-W25,0,0,0.0,,0,4,285,,,0,,10,0,0,1
id,2024,25,2024-W25,0,0,0.0,,0,4,285,,,0,,10,0,0,1
il,2024,25,2024-W25,0,0,0.0,,0,4,285,,,0,,10,0,0,1
in,2024,25,2024-W25,0,0,0.0,,0,4,285,,,0,,10,0,0,1
ks,2024,25,2024-W25,0,0,0.0,,0,4,285,,,0,,10,0,0,1
ky,2024,25,2024-W25,0,0,0.0,,0,4,285,,,0,,10,0,0,1
la,2024,25,2024-W25,0,0,0.0,,0,4,285,,,0,,10,0,0,1
ma,2024,25,2024-W25,0,0,0.0,,0,4,285,,,0,,10,0,0,1
md,2024,25,2024-W25,0,0,0.0,,0,4,285,,,0,,10,0,0,1
me,2024,25,2024-W25,0,0,0.0,,0,4,285,,,0,,10,0,0,1
mi,2024,25,2024-W25,0,0,0.0,,0,4,285,,,0,,10,0,0,1
mn,2024,25,2024-W25,0,0,0.0,,0,4,285,,,0,,10,0,0,1
mo,2024,25,2024-W25,0,0,0.0,,0,4,285,,,0,,10,0,0,1
ms,2024,25,2024-W25,0,0,0.0,,0,4,285,,,0,,10,0,0,1
mt,2024,25,2024-W25,0,0,0.0,,0,4,285,,,0,,10,0,0,1
nc,2024,25,2024-W25,0,0,0.0,,0,4,285,,,0,,10,0,0,1
ne,2024,25,2024-W25,0,0,0.0,,0,4,285,,,0,,10,0,0,1
nh,2024,25,2024-W25,0,0,0.0,,0,4,285,,,0,,10,0,0,1
nj,2024,25,2024-W25,0,0,0.0,,0,4,285,,,0,,10,0,0,1
nm,2024,25,2024-W25,0,0,0.0,,0,4,285,,,0,,10,0,0,1
nv,2024,25,2024-W25,0,0,0.0,,0,4,285,,,0,,10,0,0,1
ny,2024,25,2024-W25,0,0,0.0,,0,4,285,,,0,,10,0,0,1
oh,2024,25,2024-W25,0,0,0.0,,0,4,285,,,0,,10,0,0,1
ok,2024,25,2024-W25,0,0,0.0,,0,4,285,,,0,,10,0,0,1
or,2024,25,2024-W25,0,0,0.0,,0,4,285,,,0,,10,0,0,1
pa,2024,25,2024-W25,0,0,0.0,,0,4,285,,,0,,10,0,0,1
ri,2024,25,2024-W25,0,0,0.0,,0,4,285,,,0,,10,0,0,1
sc,2024,25,2024-W25,0,0,0.0,,0,4,285,,,0,,10,0,0,1
sd,2024,25,2024-W25,0,0,0.0,,0,4,285,,,0,,10,0,0,1
tn,2024,25,2024-W25,0,0,0.0,,0,4,285,,,0,,10,0,0,1
tx,2024,25,2024-W25,0,0,0.0,,0,4,285,,,0,,10,0,0,1
ut,2024,25,2024-W25,0,0,0.0,,0,4,285,,,0,,10,0,0,1
va,2024,25,2024-W25,0,0,0.0,,0,4,285,,,0,,10,0,0,1
vt,2024,25,2024-W25,0,0,0.0,,0,4,285,,,0,,10,0,0,1
wa,2024,25,2024-W25,0,0,0.0,,0,4,285,,,0,,10,0,0,1
wi,2024,25,2024-W25,0,0,0.0,,0,4,285,,,0,,10,0,0,1
wv,2024,25,2024-W25,0,0,0.0,,0,4,285,,,0,,10,0,0,1
wy,2024,25,2024-W25,0,0,0.0,,0,4,285,,,0,,10,0,0,1
ak,2024,26,2024-W26,0,0,0.0,,0,2,285,,,0,,19,0,0,1
al,2024,26,2024-W26,0,0,0.0,,0,2,285,,,0,,19,0,0,1
ar,2024,26,2024-W26,0,0,0.0,,0,2,285,,,0,,19,0,0,1
ca,2024,26,2024-W26,0,0,0.0,,0,2,285,,,0,,19,0,0,1
co,2024,26,2024-W26,0,0,0.0,,0,2,285,,,0,,19,0,0,1
ct,2024,26,2024-W26,0,0,0.0,,0,2,285,,,0,,19,0,0,1
dc,2024,26,2024-W26,0,0,0.0,,0,2,285,,,0,,19,0,0,1
de,2024,26,2024-W26,0,0,0.0,,0,2,285,,,0,,19,0,0,1
fl,2024,26,2024-W26,0,0,0.0,,0,2,285,,,0,,19,0,0,1
ga,2024,26,2024-W26,0,0,0.0,,0,2,285,,,0,,19,0,0,1
gu,2024,26,2024-W26,0,0,0.0,,0,2,285,,,0,,19,0,0,1
hi,2024,26,2024-W26,0,0,0.0,,0,2,285,,,0,,19,0,0,1
ia,2024,26,2024-W26,0,0,0.0,,0,2,285,,,0,,19,0,0,1
id,2024,26,2024-W26,0,0,0.0,,0,2,285,,,0,,19,0,0,1
il,2024,26,2024-W26,0,0,0.0,,0,2,285,,,0,,19,0,0,1
in,2024,26,2024-W26,0,0,0.0,,0,2,285,,,0,,19,0,0,1
ks,2024,26,2024-W26,0,0,0.0,,0,2,285,,,0,,19,0,0,1
ky,2024,26,2024-W26,0,0,0.0,,0,2,285,,,0,,19,0,0,1
la,2024,26,2024-W26,0,0,0.0,,0,2,285,,,0,,19,0,0,1
ma,2024,26,2024-W26,0,0,0.0,,0,2,285,,,0,,19,0,0,1
md,2024,26,2024-W26,0,0,0.0,,0,2,285,,,0,,19,0,0,1
me,2024,26,2024-W26,0,0,0.0,,0,2,285,,,0,,19,0,0,1
mi,2024,26,2024-W26,0,0,0.0,,0,2,285,,,0,,19,0,0,1
mn,2024,26,2024-W26,0,0,0.0,,0,2,285,,,0,,19,0,0,1
mo,2024,26,2024-W26,0,0,0.0,,0,2,285,,,0,,19,0,0,1
ms,2024,26,2024-W26,0,0,0.0,,0,2,285,,,0,,19,0,0,1
mt,2024,26,2024-W26,0,0,0.0,,0,2,285,,,0,,19,0,0,1
nc,2024,26,2024-W26,0,0,0.0,,0,2,285,,,0,,19,0,0,1
ne,2024,26,2024-W26,0,0,0.0,,0,2,285,,,0,,19,0,0,1
nh,2024,26,2024-W26,0,0,0.0,,0,2,285,,,0,,19,0,0,1
nj,2024,26,2024-W26,0,0,0.0,,0,2,285,,,0,,19,0,0,1
nm,2024,26,2024-W26,0,0,0.0,,0,2,285,,,0,,19,0,0,1
nv,2024,26,2024-W26,0,0,0.0,,0,2,285,,,0,,19,0,0,1
ny,2024,26,2024-W26,0,0,0.0,,0,2,285,,,0,,19,0,0,1
oh,2024,26,2024-W26,0,0,0.0,,0,2,285,,,0,,19,0,0,1
ok,2024,26,2024-W26,0,0,0.0,,0,2,285,,,0,,19,0,0,1
or,2024,26,2024-W26,0,0,0.0,,0,2,285,,,0,,19,0,0,1
pa,2024,26,2024-W26,0,0,0.0,,0,2,285,,,0,,19,0,0,1
ri,2024,26,2024-W26,0,0,0.0,,0,2,285,,,0,,19,0,0,1
sc,2024,26,2024-W26,0,0,0.0,,0,2,285,,,0,,19,0,0,1
sd,2024,26,2024-W26,0,0,0.0,,0,2,285,,,0,,19,0,0,1
tn,2024,26,2024-W26,0,0,0.0,,0,2,285,,,0,,19,0,0,1
tx,2024,26,2024-W26,0,0,0.0,,0,2,285,,,0,,19,0,0,1
ut,2024,26,2024-W26,0,0,0.0,,0,2,285,,,0,,19,0,0,1
va,2024,26,2024-W26,0,0,0.0,,0,2,285,,,0,,19,0,0,1
vt,2024,26,2024-W26,0,0,0.0,,0,2,285,,,0,,19,0,0,1
wa,2024,26,2024-W26,0,0,0.0,,0,2,285,,,0,,19,0,0,1
wi,2024,26,2024-W26,0,0,0.0,,0,2,285,,,0,,19,0,0,1
wv,2024,26,2024-W26,0,0,0.0,,0,2,285,,,0,,19,0,0,1
wy,2024,26,2024-W26,0,0,0.0,,0,2,285,,,0,,19,0,0,1
ak,2024,27,2024-W27,0,0,0.0,,0,3,285,,,0,,22,0,0,1
al,2024,27,2024-W27,0,0,0.0,,0,3,285,,,0,,22,0,0,1
ar,2024,27,2024-W27,0,0,0.0,,0,3,285,,,0,,22,0,0,1
ca,2024,27,2024-W27,0,0,0.0,,0,3,285,,,0,,22,0,0,1
co,2024,27,2024-W27,0,0,0.0,,0,3,285,,,0,,22,0,0,1
ct,2024,27,2024-W27,0,0,0.0,,0,3,285,,,0,,22,0,0,1
dc,2024,27,2024-W27,0,0,0.0,,0,3,285,,,0,,22,0,0,1
de,2024,27,2024-W27,0,0,0.0,,0,3,285,,,0,,22,0,0,1
fl,2024,27,2024-W27,0,0,0.0,,0,3,285,,,0,,22,0,0,1
ga,2024,27,2024-W27,0,0,0.0,,0,3,285,,,0,,22,0,0,1
gu,2024,27,2024-W27,0,0,0.0,,0,3,285,,,0,,22,0,0,1
hi,2024,27,2024-W27,0,0,0.0,,0,3,285,,,0,,22,0,0,1
ia,2024,27,2024-W27,0,0,0.0,,0,3,285,,,0,,22,0,0,1
id,2024,27,2024-W27,0,0,0.0,,0,3,285,,,0,,22,0,0,1
il,2024,27,2024-W27,0,0,0.0,,0,3,285,,,0,,22,0,0,1
in,2024,27,2024-W27,0,0,0.0,,0,3,285,,,0,,22,0,0,1
ks,2024,27,2024-W27,0,0,0.0,,0,3,285,,,0,,22,0,0,1
ky,2024,27,2024-W27,0,0,0.0,,0,3,285,,,0,,22,0,0,1
la,2024,27,2024-W27,0,0,0.0,,0,3,285,,,0,,22,0,0,1
ma,2024,27,2024-W27,0,0,0.0,,0,3,285,,,0,,22,0,0,1
md,2024,27,2024-W27,0,0,0.0,,0,3,285,,,0,,22,0,0,1
me,2024,27,2024-W27,0,0,0.0,,0,3,285,,,0,,22,0,0,1
mi,2024,27,2024-W27,0,0,0.0,,0,3,285,,,0,,22,0,0,1
mn,2024,27,2024-W27,0,0,0.0,,0,3,285,,,0,,22,0,0,1
mo,2024,27,2024-W27,0,0,0.0,,0,3,285,,,0,,22,0,0,1
ms,2024,27,2024-W27,0,0,0.0,,0,3,285,,,0,,22,0,0,1
mt,2024,27,2024-W27,0,0,0.0,,0,3,285,,,0,,22,0,0,1
nc,2024,27,2024-W27,0,0,0.0,,0,3,285,,,0,,22,0,0,1
ne,2024,27,2024-W27,0,0,0.0,,0,3,285,,,0,,22,0,0,1
nh,2024,27,2024-W27,0,0,0.0,,0,3,285,,,0,,22,0,0,1
nj,2024,27,2024-W27,0,0,0.0,,0,3,285,,,0,,22,0,0,1
nm,2024,27,2024-W27,0,0,0.0,,0,3,285,,,0,,22,0,0,1
nv,2024,27,2024-W27,0,0,0.0,,0,3,285,,,0,,22,0,0,1
ny,2024,27,2024-W27,0,0,0.0,,0,3,285,,,0,,22,0,0,1
oh,2024,27,2024-W27,0,0,0.0,,0,3,285,,,0,,22,0,0,1
ok,2024,27,2024-W27,0,0,0.0,,0,3,285,,,0,,22,0,0,1
or,2024,27,2024-W27,0,0,0.0,,0,3,285,,,0,,22,0,0,1
pa,2024,27,2024-W27,0,0,0.0,,0,3,285,,,0,,22,0,0,1
ri,2024,27,2024-W27,0,0,0.0,,0,3,285,,,0,,22,0,0,1
sc,2024,27,2024-W27,0,0,0.0,,0,3,285,,,0,,22,0,0,1
sd,2024,27,2024-W27,0,0,0.0,,0,3,285,,,0,,22,0,0,1
tn,2024,27,2024-W27,0,0,0.0,,0,3,285,,,0,,22,0,0,1
tx,2024,27,2024-W27,0,0,0.0,,0,3,285,,,0,,22,0,0,1
ut,2024,27,2024-W27,0,0,0.0,,0,3,285,,,0,,22,0,0,1
va,2024,27,2024-W27,0,0,0.0,,0,3,285,,,0,,22,0,0,1
vt,2024,27,2024-W27,0,0,0.0,,0,3,285,,,0,,22,0,0,1
wa,2024,27,2024-W27,0,0,0.0,,0,3,285,,,0,,22,0,0,1
wi,2024,27,2024-W27,0,0,0.0,,0,3,285,,,0,,22,0,0,1
wv,2024,27,2024-W27,0,0,0.0,,0,3,285,,,0,,22,0,0,1
wy,2024,27,2024-W27,0,0,0.0,,0,3,285,,,0,,22,0,0,1
ak,2024,28,2024-W28,0,0,0.0,,0,4,285,,,0,,21,0,0,1
al,2024,28,2024-W28,0,0,0.0,,0,4,285,,,0,,21,0,0,1
ar,2024,28,2024-W28,0,0,0.0,,0,4,285,,,0,,21,0,0,1
ca,2024,28,2024-W28,0,0,0.0,,0,4,285,,,0,,21,0,0,1
co,2024,28,2024-W28,0,0,0.0,,0,4,285,,,0,,21,0,0,1
ct,2024,28,2024-W28,0,0,0.0,,0,4,285,,,0,,21,0,0,1
dc,2024,28,2024-W28,0,0,0.0,,0,4,285,,,0,,21,0,0,1
de,2024,28,2024-W28,0,0,0.0,,0,4,285,,,0,,21,0,0,1
fl,2024,28,2024-W28,0,0,0.0,,0,4,285,,,0,,21,0,0,1
ga,2024,28,2024-W28,0,0,0.0,,0,4,285,,,0,,21,0,0,1
gu,2024,28,2024-W28,0,0,0.0,,0,4,285,,,0,,21,0,0,1
hi,2024,28,2024-W28,0,0,0.0,,0,4,285,,,0,,21,0,0,1
ia,2024,28,2024-W28,0,0,0.0,,0,4,285,,,0,,21,0,0,1
id,2024,28,2024-W28,0,0,0.0,,0,4,285,,,0,,21,0,0,1
il,2024,28,2024-W28,0,0,0.0,,0,4,285,,,0,,21,0,0,1
in,2024,28,2024-W28,0,0,0.0,,0,4,285,,,0,,21,0,0,1
ks,2024,28,2024-W28,0,0,0.0,,0,4,285,,,0,,21,0,0,1
ky,2024,28,2024-W28,0,0,0.0,,0,4,285,,,0,,21,0,0,1
la,2024,28,2024-W28,0,0,0.0,,0,4,285,,,0,,21,0,0,1
ma,2024,28,2024-W28,0,0,0.0,,0,4,285,,,0,,21,0,0,1
md,2024,28,2024-W28,0,0,0.0,,0,4,285,,,0,,21,0,0,1
me,2024,28,2024-W28,0,0,0.0,,0,4,285,,,0,,21,0,0,1
mi,2024,28,2024-W28,0,0,0.0,,0,4,285,,,0,,21,0,0,1
mn,2024,28,2024-W28,0,0,0.0,,0,4,285,,,0,,21,0,0,1
mo,2024,28,2024-W28,0,0,0.0,,0,4,285,,,0,,21,0,0,1
ms,2024,28,2024-W28,0,0,0.0,,0,4,285,,,0,,21,0,0,1
mt,2024,28,2024-W28,0,0,0.0,,0,4,285,,,0,,21,0,0,1
nc,2024,28,2024-W28,0,0,0.0,,0,4,285,,,0,,21,0,0,1
ne,2024,28,2024-W28,0,0,0.0,,0,4,285,,,0,,21,0,0,1
nh,2024,28,2024-W28,0,0,0.0,,0,4,285,,,0,,21,0,0,1
nj,2024,28,2024-W28,0,0,0.0,,0,4,285,,,0,,21,0,0,1
nm,2024,28,2024-W28,0,0,0.0,,0,4,285,,,0,,21,0,0,1
nv,2024,28,2024-W28,0,0,0.0,,0,4,285,,,0,,21,0,0,1
ny,2024,28,2024-W28,0,0,0.0,,0,4,285,,,0,,21,0,0,1
oh,2024,28,2024-W28,0,0,0.0,,0,4,285,,,0,,21,0,0,1
ok,2024,28,2024-W28,0,0,0.0,,0,4,285,,,0,,21,0,0,1
or,2024,28,2024-W28,0,0,0.0,,0,4,285,,,0,,21,0,0,1
pa,2024,28,2024-W28,0,0,0.0,,0,4,285,,,0,,21,0,0,1
ri,2024,28,2024-W28,0,0,0.0,,0,4,285,,,0,,21,0,0,1
sc,2024,28,2024-W28,0,0,0.0,,0,4,285,,,0,,21,0,0,1
sd,2024,28,2024-W28,0,0,0.0,,0,4,285,,,0,,21,0,0,1
tn,2024,28,2024-W28,0,0,0.0,,0,4,285,,,0,,21,0,0,1
tx,2024,28,2024-W28,0,0,0.0,,0,4,285,,,0,,21,0,0,1
ut,2024,28,2024-W28,0,0,0.0,,0,4,285,,,0,,21,0,0,1
va,2024,28,2024-W28,0,0,0.0,,0,4,285,,,0,,21,0,0,1
vt,2024,28,2024-W28,0,0,0.0,,0,4,285,,,0,,21,0,0,1
wa,2024,28,2024-W28,0,0,0.0,,0,4,285,,,0,,21,0,0,1
wi,2024,28,2024-W28,0,0,0.0,,0,4,285,,,0,,21,0,0,1
wv,2024,28,2024-W28,0,0,0.0,,0,4,285,,,0,,21,0,0,1
wy,2024,28,2024-W28,0,0,0.0,,0,4,285,,,0,,21,0,0,1
ak,2024,29,2024-W29,0,0,0.0,,0,1,285,,,0,,16,0,0,1
al,2024,29,2024-W29,0,0,0.0,,0,1,285,,,0,,16,0,0,1
ar,2024,29,2024-W29,0,0,0.0,,0,1,285,,,0,,16,0,0,1
ca,2024,29,2024-W29,0,0,0.0,,0,1,285,,,0,,16,0,0,1
co,2024,29,2024-W29,0,0,0.0,,0,1,285,,,0,,16,0,0,1
ct,2024,29,2024-W29,0,0,0.0,,0,1,285,,,0,,16,0,0,1
dc,2024,29,2024-W29,0,0,0.0,,0,1,285,,,0,,16,0,0,1
de,2024,29,2024-W29,0,0,0.0,,0,1,285,,,0,,16,0,0,1
fl,2024,29,2024-W29,0,0,0.0,,0,1,285,,,0,,16,0,0,1
ga,2024,29,2024-W29,0,0,0.0,,0,1,285,,,0,,16,0,0,1
gu,2024,29,2024-W29,0,0,0.0,,0,1,285,,,0,,16,0,0,1
hi,2024,29,2024-W29,0,0,0.0,,0,1,285,,,0,,16,0,0,1
ia,2024,29,2024-W29,0,0,0.0,,0,1,285,,,0,,16,0,0,1
id,2024,29,2024-W29,0,0,0.0,,0,1,285,,,0,,16,0,0,1
il,2024,29,2024-W29,0,0,0.0,,0,1,285,,,0,,16,0,0,1
in,2024,29,2024-W29,0,0,0.0,,0,1,285,,,0,,16,0,0,1
ks,2024,29,2024-W29,0,0,0.0,,0,1,285,,,0,,16,0,0,1
ky,2024,29,2024-W29,0,0,0.0,,0,1,285,,,0,,16,0,0,1
la,2024,29,2024-W29,0,0,0.0,,0,1,285,,,0,,16,0,0,1
ma,2024,29,2024-W29,0,0,0.0,,0,1,285,,,0,,16,0,0,1
md,2024,29,2024-W29,0,0,0.0,,0,1,285,,,0,,16,0,0,1
me,2024,29,2024-W29,0,0,0.0,,0,1,285,,,0,,16,0,0,1
mi,2024,29,2024-W29,0,0,0.0,,0,1,285,,,0,,16,0,0,1
mn,2024,29,2024-W29,0,0,0.0,,0,1,285,,,0,,16,0,0,1
mo,2024,29,2024-W29,0,0,0.0,,0,1,285,,,0,,16,0,0,1
ms,2024,29,2024-W29,0,0,0.0,,0,1,285,,,0,,16,0,0,1
mt,2024,29,2024-W29,0,0,0.0,,0,1,285,,,0,,16,0,0,1
nc,2024,29,2024-W29,0,0,0.0,,0,1,285,,,0,,16,0,0,1
ne,2024,29,2024-W29,0,0,0.0,,0,1,285,,,0,,16,0,0,1
nh,2024,29,2024-W29,0,0,0.0,,0,1,285,,,0,,16,0,0,1
nj,2024,29,2024-W29,0,0,0.0,,0,1,285,,,0,,16,0,0,1
nm,2024,29,2024-W29,0,0,0.0,,0,1,285,,,0,,16,0,0,1
nv,2024,29,2024-W29,0,0,0.0,,0,1,285,,,0,,16,0,0,1
ny,2024,29,2024-W29,0,0,0.0,,0,1,285,,,0,,16,0,0,1
oh,2024,29,2024-W29,0,0,0.0,,0,1,285,,,0,,16,0,0,1
ok,2024,29,2024-W29,0,0,0.0,,0,1,285,,,0,,16,0,0,1
or,2024,29,2024-W29,0,0,0.0,,0,1,285,,,0,,16,0,0,1
pa,2024,29,2024-W29,0,0,0.0,,0,1,285,,,0,,16,0,0,1
ri,2024,29,2024-W29,0,0,0.0,,0,1,285,,,0,,16,0,0,1
sc,2024,29,2024-W29,0,0,0.0,,0,1,285,,,0,,16,0,0,1
sd,2024,29,2024-W29,0,0,0.0,,0,1,285,,,0,,16,0,0,1
tn,2024,29,2024-W29,0,0,0.0,,0,1,285,,,0,,16,0,0,1
tx,2024,29,2024-W29,0,0,0.0,,0,1,285,,,0,,16,0,0,1
ut,2024,29,2024-W29,0,0,0.0,,0,1,285,,,0,,16,0,0,1
va,2024,29,2024-W29,0,0,0.0,,0,1,285,,,0,,16,0,0,1
vt,2024,29,2024-W29,0,0,0.0,,0,1,285,,,0,,16,0,0,1
wa,2024,29,2024-W29,0,0,0.0,,0,1,285,,,0,,16,0,0,1
wi,2024,29,2024-W29,0,0,0.0,,0,1,285,,,0,,16,0,0,1
wv,2024,29,2024-W29,0,0,0.0,,0,1,285,,,0,,16,0,0,1
wy,2024,29,2024-W29,0,0,0.0,,0,1,285,,,0,,16,0,0,1
ak,2024,30,2024-W30,0,0,0.0,,0,4,285,,,0,,18,0,0,1
al,2024,30,2024-W30,0,0,0.0,,0,4,285,,,0,,18,0,0,1
ar,2024,30,2024-W30,0,0,0.0,,0,4,285,,,0,,18,0,0,1
ca,2024,30,2024-W30,0,0,0.0,,0,4,285,,,0,,18,0,0,1
co,2024,30,2024-W30,0,0,0.0,,0,4,285,,,0,,18,0,0,1
ct,2024,30,2024-W30,0,0,0.0,,0,4,285,,,0,,18,0,0,1
dc,2024,30,2024-W30,0,0,0.0,,0,4,285,,,0,,18,0,0,1
de,2024,30,2024-W30,0,0,0.0,,0,4,285,,,0,,18,0,0,1
fl,2024,30,2024-W30,0,0,0.0,,0,4,285,,,0,,18,0,0,1
ga,2024,30,2024-W30,0,0,0.0,,0,4,285,,,0,,18,0,0,1
gu,2024,30,2024-W30,0,0,0.0,,0,4,285,,,0,,18,0,0,1
hi,2024,30,2024-W30,0,0,0.0,,0,4,285,,,0,,18,0,0,1
ia,2024,30,2024-W30,0,0,0.0,,0,4,285,,,0,,18,0,0,1
id,2024,30,2024-W30,0,0,0.0,,0,4,285,,,0,,18,0,0,1
il,2024,30,2024-W30,0,0,0.0,,0,4,285,,,0,,18,0,0,1
in,2024,30,2024-W30,0,0,0.0,,0,4,285,,,0,,18,0,0,1
ks,2024,30,2024-W30,0,0,0.0,,0,4,285,,,0,,18,0,0,1
ky,2024,30,2024-W30,0,0,0.0,,0,4,285,,,0,,18,0,0,1
la,2024,30,2024-W30,0,0,0.0,,0,4,285,,,0,,18,0,0,1
ma,2024,30,2024-W30,0,0,0.0,,0,4,285,,,0,,18,0,0,1
md,2024,30,2024-W30,0,0,0.0,,0,4,285,,,0,,18,0,0,1
me,2024,30,2024-W30,0,0,0.0,,0,4,285,,,0,,18,0,0,1
mi,2024,30,2024-W30,0,0,0.0,,0,4,285,,,0,,18,0,0,1
mn,2024,30,2024-W30,0,0,0.0,,0,4,285,,,0,,18,0,0,1
mo,2024,30,2024-W30,0,0,0.0,,0,4,285,,,0,,18,0,0,1
ms,2024,30,2024-W30,0,0,0.0,,0,4,285,,,0,,18,0,0,1
mt,2024,30,2024-W30,0,0,0.0,,0,4,285,,,0,,18,0,0,1
nc,2024,30,2024-W30,0,0,0.0,,0,4,285,,,0,,18,0,0,1
ne,2024,30,2024-W30,0,0,0.0,,0,4,285,,,0,,18,0,0,1
nh,2024,30,2024-W30,0,0,0.0,,0,4,285,,,0,,18,0,0,1
nj,2024,30,2024-W30,0,0,0.0,,0,4,285,,,0,,18,0,0,1
nm,2024,30,2024-W30,0,0,0.0,,0,4,285,,,0,,18,0,0,1
nv,2024,30,2024-W30,0,0,0.0,,0,4,285,,,0,,18,0,0,1
ny,2024,30,2024-W30,0,0,0.0,,0,4,285,,,0,,18,0,0,1
oh,2024,30,2024-W30,0,0,0.0,,0,4,285,,,0,,18,0,0,1
ok,2024,30,2024-W30,0,0,0.0,,0,4,285,,,0,,18,0,0,1
or,2024,30,2024-W30,0,0,0.0,,0,4,285,,,0,,18,0,0,1
pa,2024,30,2024-W30,0,0,0.0,,0,4,285,,,0,,18,0,0,1
ri,2024,30,2024-W30,0,0,0.0,,0,4,285,,,0,,18,0,0,1
sc,2024,30,2024-W30,0,0,0.0,,0,4,285,,,0,,18,0,0,1
sd,2024,30,2024-W30,0,0,0.0,,0,4,285,,,0,,18,0,0,1
tn,2024,30,2024-W30,0,0,0.0,,0,4,285,,,0,,18,0,0,1
tx,2024,30,2024-W30,0,0,0.0,,0,4,285,,,0,,18,0,0,1
ut,2024,30,2024-W30,0,0,0.0,,0,4,285,,,0,,18,0,0,1
va,2024,30,2024-W30,0,0,0.0,,0,4,285,,,0,,18,0,0,1
vt,2024,30,2024-W30,0,0,0.0,,0,4,285,,,0,,18,0,0,1
wa,2024,30,2024-W30,0,0,0.0,,0,4,285,,,0,,18,0,0,1
wi,2024,30,2024-W30,0,0,0.0,,0,4,285,,,0,,18,0,0,1
wv,2024,30,2024-W30,0,0,0.0,,0,4,285,,,0,,18,0,0,1
wy,2024,30,2024-W30,0,0,0.0,,0,4,285,,,0,,18,0,0,1
ak,2024,31,2024-W31,0,0,0.0,,0,2,285,,,0,,17,0,0,1
al,2024,31,2024-W31,0,0,0.0,,0,2,285,,,0,,17,0,0,1
ar,2024,31,2024-W31,0,0,0.0,,0,2,285,,,0,,17,0,0,1
ca,2024,31,2024-W31,0,0,0.0,,0,2,285,,,0,,17,0,0,1
co,2024,31,2024-W31,0,0,0.0,,0,2,285,,,0,,17,0,0,1
ct,2024,31,2024-W31,0,0,0.0,,0,2,285,,,0,,17,0,0,1
dc,2024,31,2024-W31,0,0,0.0,,0,2,285,,,0,,17,0,0,1
de,2024,31,2024-W31,0,0,0.0,,0,2,285,,,0,,17,0,0,1
fl,2024,31,2024-W31,0,0,0.0,,0,2,285,,,0,,17,0,0,1
ga,2024,31,2024-W31,0,0,0.0,,0,2,285,,,0,,17,0,0,1
gu,2024,31,2024-W31,0,0,0.0,,0,2,285,,,0,,17,0,0,1
hi,2024,31,2024-W31,0,0,0.0,,0,2,285,,,0,,17,0,0,1
ia,2024,31,2024-W31,0,0,0.0,,0,2,285,,,0,,17,0,0,1
id,2024,31,2024-W31,0,0,0.0,,0,2,285,,,0,,17,0,0,1
il,2024,31,2024-W31,0,0,0.0,,0,2,285,,,0,,17,0,0,1
in,2024,31,2024-W31,0,0,0.0,,0,2,285,,,0,,17,0,0,1
ks,2024,31,2024-W31,0,0,0.0,,0,2,285,,,0,,17,0,0,1
ky,2024,31,2024-W31,0,0,0.0,,0,2,285,,,0,,17,0,0,1
la,2024,31,2024-W31,0,0,0.0,,0,2,285,,,0,,17,0,0,1
ma,2024,31,2024-W31,0,0,0.0,,0,2,285,,,0,,17,0,0,1
md,2024,31,2024-W31,0,0,0.0,,0,2,285,,,0,,17,0,0,1
me,2024,31,2024-W31,0,0,0.0,,0,2,285,,,0,,17,0,0,1
mi,2024,31,2024-W31,0,0,0.0,,0,2,285,,,0,,17,0,0,1
mn,2024,31,2024-W31,0,0,0.0,,0,2,285,,,0,,17,0,0,1
mo,2024,31,2024-W31,0,0,0.0,,0,2,285,,,0,,17,0,0,1
ms,2024,31,2024-W31,0,0,0.0,,0,2,285,,,0,,17,0,0,1
mt,2024,31,2024-W31,0,0,0.0,,0,2,285,,,0,,17,0,0,1
nc,2024,31,2024-W31,0,0,0.0,,0,2,285,,,0,,17,0,0,1
ne,2024,31,2024-W31,0,0,0.0,,0,2,285,,,0,,17,0,0,1
nh,2024,31,2024-W31,0,0,0.0,,0,2,285,,,0,,17,0,0,1
nj,2024,31,2024-W31,0,0,0.0,,0,2,285,,,0,,17,0,0,1
nm,2024,31,2024-W31,0,0,0.0,,0,2,285,,,0,,17,0,0,1
nv,2024,31,2024-W31,0,0,0.0,,0,2,285,,,0,,17,0,0,1
ny,2024,31,2024-W31,0,0,0.0,,0,2,285,,,0,,17,0,0,1
oh,2024,31,2024-W31,0,0,0.0,,0,2,285,,,0,,17,0,0,1
ok,2024,31,2024-W31,0,0,0.0,,0,2,285,,,0,,17,0,0,1
or,2024,31,2024-W31,0,0,0.0,,0,2,285,,,0,,17,0,0,1
pa,2024,31,2024-W31,0,0,0.0,,0,2,285,,,0,,17,0,0,1
ri,2024,31,2024-W31,0,0,0.0,,0,2,285,,,0,,17,0,0,1
sc,2024,31,2024-W31,0,0,0.0,,0,2,285,,,0,,17,0,0,1
sd,2024,31,2024-W31,0,0,0.0,,0,2,285,,,0,,17,0,0,1
tn,2024,31,2024-W31,0,0,0.0,,0,2,285,,,0,,17,0,0,1
tx,2024,31,2024-W31,0,0,0.0,,0,2,285,,,0,,17,0,0,1
ut,2024,31,2024-W31,0,0,0.0,,0,2,285,,,0,,17,0,0,1
va,2024,31,2024-W31,0,0,0.0,,0,2,285,,,0,,17,0,0,1
vt,2024,31,2024-W31,0,0,0.0,,0,2,285,,,0,,17,0,0,1
wa,2024,31,2024-W31,0,0,0.0,,0,2,285,,,0,,17,0,0,1
wi,2024,31,2024-W31,0,0,0.0,,0,2,285,,,0,,17,0,0,1
wv,2024,31,2024-W31,0,0,0.0,,0,2,285,,,0,,17,0,0,1
wy,2024,31,2024-W31,0,0,0.0,,0,2,285,,,0,,17,0,0,1
ak,2024,32,2024-W32,0,0,0.0,,0,4,285,,,0,,17,0,0,1
al,2024,32,2024-W32,0,0,0.0,,0,4,285,,,0,,17,0,0,1
ar,2024,32,2024-W32,0,0,0.0,,0,4,285,,,0,,17,0,0,1
ca,2024,32,2024-W32,0,0,0.0,,0,4,285,,,0,,17,0,0,1
co,2024,32,2024-W32,0,0,0.0,,0,4,285,,,0,,17,0,0,1
ct,2024,32,2024-W32,0,0,0.0,,0,4,285,,,0,,17,0,0,1
dc,2024,32,2024-W32,0,0,0.0,,0,4,285,,,0,,17,0,0,1
de,2024,32,2024-W32,0,0,0.0,,0,4,285,,,0,,17,0,0,1
fl,2024,32,2024-W32,0,0,0.0,,0,4,285,,,0,,17,0,0,1
ga,2024,32,2024-W32,0,0,0.0,,0,4,285,,,0,,17,0,0,1
gu,2024,32,2024-W32,0,0,0.0,,0,4,285,,,0,,17,0,0,1
hi,2024,32,2024-W32,0,0,0.0,,0,4,285,,,0,,17,0,0,1
ia,2024,32,2024-W32,0,0,0.0,,0,4,285,,,0,,17,0,0,1
id,2024,32,2024-W32,0,0,0.0,,0,4,285,,,0,,17,0,0,1
il,2024,32,2024-W32,0,0,0.0,,0,4,285,,,0,,17,0,0,1
in,2024,32,2024-W32,0,0,0.0,,0,4,285,,,0,,17,0,0,1
ks,2024,32,2024-W32,0,0,0.0,,0,4,285,,,0,,17,0,0,1
ky,2024,32,2024-W32,0,0,0.0,,0,4,285,,,0,,17,0,0,1
la,2024,32,2024-W32,0,0,0.0,,0,4,285,,,0,,17,0,0,1
ma,2024,32,2024-W32,0,0,0.0,,0,4,285,,,0,,17,0,0,1
md,2024,32,2024-W32,0,0,0.0,,0,4,285,,,0,,17,0,0,1
me,2024,32,2024-W32,0,0,0.0,,0,4,285,,,0,,17,0,0,1
mi,2024,32,2024-W32,0,0,0.0,,0,4,285,,,0,,17,0,0,1
mn,2024,32,2024-W32,0,0,0.0,,0,4,285,,,0,,17,0,0,1
mo,2024,32,2024-W32,0,0,0.0,,0,4,285,,,0,,17,0,0,1
ms,2024,32,2024-W32,0,0,0.0,,0,4,285,,,0,,17,0,0,1
mt,2024,32,2024-W32,0,0,0.0,,0,4,285,,,0,,17,0,0,1
nc,2024,32,2024-W32,0,0,0.0,,0,4,285,,,0,,17,0,0,1
ne,2024,32,2024-W32,0,0,0.0,,0,4,285,,,0,,17,0,0,1
nh,2024,32,2024-W32,0,0,0.0,,0,4,285,,,0,,17,0,0,1
nj,2024,32,2024-W32,0,0,0.0,,0,4,285,,,0,,17,0,0,1
nm,2024,32,2024-W32,0,0,0.0,,0,4,285,,,0,,17,0,0,1
nv,2024,32,2024-W32,0,0,0.0,,0,4,285,,,0,,17,0,0,1
ny,2024,32,2024-W32,0,0,0.0,,0,4,285,,,0,,17,0,0,1
oh,2024,32,2024-W32,0,0,0.0,,0,4,285,,,0,,17,0,0,1
ok,2024,32,2024-W32,0,0,0.0,,0,4,285,,,0,,17,0,0,1
or,2024,32,2024-W32,0,0,0.0,,0,4,285,,,0,,17,0,0,1
pa,2024,32,2024-W32,0,0,0.0,,0,4,285,,,0,,17,0,0,1
ri,2024,32,2024-W32,0,0,0.0,,0,4,285,,,0,,17,0,0,1
sc,2024,32,2024-W32,0,0,0.0,,0,4,285,,,0,,17,0,0,1
sd,2024,32,2024-W32,0,0,0.0,,0,4,285,,,0,,17,0,0,1
tn,2024,32,2024-W32,0,0,0.0,,0,4,285,,,0,,17,0,0,1
tx,2024,32,2024-W32,0,0,0.0,,0,4,285,,,0,,17,0,0,1
ut,2024,32,2024-W32,0,0,0.0,,0,4,285,,,0,,17,0,0,1
va,2024,32,2024-W32,0,0,0.0,,0,4,285,,,0,,17,0,0,1
vt,2024,32,2024-W32,0,0,0.0,,0,4,285,,,0,,17,0,0,1
wa,2024,32,2024-W32,0,0,0.0,,0,4,285,,,0,,17,0,0,1
wi,2024,32,2024-W32,0,0,0.0,,0,4,285,,,0,,17,0,0,1
wv,2024,32,2024-W32,0,0,0.0,,0,4,285,,,0,,17,0,0,1
wy,2024,32,2024-W32,0,0,0.0,,0,4,285,,,0,,17,0,0,1
ak,2024,33,2024-W33,0,0,0.0,,0,5,285,,,0,,24,0,0,1
al,2024,33,2024-W33,0,0,0.0,,0,5,285,,,0,,24,0,0,1
ar,2024,33,2024-W33,0,0,0.0,,0,5,285,,,0,,24,0,0,1
ca,2024,33,2024-W33,0,0,0.0,,0,5,285,,,0,,24,0,0,1
co,2024,33,2024-W33,0,0,0.0,,0,5,285,,,0,,24,0,0,1
ct,2024,33,2024-W33,0,0,0.0,,0,5,285,,,0,,24,0,0,1
dc,2024,33,2024-W33,0,0,0.0,,0,5,285,,,0,,24,0,0,1
de,2024,33,2024-W33,0,0,0.0,,0,5,285,,,0,,24,0,0,1
fl,2024,33,2024-W33,0,0,0.0,,0,5,285,,,0,,24,0,0,1
ga,2024,33,2024-W33,0,0,0.0,,0,5,285,,,0,,24,0,0,1
gu,2024,33,2024-W33,0,0,0.0,,0,5,285,,,0,,24,0,0,1
hi,2024,33,2024-W33,0,0,0.0,,0,5,285,,,0,,24,0,0,1
ia,2024,33,2024-W33,0,0,0.0,,0,5,285,,,0,,24,0,0,1
id,2024,33,2024-W33,0,0,0.0,,0,5,285,,,0,,24,0,0,1
il,2024,33,2024-W33,0,0,0.0,,0,5,285,,,0,,24,0,0,1
in,2024,33,2024-W33,0,0,0.0,,0,5,285,,,0,,24,0,0,1
ks,2024,33,2024-W33,0,0,0.0,,0,5,285,,,0,,24,0,0,1
ky,2024,33,2024-W33,0,0,0.0,,0,5,285,,,0,,24,0,0,1
la,2024,33,2024-W33,0,0,0.0,,0,5,285,,,0,,24,0,0,1
ma,2024,33,2024-W33,0,0,0.0,,0,5,285,,,0,,24,0,0,1
md,2024,33,2024-W33,0,0,0.0,,0,5,285,,,0,,24,0,0,1
me,2024,33,2024-W33,0,0,0.0,,0,5,285,,,0,,24,0,0,1
mi,2024,33,2024-W33,0,0,0.0,,0,5,285,,,0,,24,0,0,1
mn,2024,33,2024-W33,0,0,0.0,,0,5,285,,,0,,24,0,0,1
mo,2024,33,2024-W33,0,0,0.0,,0,5,285,,,0,,24,0,0,1
ms,2024,33,2024-W33,0,0,0.0,,0,5,285,,,0,,24,0,0,1
mt,2024,33,2024-W33,0,0,0.0,,0,5,285,,,0,,24,0,0,1
nc,2024,33,2024-W33,0,0,0.0,,0,5,285,,,0,,24,0,0,1
ne,2024,33,2024-W33,0,0,0.0,,0,5,285,,,0,,24,0,0,1
nh,2024,33,2024-W33,0,0,0.0,,0,5,285,,,0,,24,0,0,1
nj,2024,33,2024-W33,0,0,0.0,,0,5,285,,,0,,24,0,0,1
nm,2024,33,2024-W33,0,0,0.0,,0,5,285,,,0,,24,0,0,1
nv,2024,33,2024-W33,0,0,0.0,,0,5,285,,,0,,24,0,0,1
ny,2024,33,2024-W33,0,0,0.0,,0,5,285,,,0,,24,0,0,1
oh,2024,33,2024-W33,0,0,0.0,,0,5,285,,,0,,24,0,0,1
ok,2024,33,2024-W33,0,0,0.0,,0,5,285,,,0,,24,0,0,1
or,2024,33,2024-W33,0,0,0.0,,0,5,285,,,0,,24,0,0,1
pa,2024,33,2024-W33,0,0,0.0,,0,5,285,,,0,,24,0,0,1
ri,2024,33,2024-W33,0,0,0.0,,0,5,285,,,0,,24,0,0,1
sc,2024,33,2024-W33,0,0,0.0,,0,5,285,,,0,,24,0,0,1
sd,2024,33,2024-W33,0,0,0.0,,0,5,285,,,0,,24,0,0,1
tn,2024,33,2024-W33,0,0,0.0,,0,5,285,,,0,,24,0,0,1
tx,2024,33,2024-W33,0,0,0.0,,0,5,285,,,0,,24,0,0,1
ut,2024,33,2024-W33,0,0,0.0,,0,5,285,,,0,,24,0,0,1
va,2024,33,2024-W33,0,0,0.0,,0,5,285,,,0,,24,0,0,1
vt,2024,33,2024-W33,0,0,0.0,,0,5,285,,,0,,24,0,0,1
wa,2024,33,2024-W33,0,0,0.0,,0,5,285,,,0,,24,0,0,1
wi,2024,33,2024-W33,0,0,0.0,,0,5,285,,,0,,24,0,0,1
wv,2024,33,2024-W33,0,0,0.0,,0,5,285,,,0,,24,0,0,1
wy,2024,33,2024-W33,0,0,0.0,,0,5,285,,,0,,24,0,0,1
ak,2024,34,2024-W34,0,0,0.0,,0,5,285,,,0,,21,0,0,1
al,2024,34,2024-W34,0,0,0.0,,0,5,285,,,0,,21,0,0,1
ar,2024,34,2024-W34,0,0,0.0,,0,5,285,,,0,,21,0,0,1
ca,2024,34,2024-W34,0,0,0.0,,0,5,285,,,0,,21,0,0,1
co,2024,34,2024-W34,0,0,0.0,,0,5,285,,,0,,21,0,0,1
ct,2024,34,2024-W34,0,0,0.0,,0,5,285,,,0,,21,0,0,1
dc,2024,34,2024-W34,0,0,0.0,,0,5,285,,,0,,21,0,0,1
de,2024,34,2024-W34,0,0,0.0,,0,5,285,,,0,,21,0,0,1
fl,2024,34,2024-W34,0,0,0.0,,0,5,285,,,0,,21,0,0,1
ga,2024,34,2024-W34,0,0,0.0,,0,5,285,,,0,,21,0,0,1
gu,2024,34,2024-W34,0,0,0.0,,0,5,285,,,0,,21,0,0,1
hi,2024,34,2024-W34,0,0,0.0,,0,5,285,,,0,,21,0,0,1
ia,2024,34,2024-W34,0,0,0.0,,0,5,285,,,0,,21,0,0,1
id,2024,34,2024-W34,0,0,0.0,,0,5,285,,,0,,21,0,0,1
il,2024,34,2024-W34,0,0,0.0,,0,5,285,,,0,,21,0,0,1
in,2024,34,2024-W34,0,0,0.0,,0,5,285,,,0,,21,0,0,1
ks,2024,34,2024-W34,0,0,0.0,,0,5,285,,,0,,21,0,0,1
ky,2024,34,2024-W34,0,0,0.0,,0,5,285,,,0,,21,0,0,1
la,2024,34,2024-W34,0,0,0.0,,0,5,285,,,0,,21,0,0,1
ma,2024,34,2024-W34,0,0,0.0,,0,5,285,,,0,,21,0,0,1
md,2024,34,2024-W34,0,0,0.0,,0,5,285,,,0,,21,0,0,1
me,2024,34,2024-W34,0,0,0.0,,0,5,285,,,0,,21,0,0,1
mi,2024,34,2024-W34,0,0,0.0,,0,5,285,,,0,,21,0,0,1
mn,2024,34,2024-W34,0,0,0.0,,0,5,285,,,0,,21,0,0,1
mo,2024,34,2024-W34,0,0,0.0,,0,5,285,,,0,,21,0,0,1
ms,2024,34,2024-W34,0,0,0.0,,0,5,285,,,0,,21,0,0,1
mt,2024,34,2024-W34,0,0,0.0,,0,5,285,,,0,,21,0,0,1
nc,2024,34,2024-W34,0,0,0.0,,0,5,285,,,0,,21,0,0,1
ne,2024,34,2024-W34,0,0,0.0,,0,5,285,,,0,,21,0,0,1
nh,2024,34,2024-W34,0,0,0.0,,0,5,285,,,0,,21,0,0,1
nj,2024,34,2024-W34,0,0,0.0,,0,5,285,,,0,,21,0,0,1
nm,2024,34,2024-W34,0,0,0.0,,0,5,285,,,0,,21,0,0,1
nv,2024,34,2024-W34,0,0,0.0,,0,5,285,,,0,,21,0,0,1
ny,2024,34,2024-W34,0,0,0.0,,0,5,285,,,0,,21,0,0,1
oh,2024,34,2024-W34,0,0,0.0,,0,5,285,,,0,,21,0,0,1
ok,2024,34,2024-W34,0,0,0.0,,0,5,285,,,0,,21,0,0,1
or,2024,34,2024-W34,0,0,0.0,,0,5,285,,,0,,21,0,0,1
pa,2024,34,2024-W34,0,0,0.0,,0,5,285,,,0,,21,0,0,1
ri,2024,34,2024-W34,0,0,0.0,,0,5,285,,,0,,21,0,0,1
sc,2024,34,2024-W34,0,0,0.0,,0,5,285,,,0,,21,0,0,1
sd,2024,34,2024-W34,0,0,0.0,,0,5,285,,,0,,21,0,0,1
tn,2024,34,2024-W34,0,0,0.0,,0,5,285,,,0,,21,0,0,1
tx,2024,34,2024-W34,0,0,0.0,,0,5,285,,,0,,21,0,0,1
ut,2024,34,2024-W34,0,0,0.0,,0,5,285,,,0,,21,0,0,1
va,2024,34,2024-W34,0,0,0.0,,0,5,285,,,0,,21,0,0,1
vt,2024,34,2024-W34,0,0,0.0,,0,5,285,,,0,,21,0,0,1
wa,2024,34,2024-W34,0,0,0.0,,0,5,285,,,0,,21,0,0,1
wi,2024,34,2024-W34,0,0,0.0,,0,5,285,,,0,,21,0,0,1
wv,2024,34,2024-W34,0,0,0.0,,0,5,285,,,0,,21,0,0,1
wy,2024,34,2024-W34,0,0,0.0,,0,5,285,,,0,,21,0,0,1
ak,2024,35,2024-W35,0,0,0.0,,0,2,285,,,0,,16,0,0,1
al,2024,35,2024-W35,0,0,0.0,,0,2,285,,,0,,16,0,0,1
ar,2024,35,2024-W35,0,0,0.0,,0,2,285,,,0,,16,0,0,1
ca,2024,35,2024-W35,0,0,0.0,,0,2,285,,,0,,16,0,0,1
co,2024,35,2024-W35,0,0,0.0,,0,2,285,,,0,,16,0,0,1
ct,2024,35,2024-W35,0,0,0.0,,0,2,285,,,0,,16,0,0,1
dc,2024,35,2024-W35,0,0,0.0,,0,2,285,,,0,,16,0,0,1
de,2024,35,2024-W35,0,0,0.0,,0,2,285,,,0,,16,0,0,1
fl,2024,35,2024-W35,0,0,0.0,,0,2,285,,,0,,16,0,0,1
ga,2024,35,2024-W35,0,0,0.0,,0,2,285,,,0,,16,0,0,1
gu,2024,35,2024-W35,0,0,0.0,,0,2,285,,,0,,16,0,0,1
hi,2024,35,2024-W35,0,0,0.0,,0,2,285,,,0,,16,0,0,1
ia,2024,35,2024-W35,0,0,0.0,,0,2,285,,,0,,16,0,0,1
id,2024,35,2024-W35,0,0,0.0,,0,2,285,,,0,,16,0,0,1
il,2024,35,2024-W35,0,0,0.0,,0,2,285,,,0,,16,0,0,1
in,2024,35,2024-W35,0,0,0.0,,0,2,285,,,0,,16,0,0,1
ks,2024,35,2024-W35,0,0,0.0,,0,2,285,,,0,,16,0,0,1
ky,2024,35,2024-W35,0,0,0.0,,0,2,285,,,0,,16,0,0,1
la,2024,35,2024-W35,0,0,0.0,,0,2,285,,,0,,16,0,0,1
ma,2024,35,2024-W35,0,0,0.0,,0,2,285,,,0,,16,0,0,1
md,2024,35,2024-W35,0,0,0.0,,0,2,285,,,0,,16,0,0,1
me,2024,35,2024-W35,0,0,0.0,,0,2,285,,,0,,16,0,0,1
mi,2024,35,2024-W35,0,0,0.0,,0,2,285,,,0,,16,0,0,1
mn,2024,35,2024-W35,0,0,0.0,,0,2,285,,,0,,16,0,0,1
mo,2024,35,2024-W35,0,0,0.0,,0,2,285,,,0,,16,0,0,1
ms,2024,35,2024-W35,0,0,0.0,,0,2,285,,,0,,16,0,0,1
mt,2024,35,2024-W35,0,0,0.0,,0,2,285,,,0,,16,0,0,1
nc,2024,35,2024-W35,0,0,0.0,,0,2,285,,,0,,16,0,0,1
ne,2024,35,2024-W35,0,0,0.0,,0,2,285,,,0,,16,0,0,1
nh,2024,35,2024-W35,0,0,0.0,,0,2,285,,,0,,16,0,0,1
nj,2024,35,2024-W35,0,0,0.0,,0,2,285,,,0,,16,0,0,1
nm,2024,35,2024-W35,0,0,0.0,,0,2,285,,,0,,16,0,0,1
nv,2024,35,2024-W35,0,0,0.0,,0,2,285,,,0,,16,0,0,1
ny,2024,35,2024-W35,0,0,0.0,,0,2,285,,,0,,16,0,0,1
oh,2024,35,2024-W35,0,0,0.0,,0,2,285,,,0,,16,0,0,1
ok,2024,35,2024-W35,0,0,0.0,,0,2,285,,,0,,16,0,0,1
or,2024,35,2024-W35,0,0,0.0,,0,2,285,,,0,,16,0,0,1
pa,2024,35,2024-W35,0,0,0.0,,0,2,285,,,0,,16,0,0,1
ri,2024,35,2024-W35,0,0,0.0,,0,2,285,,,0,,16,0,0,1
sc,2024,35,2024-W35,0,0,0.0,,0,2,285,,,0,,16,0,0,1
sd,2024,35,2024-W35,0,0,0.0,,0,2,285,,,0,,16,0,0,1
tn,2024,35,2024-W35,0,0,0.0,,0,2,285,,,0,,16,0,0,1
tx,2024,35,2024-W35,0,0,0.0,,0,2,285,,,0,,16,0,0,1
ut,2024,35,2024-W35,0,0,0.0,,0,2,285,,,0,,16,0,0,1
va,2024,35,2024-W35,0,0,0.0,,0,2,285,,,0,,16,0,0,1
vt,2024,35,2024-W35,0,0,0.0,,0,2,285,,,0,,16,0,0,1
wa,2024,35,2024-W35,0,0,0.0,,0,2,285,,,0,,16,0,0,1
wi,2024,35,2024-W35,0,0,0.0,,0,2,285,,,0,,16,0,0,1
wv,2024,35,2024-W35,0,0,0.0,,0,2,285,,,0,,16,0,0,1
wy,2024,35,2024-W35,0,0,0.0,,0,2,285,,,0,,16,0,0,1
ak,2024,36,2024-W36,0,0,0.0,,0,6,285,,,0,,24,0,0,1
al,2024,36,2024-W36,0,0,0.0,,0,6,285,,,0,,24,0,0,1
ar,2024,36,2024-W36,0,0,0.0,,0,6,285,,,0,,24,0,0,1
ca,2024,36,2024-W36,0,0,0.0,,0,6,285,,,0,,24,0,0,1
co,2024,36,2024-W36,0,0,0.0,,0,6,285,,,0,,24,0,0,1
ct,2024,36,2024-W36,0,0,0.0,,0,6,285,,,0,,24,0,0,1
dc,2024,36,2024-W36,0,0,0.0,,0,6,285,,,0,,24,0,0,1
de,2024,36,2024-W36,0,0,0.0,,0,6,285,,,0,,24,0,0,1
fl,2024,36,2024-W36,0,0,0.0,,0,6,285,,,0,,24,0,0,1
ga,2024,36,2024-W36,0,0,0.0,,0,6,285,,,0,,24,0,0,1
gu,2024,36,2024-W36,0,0,0.0,,0,6,285,,,0,,24,0,0,1
hi,2024,36,2024-W36,0,0,0.0,,0,6,285,,,0,,24,0,0,1
ia,2024,36,2024-W36,0,0,0.0,,0,6,285,,,0,,24,0,0,1
id,2024,36,2024-W36,0,0,0.0,,0,6,285,,,0,,24,0,0,1
il,2024,36,2024-W36,0,0,0.0,,0,6,285,,,0,,24,0,0,1
in,2024,36,2024-W36,0,0,0.0,,0,6,285,,,0,,24,0,0,1
ks,2024,36,2024-W36,0,0,0.0,,0,6,285,,,0,,24,0,0,1
ky,2024,36,2024-W36,0,0,0.0,,0,6,285,,,0,,24,0,0,1
la,2024,36,2024-W36,0,0,0.0,,0,6,285,,,0,,24,0,0,1
ma,2024,36,2024-W36,0,0,0.0,,0,6,285,,,0,,24,0,0,1
md,2024,36,2024-W36,0,0,0.0,,0,6,285,,,0,,24,0,0,1
me,2024,36,2024-W36,0,0,0.0,,0,6,285,,,0,,24,0,0,1
mi,2024,36,2024-W36,0,0,0.0,,0,6,285,,,0,,24,0,0,1
mn,2024,36,2024-W36,0,0,0.0,,0,6,285,,,0,,24,0,0,1
mo,2024,36,2024-W36,0,0,0.0,,0,6,285,,,0,,24,0,0,1
ms,2024,36,2024-W36,0,0,0.0,,0,6,285,,,0,,24,0,0,1
mt,2024,36,2024-W36,0,0,0.0,,0,6,285,,,0,,24,0,0,1
nc,2024,36,2024-W36,0,0,0.0,,0,6,285,,,0,,24,0,0,1
ne,2024,36,2024-W36,0,0,0.0,,0,6,285,,,0,,24,0,0,1
nh,2024,36,2024-W36,0,0,0.0,,0,6,285,,,0,,24,0,0,1
nj,2024,36,2024-W36,0,0,0.0,,0,6,285,,,0,,24,0,0,1
nm,2024,36,2024-W36,0,0,0.0,,0,6,285,,,0,,24,0,0,1
nv,2024,36,2024-W36,0,0,0.0,,0,6,285,,,0,,24,0,0,1
ny,2024,36,2024-W36,0,0,0.0,,0,6,285,,,0,,24,0,0,1
oh,2024,36,2024-W36,0,0,0.0,,0,6,285,,,0,,24,0,0,1
ok,2024,36,2024-W36,0,0,0.0,,0,6,285,,,0,,24,0,0,1
or,2024,36,2024-W36,0,0,0.0,,0,6,285,,,0,,24,0,0,1
pa,2024,36,2024-W36,0,0,0.0,,0,6,285,,,0,,24,0,0,1
ri,2024,36,2024-W36,0,0,0.0,,0,6,285,,,0,,24,0,0,1
sc,2024,36,2024-W36,0,0,0.0,,0,6,285,,,0,,24,0,0,1
sd,2024,36,2024-W36,0,0,0.0,,0,6,285,,,0,,24,0,0,1
tn,2024,36,2024-W36,0,0,0.0,,0,6,285,,,0,,24,0,0,1
tx,2024,36,2024-W36,0,0,0.0,,0,6,285,,,0,,24,0,0,1
ut,2024,36,2024-W36,0,0,0.0,,0,6,285,,,0,,24,0,0,1
va,2024,36,2024-W36,0,0,0.0,,0,6,285,,,0,,24,0,0,1
vt,2024,36,2024-W36,0,0,0.0,,0,6,285,,,0,,24,0,0,1
wa,2024,36,2024-W36,0,0,0.0,,0,6,285,,,0,,24,0,0,1
wi,2024,36,2024-W36,0,0,0.0,,0,6,285,,,0,,24,0,0,1
wv,2024,36,2024-W36,0,0,0.0,,0,6,285,,,0,,24,0,0,1
wy,2024,36,2024-W36,0,0,0.0,,0,6,285,,,0,,24,0,0,1
ak,2024,37,2024-W37,0,0,0.0,,0,3,285,,,0,,21,0,0,1
al,2024,37,2024-W37,0,0,0.0,,0,3,285,,,0,,21,0,0,1
ar,2024,37,2024-W37,0,0,0.0,,0,3,285,,,0,,21,0,0,1
ca,2024,37,2024-W37,0,0,0.0,,0,3,285,,,0,,21,0,0,1
co,2024,37,2024-W37,0,0,0.0,,0,3,285,,,0,,21,0,0,1
ct,2024,37,2024-W37,0,0,0.0,,0,3,285,,,0,,21,0,0,1
dc,2024,37,2024-W37,0,0,0.0,,0,3,285,,,0,,21,0,0,1
de,2024,37,2024-W37,0,0,0.0,,0,3,285,,,0,,21,0,0,1
fl,2024,37,2024-W37,0,0,0.0,,0,3,285,,,0,,21,0,0,1
ga,2024,37,2024-W37,0,0,0.0,,0,3,285,,,0,,21,0,0,1
gu,2024,37,2024-W37,0,0,0.0,,0,3,285,,,0,,21,0,0,1
hi,2024,37,2024-W37,0,0,0.0,,0,3,285,,,0,,21,0,0,1
ia,2024,37,2024-W37,0,0,0.0,,0,3,285,,,0,,21,0,0,1
id,2024,37,2024-W37,0,0,0.0,,0,3,285,,,0,,21,0,0,1
il,2024,37,2024-W37,0,0,0.0,,0,3,285,,,0,,21,0,0,1
in,2024,37,2024-W37,0,0,0.0,,0,3,285,,,0,,21,0,0,1
ks,2024,37,2024-W37,0,0,0.0,,0,3,285,,,0,,21,0,0,1
ky,2024,37,2024-W37,0,0,0.0,,0,3,285,,,0,,21,0,0,1
la,2024,37,2024-W37,0,0,0.0,,0,3,285,,,0,,21,0,0,1
ma,2024,37,2024-W37,0,0,0.0,,0,3,285,,,0,,21,0,0,1
md,2024,37,2024-W37,0,0,0.0,,0,3,285,,,0,,21,0,0,1
me,2024,37,2024-W37,0,0,0.0,,0,3,285,,,0,,21,0,0,1
mi,2024,37,2024-W37,0,0,0.0,,0,3,285,,,0,,21,0,0,1
mn,2024,37,2024-W37,0,0,0.0,,0,3,285,,,0,,21,0,0,1
mo,2024,37,2024-W37,0,0,0.0,,0,3,285,,,0,,21,0,0,1
ms,2024,37,2024-W37,0,0,0.0,,0,3,285,,,0,,21,0,0,1
mt,2024,37,2024-W37,0,0,0.0,,0,3,285,,,0,,21,0,0,1
nc,2024,37,2024-W37,0,0,0.0,,0,3,285,,,0,,21,0,0,1
ne,2024,37,2024-W37,0,0,0.0,,0,3,285,,,0,,21,0,0,1
nh,2024,37,2024-W37,0,0,0.0,,0,3,285,,,0,,21,0,0,1
nj,2024,37,2024-W37,0,0,0.0,,0,3,285,,,0,,21,0,0,1
nm,2024,37,2024-W37,0,0,0.0,,0,3,285,,,0,,21,0,0,1
nv,2024,37,2024-W37,0,0,0.0,,0,3,285,,,0,,21,0,0,1
ny,2024,37,2024-W37,0,0,0.0,,0,3,285,,,0,,21,0,0,1
oh,2024,37,2024-W37,0,0,0.0,,0,3,285,,,0,,21,0,0,1
ok,2024,37,2024-W37,0,0,0.0,,0,3,285,,,0,,21,0,0,1
or,2024,37,2024-W37,0,0,0.0,,0,3,285,,,0,,21,0,0,1
pa,2024,37,2024-W37,0,0,0.0,,0,3,285,,,0,,21,0,0,1
ri,2024,37,2024-W37,0,0,0.0,,0,3,285,,,0,,21,0,0,1
sc,2024,37,2024-W37,0,0,0.0,,0,3,285,,,0,,21,0,0,1
sd,2024,37,2024-W37,0,0,0.0,,0,3,285,,,0,,21,0,0,1
tn,2024,37,2024-W37,0,0,0.0,,0,3,285,,,0,,21,0,0,1
tx,2024,37,2024-W37,0,0,0.0,,0,3,285,,,0,,21,0,0,1
ut,2024,37,2024-W37,0,0,0.0,,0,3,285,,,0,,21,0,0,1
va,2024,37,2024-W37,0,0,0.0,,0,3,285,,,0,,21,0,0,1
vt,2024,37,2024-W37,0,0,0.0,,0,3,285,,,0,,21,0,0,1
wa,2024,37,2024-W37,0,0,0.0,,0,3,285,,,0,,21,0,0,1
wi,2024,37,2024-W37,0,0,0.0,,0,3,285,,,0,,21,0,0,1
wv,2024,37,2024-W37,0,0,0.0,,0,3,285,,,0,,21,0,0,1
wy,2024,37,2024-W37,0,0,0.0,,0,3,285,,,0,,21,0,0,1
ak,2024,38,2024-W38,0,0,0.0,,0,6,285,,,0,,24,0,0,1
al,2024,38,2024-W38,0,0,0.0,,0,6,285,,,0,,24,0,0,1
ar,2024,38,2024-W38,0,0,0.0,,0,6,285,,,0,,24,0,0,1
ca,2024,38,2024-W38,0,0,0.0,,0,6,285,,,0,,24,0,0,1
co,2024,38,2024-W38,0,0,0.0,,0,6,285,,,0,,24,0,0,1
ct,2024,38,2024-W38,0,0,0.0,,0,6,285,,,0,,24,0,0,1
dc,2024,38,2024-W38,0,0,0.0,,0,6,285,,,0,,24,0,0,1
de,2024,38,2024-W38,0,0,0.0,,0,6,285,,,0,,24,0,0,1
fl,2024,38,2024-W38,0,0,0.0,,0,6,285,,,0,,24,0,0,1
ga,2024,38,2024-W38,0,0,0.0,,0,6,285,,,0,,24,0,0,1
gu,2024,38,2024-W38,0,0,0.0,,0,6,285,,,0,,24,0,0,1
hi,2024,38,2024-W38,0,0,0.0,,0,6,285,,,0,,24,0,0,1
ia,2024,38,2024-W38,0,0,0.0,,0,6,285,,,0,,24,0,0,1
id,2024,38,2024-W38,0,0,0.0,,0,6,285,,,0,,24,0,0,1
il,2024,38,2024-W38,0,0,0.0,,0,6,285,,,0,,24,0,0,1
in,2024,38,2024-W38,0,0,0.0,,0,6,285,,,0,,24,0,0,1
ks,2024,38,2024-W38,0,0,0.0,,0,6,285,,,0,,24,0,0,1
ky,2024,38,2024-W38,0,0,0.0,,0,6,285,,,0,,24,0,0,1
la,2024,38,2024-W38,0,0,0.0,,0,6,285,,,0,,24,0,0,1
ma,2024,38,2024-W38,0,0,0.0,,0,6,285,,,0,,24,0,0,1
md,2024,38,2024-W38,0,0,0.0,,0,6,285,,,0,,24,0,0,1
me,2024,38,2024-W38,0,0,0.0,,0,6,285,,,0,,24,0,0,1
mi,2024,38,2024-W38,0,0,0.0,,0,6,285,,,0,,24,0,0,1
mn,2024,38,2024-W38,0,0,0.0,,0,6,285,,,0,,24,0,0,1
mo,2024,38,2024-W38,0,0,0.0,,0,6,285,,,0,,24,0,0,1
ms,2024,38,2024-W38,0,0,0.0,,0,6,285,,,0,,24,0,0,1
mt,2024,38,2024-W38,0,0,0.0,,0,6,285,,,0,,24,0,0,1
nc,2024,38,2024-W38,0,0,0.0,,0,6,285,,,0,,24,0,0,1
ne,2024,38,2024-W38,0,0,0.0,,0,6,285,,,0,,24,0,0,1
nh,2024,38,2024-W38,0,0,0.0,,0,6,285,,,0,,24,0,0,1
nj,2024,38,2024-W38,0,0,0.0,,0,6,285,,,0,,24,0,0,1
nm,2024,38,2024-W38,0,0,0.0,,0,6,285,,,0,,24,0,0,1
nv,2024,38,2024-W38,0,0,0.0,,0,6,285,,,0,,24,0,0,1
ny,2024,38,2024-W38,0,0,0.0,,0,6,285,,,0,,24,0,0,1
oh,2024,38,2024-W38,0,0,0.0,,0,6,285,,,0,,24,0,0,1
ok,2024,38,2024-W38,0,0,0.0,,0,6,285,,,0,,24,0,0,1
or,2024,38,2024-W38,0,0,0.0,,0,6,285,,,0,,24,0,0,1
pa,2024,38,2024-W38,0,0,0.0,,0,6,285,,,0,,24,0,0,1
ri,2024,38,2024-W38,0,0,0.0,,0,6,285,,,0,,24,0,0,1
sc,2024,38,2024-W38,0,0,0.0,,0,6,285,,,0,,24,0,0,1
sd,2024,38,2024-W38,0,0,0.0,,0,6,285,,,0,,24,0,0,1
tn,2024,38,2024-W38,0,0,0.0,,0,6,285,,,0,,24,0,0,1
tx,2024,38,2024-W38,0,0,0.0,,0,6,285,,,0,,24,0,0,1
ut,2024,38,2024-W38,0,0,0.0,,0,6,285,,,0,,24,0,0,1
va,2024,38,2024-W38,0,0,0.0,,0,6,285,,,0,,24,0,0,1
vt,2024,38,2024-W38,0,0,0.0,,0,6,285,,,0,,24,0,0,1
wa,2024,38,2024-W38,0,0,0.0,,0,6,285,,,0,,24,0,0,1
wi,2024,38,2024-W38,0,0,0.0,,0,6,285,,,0,,24,0,0,1
wv,2024,38,2024-W38,0,0,0.0,,0,6,285,,,0,,24,0,0,1
wy,2024,38,2024-W38,0,0,0.0,,0,6,285,,,0,,24,0,0,1
ak,2024,39,2024-W39,0,0,0.0,,0,3,285,,,0,,23,0,0,1
al,2024,39,2024-W39,0,0,0.0,,0,3,285,,,0,,23,0,0,1
ar,2024,39,2024-W39,0,0,0.0,,0,3,285,,,0,,23,0,0,1
ca,2024,39,2024-W39,0,0,0.0,,0,3,285,,,0,,23,0,0,1
co,2024,39,2024-W39,0,0,0.0,,0,3,285,,,0,,23,0,0,1
ct,2024,39,2024-W39,0,0,0.0,,0,3,285,,,0,,23,0,0,1
dc,2024,39,2024-W39,0,0,0.0,,0,3,285,,,0,,23,0,0,1
de,2024,39,2024-W39,0,0,0.0,,0,3,285,,,0,,23,0,0,1
fl,2024,39,2024-W39,0,0,0.0,,0,3,285,,,0,,23,0,0,1
ga,2024,39,2024-W39,0,0,0.0,,0,3,285,,,0,,23,0,0,1
gu,2024,39,2024-W39,0,0,0.0,,0,3,285,,,0,,23,0,0,1
hi,2024,39,2024-W39,0,0,0.0,,0,3,285,,,0,,23,0,0,1
ia,2024,39,2024-W39,0,0,0.0,,0,3,285,,,0,,23,0,0,1
id,2024,39,2024-W39,0,0,0.0,,0,3,285,,,0,,23,0,0,1
il,2024,39,2024-W39,0,0,0.0,,0,3,285,,,0,,23,0,0,1
in,2024,39,2024-W39,0,0,0.0,,0,3,285,,,0,,23,0,0,1
ks,2024,39,2024-W39,0,0,0.0,,0,3,285,,,0,,23,0,0,1
ky,2024,39,2024-W39,0,0,0.0,,0,3,285,,,0,,23,0,0,1
la,2024,39,2024-W39,0,0,0.0,,0,3,285,,,0,,23,0,0,1
ma,2024,39,2024-W39,0,0,0.0,,0,3,285,,,0,,23,0,0,1
md,2024,39,2024-W39,0,0,0.0,,0,3,285,,,0,,23,0,0,1
me,2024,39,2024-W39,0,0,0.0,,0,3,285,,,0,,23,0,0,1
mi,2024,39,2024-W39,0,0,0.0,,0,3,285,,,0,,23,0,0,1
mn,2024,39,2024-W39,0,0,0.0,,0,3,285,,,0,,23,0,0,1
mo,2024,39,2024-W39,0,0,0.0,,0,3,285,,,0,,23,0,0,1
ms,2024,39,2024-W39,0,0,0.0,,0,3,285,,,0,,23,0,0,1
mt,2024,39,2024-W39,0,0,0.0,,0,3,285,,,0,,23,0,0,1
nc,2024,39,2024-W39,0,0,0.0,,0,3,285,,,0,,23,0,0,1
ne,2024,39,2024-W39,0,0,0.0,,0,3,285,,,0,,23,0,0,1
nh,2024,39,2024-W39,0,0,0.0,,0,3,285,,,0,,23,0,0,1
nj,2024,39,2024-W39,0,0,0.0,,0,3,285,,,0,,23,0,0,1
nm,2024,39,2024-W39,0,0,0.0,,0,3,285,,,0,,23,0,0,1
nv,2024,39,2024-W39,0,0,0.0,,0,3,285,,,0,,23,0,0,1
ny,2024,39,2024-W39,0,0,0.0,,0,3,285,,,0,,23,0,0,1
oh,2024,39,2024-W39,0,0,0.0,,0,3,285,,,0,,23,0,0,1
ok,2024,39,2024-W39,0,0,0.0,,0,3,285,,,0,,23,0,0,1
or,2024,39,2024-W39,0,0,0.0,,0,3,285,,,0,,23,0,0,1
pa,2024,39,2024-W39,0,0,0.0,,0,3,285,,,0,,23,0,0,1
ri,2024,39,2024-W39,0,0,0.0,,0,3,285,,,0,,23,0,0,1
sc,2024,39,2024-W39,0,0,0.0,,0,3,285,,,0,,23,0,0,1
sd,2024,39,2024-W39,0,0,0.0,,0,3,285,,,0,,23,0,0,1
tn,2024,39,2024-W39,0,0,0.0,,0,3,285,,,0,,23,0,0,1
tx,2024,39,2024-W39,0,0,0.0,,0,3,285,,,0,,23,0,0,1
ut,2024,39,2024-W39,0,0,0.0,,0,3,285,,,0,,23,0,0,1
va,2024,39,2024-W39,0,0,0.0,,0,3,285,,,0,,23,0,0,1
vt,2024,39,2024-W39,0,0,0.0,,0,3,285,,,0,,23,0,0,1
wa,2024,39,2024-W39,0,0,0.0,,0,3,285,,,0,,23,0,0,1
wi,2024,39,2024-W39,0,0,0.0,,0,3,285,,,0,,23,0,0,1
wv,2024,39,2024-W39,0,0,0.0,,0,3,285,,,0,,23,0,0,1
wy,2024,39,2024-W39,0,0,0.0,,0,3,285,,,0,,23,0,0,1
ak,2024,40,2024-W40,0,0,0.0,,0,3,285,,,0,,15,0,0,1
al,2024,40,2024-W40,0,0,0.0,,0,3,285,,,0,,15,0,0,1
ar,2024,40,2024-W40,0,0,0.0,,0,3,285,,,0,,15,0,0,1
ca,2024,40,2024-W40,0,0,0.0,,0,3,285,,,0,,15,0,0,1
co,2024,40,2024-W40,0,0,0.0,,0,3,285,,,0,,15,0,0,1
ct,2024,40,2024-W40,0,0,0.0,,0,3,285,,,0,,15,0,0,1
dc,2024,40,2024-W40,0,0,0.0,,0,3,285,,,0,,15,0,0,1
de,2024,40,2024-W40,0,0,0.0,,0,3,285,,,0,,15,0,0,1
fl,2024,40,2024-W40,0,0,0.0,,0,3,285,,,0,,15,0,0,1
ga,2024,40,2024-W40,0,0,0.0,,0,3,285,,,0,,15,0,0,1
gu,2024,40,2024-W40,0,0,0.0,,0,3,285,,,0,,15,0,0,1
hi,2024,40,2024-W40,0,0,0.0,,0,3,285,,,0,,15,0,0,1
ia,2024,40,2024-W40,0,0,0.0,,0,3,285,,,0,,15,0,0,1
id,2024,40,2024-W40,0,0,0.0,,0,3,285,,,0,,15,0,0,1
il,2024,40,2024-W40,0,0,0.0,,0,3,285,,,0,,15,0,0,1
in,2024,40,2024-W40,0,0,0.0,,0,3,285,,,0,,15,0,0,1
ks,2024,40,2024-W40,0,0,0.0,,0,3,285,,,0,,15,0,0,1
ky,2024,40,2024-W40,0,0,0.0,,0,3,285,,,0,,15,0,0,1
la,2024,40,2024-W40,0,0,0.0,,0,3,285,,,0,,15,0,0,1
ma,2024,40,2024-W40,0,0,0.0,,0,3,285,,,0,,15,0,0,1
md,2024,40,2024-W40,0,0,0.0,,0,3,285,,,0,,15,0,0,1
me,2024,40,2024-W40,0,0,0.0,,0,3,285,,,0,,15,0,0,1
mi,2024,40,2024-W40,0,0,0.0,,0,3,285,,,0,,15,0,0,1
mn,2024,40,2024-W40,0,0,0.0,,0,3,285,,,0,,15,0,0,1
mo,2024,40,2024-W40,0,0,0.0,,0,3,285,,,0,,15,0,0,1
ms,2024,40,2024-W40,0,0,0.0,,0,3,285,,,0,,15,0,0,1
mt,2024,40,2024-W40,0,0,0.0,,0,3,285,,,0,,15,0,0,1
nc,2024,40,2024-W40,0,0,0.0,,0,3,285,,,0,,15,0,0,1
ne,2024,40,2024-W40,0,0,0.0,,0,3,285,,,0,,15,0,0,1
nh,2024,40,2024-W40,0,0,0.0,,0,3,285,,,0,,15,0,0,1
nj,2024,40,2024-W40,0,0,0.0,,0,3,285,,,0,,15,0,0,1
nm,2024,40,2024-W40,0,0,0.0,,0,3,285,,,0,,15,0,0,1
nv,2024,40,2024-W40,0,0,0.0,,0,3,285,,,0,,15,0,0,1
ny,2024,40,2024-W40,0,0,0.0,,0,3,285,,,0,,15,0,0,1
oh,2024,40,2024-W40,0,0,0.0,,0,3,285,,,0,,15,0,0,1
ok,2024,40,2024-W40,0,0,0.0,,0,3,285,,,0,,15,0,0,1
or,2024,40,2024-W40,0,0,0.0,,0,3,285,,,0,,15,0,0,1
pa,2024,40,2024-W40,0,0,0.0,,0,3,285,,,0,,15,0,0,1
ri,2024,40,2024-W40,0,0,0.0,,0,3,285,,,0,,15,0,0,1
sc,2024,40,2024-W40,0,0,0.0,,0,3,285,,,0,,15,0,0,1
sd,2024,40,2024-W40,0,0,0.0,,0,3,285,,,0,,15,0,0,1
tn,2024,40,2024-W40,0,0,0.0,,0,3,285,,,0,,15,0,0,1
tx,2024,40,2024-W40,0,0,0.0,,0,3,285,,,0,,15,0,0,1
ut,2024,40,2024-W40,0,0,0.0,,0,3,285,,,0,,15,0,0,1
va,2024,40,2024-W40,0,0,0.0,,0,3,285,,,0,,15,0,0,1
vt,2024,40,2024-W40,0,0,0.0,,0,3,285,,,0,,15,0,0,1
wa,2024,40,2024-W40,0,0,0.0,,0,3,285,,,0,,15,0,0,1
wi,2024,40,2024-W40,0,0,0.0,,0,3,285,,,0,,15,0,0,1
wv,2024,40,2024-W40,0,0,0.0,,0,3,285,,,0,,15,0,0,1
wy,2024,40,2024-W40,0,0,0.0,,0,3,285,,,0,,15,0,0,1
ak,2024,41,2024-W41,0,0,0.0,,0,2,285,,,0,,17,0,0,1
al,2024,41,2024-W41,0,0,0.0,,0,2,285,,,0,,17,0,0,1
ar,2024,41,2024-W41,0,0,0.0,,0,2,285,,,0,,17,0,0,1
ca,2024,41,2024-W41,0,0,0.0,,0,2,285,,,0,,17,0,0,1
co,2024,41,2024-W41,0,0,0.0,,0,2,285,,,0,,17,0,0,1
ct,2024,41,2024-W41,0,0,0.0,,0,2,285,,,0,,17,0,0,1
dc,2024,41,2024-W41,0,0,0.0,,0,2,285,,,0,,17,0,0,1
de,2024,41,2024-W41,0,0,0.0,,0,2,285,,,0,,17,0,0,1
fl,2024,41,2024-W41,0,0,0.0,,0,2,285,,,0,,17,0,0,1
ga,2024,41,2024-W41,0,0,0.0,,0,2,285,,,0,,17,0,0,1
gu,2024,41,2024-W41,0,0,0.0,,0,2,285,,,0,,17,0,0,1
hi,2024,41,2024-W41,0,0,0.0,,0,2,285,,,0,,17,0,0,1
ia,2024,41,2024-W41,0,0,0.0,,0,2,285,,,0,,17,0,0,1
id,2024,41,2024-W41,0,0,0.0,,0,2,285,,,0,,17,0,0,1
il,2024,41,2024-W41,0,0,0.0,,0,2,285,,,0,,17,0,0,1
in,2024,41,2024-W41,0,0,0.0,,0,2,285,,,0,,17,0,0,1
ks,2024,41,2024-W41,0,0,0.0,,0,2,285,,,0,,17,0,0,1
ky,2024,41,2024-W41,0,0,0.0,,0,2,285,,,0,,17,0,0,1
la,2024,41,2024-W41,0,0,0.0,,0,2,285,,,0,,17,0,0,1
ma,2024,41,2024-W41,0,0,0.0,,0,2,285,,,0,,17,0,0,1
md,2024,41,2024-W41,0,0,0.0,,0,2,285,,,0,,17,0,0,1
me,2024,41,2024-W41,0,0,0.0,,0,2,285,,,0,,17,0,0,1
mi,2024,41,2024-W41,0,0,0.0,,0,2,285,,,0,,17,0,0,1
mn,2024,41,2024-W41,0,0,0.0,,0,2,285,,,0,,17,0,0,1
mo,2024,41,2024-W41,0,0,0.0,,0,2,285,,,0,,17,0,0,1
ms,2024,41,2024-W41,0,0,0.0,,0,2,285,,,0,,17,0,0,1
mt,2024,41,2024-W41,0,0,0.0,,0,2,285,,,0,,17,0,0,1
nc,2024,41,2024-W41,0,0,0.0,,0,2,285,,,0,,17,0,0,1
ne,2024,41,2024-W41,0,0,0.0,,0,2,285,,,0,,17,0,0,1
nh,2024,41,2024-W41,0,0,0.0,,0,2,285,,,0,,17,0,0,1
nj,2024,41,2024-W41,0,0,0.0,,0,2,285,,,0,,17,0,0,1
nm,2024,41,2024-W41,0,0,0.0,,0,2,285,,,0,,17,0,0,1
nv,2024,41,2024-W41,0,0,0.0,,0,2,285,,,0,,17,0,0,1
ny,2024,41,2024-W41,0,0,0.0,,0,2,285,,,0,,17,0,0,1
oh,2024,41,2024-W41,0,0,0.0,,0,2,285,,,0,,17,0,0,1
ok,2024,41,2024-W41,0,0,0.0,,0,2,285,,,0,,17,0,0,1
or,2024,41,2024-W41,0,0,0.0,,0,2,285,,,0,,17,0,0,1
pa,2024,41,2024-W41,0,0,0.0,,0,2,285,,,0,,17,0,0,1
ri,2024,41,2024-W41,0,0,0.0,,0,2,285,,,0,,17,0,0,1
sc,2024,41,2024-W41,0,0,0.0,,0,2,285,,,0,,17,0,0,1
sd,2024,41,2024-W41,0,0,0.0,,0,2,285,,,0,,17,0,0,1
tn,2024,41,2024-W41,0,0,0.0,,0,2,285,,,0,,17,0,0,1
tx,2024,41,2024-W41,0,0,0.0,,0,2,285,,,0,,17,0,0,1
ut,2024,41,2024-W41,0,0,0.0,,0,2,285,,,0,,17,0,0,1
va,2024,41,2024-W41,0,0,0.0,,0,2,285,,,0,,17,0,0,1
vt,2024,41,2024-W41,0,0,0.0,,0,2,285,,,0,,17,0,0,1
wa,2024,41,2024-W41,0,0,0.0,,0,2,285,,,0,,17,0,0,1
wi,2024,41,2024-W41,0,0,0.0,,0,2,285,,,0,,17,0,0,1
wv,2024,41,2024-W41,0,0,0.0,,0,2,285,,,0,,17,0,0,1
wy,2024,41,2024-W41,0,0,0.0,,0,2,285,,,0,,17,0,0,1
ak,2024,42,2024-W42,0,0,0.0,,0,7,285,,,0,,23,0,0,1
al,2024,42,2024-W42,0,0,0.0,,0,7,285,,,0,,23,0,0,1
ar,2024,42,2024-W42,0,0,0.0,,0,7,285,,,0,,23,0,0,1
ca,2024,42,2024-W42,0,0,0.0,,0,7,285,,,0,,23,0,0,1
co,2024,42,2024-W42,0,0,0.0,,0,7,285,,,0,,23,0,0,1
ct,2024,42,2024-W42,0,0,0.0,,0,7,285,,,0,,23,0,0,1
dc,2024,42,2024-W42,0,0,0.0,,0,7,285,,,0,,23,0,0,1
de,2024,42,2024-W42,0,0,0.0,,0,7,285,,,0,,23,0,0,1
fl,2024,42,2024-W42,0,0,0.0,,0,7,285,,,0,,23,0,0,1
ga,2024,42,2024-W42,0,0,0.0,,0,7,285,,,0,,23,0,0,1
gu,2024,42,2024-W42,0,0,0.0,,0,7,285,,,0,,23,0,0,1
hi,2024,42,2024-W42,0,0,0.0,,0,7,285,,,0,,23,0,0,1
ia,2024,42,2024-W42,0,0,0.0,,0,7,285,,,0,,23,0,0,1
id,2024,42,2024-W42,0,0,0.0,,0,7,285,,,0,,23,0,0,1
il,2024,42,2024-W42,0,0,0.0,,0,7,285,,,0,,23,0,0,1
in,2024,42,2024-W42,0,0,0.0,,0,7,285,,,0,,23,0,0,1
ks,2024,42,2024-W42,0,0,0.0,,0,7,285,,,0,,23,0,0,1
ky,2024,42,2024-W42,0,0,0.0,,0,7,285,,,0,,23,0,0,1
la,2024,42,2024-W42,0,0,0.0,,0,7,285,,,0,,23,0,0,1
ma,2024,42,2024-W42,0,0,0.0,,0,7,285,,,0,,23,0,0,1
md,2024,42,2024-W42,0,0,0.0,,0,7,285,,,0,,23,0,0,1
me,2024,42,2024-W42,0,0,0.0,,0,7,285,,,0,,23,0,0,1
mi,2024,42,2024-W42,0,0,0.0,,0,7,285,,,0,,23,0,0,1
mn,2024,42,2024-W42,0,0,0.0,,0,7,285,,,0,,23,0,0,1
mo,2024,42,2024-W42,0,0,0.0,,0,7,285,,,0,,23,0,0,1
ms,2024,42,2024-W42,0,0,0.0,,0,7,285,,,0,,23,0,0,1
mt,2024,42,2024-W42,0,0,0.0,,0,7,285,,,0,,23,0,0,1
nc,2024,42,2024-W42,0,0,0.0,,0,7,285,,,0,,23,0,0,1
ne,2024,42,2024-W42,0,0,0.0,,0,7,285,,,0,,23,0,0,1
nh,2024,42,2024-W42,0,0,0.0,,0,7,285,,,0,,23,0,0,1
nj,2024,42,2024-W42,0,0,0.0,,0,7,285,,,0,,23,0,0,1
nm,2024,42,2024-W42,0,0,0.0,,0,7,285,,,0,,23,0,0,1
nv,2024,42,2024-W42,0,0,0.0,,0,7,285,,,0,,23,0,0,1
ny,2024,42,2024-W42,0,0,0.0,,0,7,285,,,0,,23,0,0,1
oh,2024,42,2024-W42,0,0,0.0,,0,7,285,,,0,,23,0,0,1
ok,2024,42,2024-W42,0,0,0.0,,0,7,285,,,0,,23,0,0,1
or,2024,42,2024-W42,0,0,0.0,,0,7,285,,,0,,23,0,0,1
pa,2024,42,2024-W42,0,0,0.0,,0,7,285,,,0,,23,0,0,1
ri,2024,42,2024-W42,0,0,0.0,,0,7,285,,,0,,23,0,0,1
sc,2024,42,2024-W42,0,0,0.0,,0,7,285,,,0,,23,0,0,1
sd,2024,42,2024-W42,0,0,0.0,,0,7,285,,,0,,23,0,0,1
tn,2024,42,2024-W42,0,0,0.0,,0,7,285,,,0,,23,0,0,1
tx,2024,42,2024-W42,0,0,0.0,,0,7,285,,,0,,23,0,0,1
ut,2024,42,2024-W42,0,0,0.0,,0,7,285,,,0,,23,0,0,1
va,2024,42,2024-W42,0,0,0.0,,0,7,285,,,0,,23,0,0,1
vt,2024,42,2024-W42,0,0,0.0,,0,7,285,,,0,,23,0,0,1
wa,2024,42,2024-W42,0,0,0.0,,0,7,285,,,0,,23,0,0,1
wi,2024,42,2024-W42,0,0,0.0,,0,7,285,,,0,,23,0,0,1
wv,2024,42,2024-W42,0,0,0.0,,0,7,285,,,0,,23,0,0,1
wy,2024,42,2024-W42,0,0,0.0,,0,7,285,,,0,,23,0,0,1
ak,2024,43,2024-W43,0,0,0.0,,0,3,285,,,0,,23,0,0,1
al,2024,43,2024-W43,0,0,0.0,,0,3,285,,,0,,23,0,0,1
ar,2024,43,2024-W43,0,0,0.0,,0,3,285,,,0,,23,0,0,1
ca,2024,43,2024-W43,0,0,0.0,,0,3,285,,,0,,23,0,0,1
co,2024,43,2024-W43,0,0,0.0,,0,3,285,,,0,,23,0,0,1
ct,2024,43,2024-W43,0,0,0.0,,0,3,285,,,0,,23,0,0,1
dc,2024,43,2024-W43,0,0,0.0,,0,3,285,,,0,,23,0,0,1
de,2024,43,2024-W43,0,0,0.0,,0,3,285,,,0,,23,0,0,1
fl,2024,43,2024-W43,0,0,0.0,,0,3,285,,,0,,23,0,0,1
ga,2024,43,2024-W43,0,0,0.0,,0,3,285,,,0,,23,0,0,1
gu,2024,43,2024-W43,0,0,0.0,,0,3,285,,,0,,23,0,0,1
hi,2024,43,2024-W43,0,0,0.0,,0,3,285,,,0,,23,0,0,1
ia,2024,43,2024-W43,0,0,0.0,,0,3,285,,,0,,23,0,0,1
id,2024,43,2024-W43,0,0,0.0,,0,3,285,,,0,,23,0,0,1
il,2024,43,2024-W43,0,0,0.0,,0,3,285,,,0,,23,0,0,1
in,2024,43,2024-W43,0,0,0.0,,0,3,285,,,0,,23,0,0,1
ks,2024,43,2024-W43,0,0,0.0,,0,3,285,,,0,,23,0,0,1
ky,2024,43,2024-W43,0,0,0.0,,0,3,285,,,0,,23,0,0,1
la,2024,43,2024-W43,0,0,0.0,,0,3,285,,,0,,23,0,0,1
ma,2024,43,2024-W43,0,0,0.0,,0,3,285,,,0,,23,0,0,1
md,2024,43,2024-W43,0,0,0.0,,0,3,285,,,0,,23,0,0,1
me,2024,43,2024-W43,0,0,0.0,,0,3,285,,,0,,23,0,0,1
mi,2024,43,2024-W43,0,0,0.0,,0,3,285,,,0,,23,0,0,1
mn,2024,43,2024-W43,0,0,0.0,,0,3,285,,,0,,23,0,0,1
mo,2024,43,2024-W43,0,0,0.0,,0,3,285,,,0,,23,0,0,1
ms,2024,43,2024-W43,0,0,0.0,,0,3,285,,,0,,23,0,0,1
mt,2024,43,2024-W43,0,0,0.0,,0,3,285,,,0,,23,0,0,1
nc,2024,43,2024-W43,0,0,0.0,,0,3,285,,,0,,23,0,0,1
ne,2024,43,2024-W43,0,0,0.0,,0,3,285,,,0,,23,0,0,1
nh,2024,43,2024-W43,0,0,0.0,,0,3,285,,,0,,23,0,0,1
nj,2024,43,2024-W43,0,0,0.0,,0,3,285,,,0,,23,0,0,1
nm,2024,43,2024-W43,0,0,0.0,,0,3,285,,,0,,23,0,0,1
nv,2024,43,2024-W43,0,0,0.0,,0,3,285,,,0,,23,0,0,1
ny,2024,43,2024-W43,0,0,0.0,,0,3,285,,,0,,23,0,0,1
oh,2024,43,2024-W43,0,0,0.0,,0,3,285,,,0,,23,0,0,1
ok,2024,43,2024-W43,0,0,0.0,,0,3,285,,,0,,23,0,0,1
or,2024,43,2024-W43,0,0,0.0,,0,3,285,,,0,,23,0,0,1
pa,2024,43,2024-W43,0,0,0.0,,0,3,285,,,0,,23,0,0,1
ri,2024,43,2024-W43,0,0,0.0,,0,3,285,,,0,,23,0,0,1
sc,2024,43,2024-W43,0,0,0.0,,0,3,285,,,0,,23,0,0,1
sd,2024,43,2024-W43,0,0,0.0,,0,3,285,,,0,,23,0,0,1
tn,2024,43,2024-W43,0,0,0.0,,0,3,285,,,0,,23,0,0,1
tx,2024,43,2024-W43,0,0,0.0,,0,3,285,,,0,,23,0,0,1
ut,2024,43,2024-W43,0,0,0.0,,0,3,285,,,0,,23,0,0,1
va,2024,43,2024-W43,0,0,0.0,,0,3,285,,,0,,23,0,0,1
vt,2024,43,2024-W43,0,0,0.0,,0,3,285,,,0,,23,0,0,1
wa,2024,43,2024-W43,0,0,0.0,,0,3,285,,,0,,23,0,0,1
wi,2024,43,2024-W43,0,0,0.0,,0,3,285,,,0,,23,0,0,1
wv,2024,43,2024-W43,0,0,0.0,,0,3,285,,,0,,23,0,0,1
wy,2024,43,2024-W43,0,0,0.0,,0,3,285,,,0,,23,0,0,1
ak,2024,44,2024-W44,0,0,0.0,,0,3,285,,,0,,19,0,0,1
al,2024,44,2024-W44,0,0,0.0,,0,3,285,,,0,,19,0,0,1
ar,2024,44,2024-W44,0,0,0.0,,0,3,285,,,0,,19,0,0,1
ca,2024,44,2024-W44,0,0,0.0,,0,3,285,,,0,,19,0,0,1
co,2024,44,2024-W44,0,0,0.0,,0,3,285,,,0,,19,0,0,1
ct,2024,44,2024-W44,0,0,0.0,,0,3,285,,,0,,19,0,0,1
dc,2024,44,2024-W44,0,0,0.0,,0,3,285,,,0,,19,0,0,1
de,2024,44,2024-W44,0,0,0.0,,0,3,285,,,0,,19,0,0,1
fl,2024,44,2024-W44,0,0,0.0,,0,3,285,,,0,,19,0,0,1
ga,2024,44,2024-W44,0,0,0.0,,0,3,285,,,0,,19,0,0,1
gu,2024,44,2024-W44,0,0,0.0,,0,3,285,,,0,,19,0,0,1
hi,2024,44,2024-W44,0,0,0.0,,0,3,285,,,0,,19,0,0,1
ia,2024,44,2024-W44,0,0,0.0,,0,3,285,,,0,,19,0,0,1
id,2024,44,2024-W44,0,0,0.0,,0,3,285,,,0,,19,0,0,1
il,2024,44,2024-W44,0,0,0.0,,0,3,285,,,0,,19,0,0,1
in,2024,44,2024-W44,0,0,0.0,,0,3,285,,,0,,19,0,0,1
ks,2024,44,2024-W44,0,0,0.0,,0,3,285,,,0,,19,0,0,1
ky,2024,44,2024-W44,0,0,0.0,,0,3,285,,,0,,19,0,0,1
la,2024,44,2024-W44,0,0,0.0,,0,3,285,,,0,,19,0,0,1
ma,2024,44,2024-W44,0,0,0.0,,0,3,285,,,0,,19,0,0,1
md,2024,44,2024-W44,0,0,0.0,,0,3,285,,,0,,19,0,0,1
me,2024,44,2024-W44,0,0,0.0,,0,3,285,,,0,,19,0,0,1
mi,2024,44,2024-W44,0,0,0.0,,0,3,285,,,0,,19,0,0,1
mn,2024,44,2024-W44,0,0,0.0,,0,3,285,,,0,,19,0,0,1
mo,2024,44,2024-W44,0,0,0.0,,0,3,285,,,0,,19,0,0,1
ms,2024,44,2024-W44,0,0,0.0,,0,3,285,,,0,,19,0,0,1
mt,2024,44,2024-W44,0,0,0.0,,0,3,285,,,0,,19,0,0,1
nc,2024,44,2024-W44,0,0,0.0,,0,3,285,,,0,,19,0,0,1
ne,2024,44,2024-W44,0,0,0.0,,0,3,285,,,0,,19,0,0,1
nh,2024,44,2024-W44,0,0,0.0,,0,3,285,,,0,,19,0,0,1
nj,2024,44,2024-W44,0,0,0.0,,0,3,285,,,0,,19,0,0,1
nm,2024,44,2024-W44,0,0,0.0,,0,3,285,,,0,,19,0,0,1
nv,2024,44,2024-W44,0,0,0.0,,0,3,285,,,0,,19,0,0,1
ny,2024,44,2024-W44,0,0,0.0,,0,3,285,,,0,,19,0,0,1
oh,2024,44,2024-W44,0,0,0.0,,0,3,285,,,0,,19,0,0,1
ok,2024,44,2024-W44,0,0,0.0,,0,3,285,,,0,,19,0,0,1
or,2024,44,2024-W44,0,0,0.0,,0,3,285,,,0,,19,0,0,1
pa,2024,44,2024-W44,0,0,0.0,,0,3,285,,,0,,19,0,0,1
ri,2024,44,2024-W44,0,0,0.0,,0,3,285,,,0,,19,0,0,1
sc,2024,44,2024-W44,0,0,0.0,,0,3,285,,,0,,19,0,0,1
sd,2024,44,2024-W44,0,0,0.0,,0,3,285,,,0,,19,0,0,1
tn,2024,44,2024-W44,0,0,0.0,,0,3,285,,,0,,19,0,0,1
tx,2024,44,2024-W44,0,0,0.0,,0,3,285,,,0,,19,0,0,1
ut,2024,44,2024-W44,0,0,0.0,,0,3,285,,,0,,19,0,0,1
va,2024,44,2024-W44,0,0,0.0,,0,3,285,,,0,,19,0,0,1
vt,2024,44,2024-W44,0,0,0.0,,0,3,285,,,0,,19,0,0,1
wa,2024,44,2024-W44,0,0,0.0,,0,3,285,,,0,,19,0,0,1
wi,2024,44,2024-W44,0,0,0.0,,0,3,285,,,0,,19,0,0,1
wv,2024,44,2024-W44,0,0,0.0,,0,3,285,,,0,,19,0,0,1
wy,2024,44,2024-W44,0,0,0.0,,0,3,285,,,0,,19,0,0,1
ak,2024,45,2024-W45,0,0,0.0,,0,4,285,,,0,,20,0,0,1
al,2024,45,2024-W45,0,0,0.0,,0,4,285,,,0,,20,0,0,1
ar,2024,45,2024-W45,0,0,0.0,,0,4,285,,,0,,20,0,0,1
ca,2024,45,2024-W45,0,0,0.0,,0,4,285,,,0,,20,0,0,1
co,2024,45,2024-W45,0,0,0.0,,0,4,285,,,0,,20,0,0,1
ct,2024,45,2024-W45,0,0,0.0,,0,4,285,,,0,,20,0,0,1
dc,2024,45,2024-W45,0,0,0.0,,0,4,285,,,0,,20,0,0,1
de,2024,45,2024-W45,0,0,0.0,,0,4,285,,,0,,20,0,0,1
fl,2024,45,2024-W45,0,0,0.0,,0,4,285,,,0,,20,0,0,1
ga,2024,45,2024-W45,0,0,0.0,,0,4,285,,,0,,20,0,0,1
gu,2024,45,2024-W45,0,0,0.0,,0,4,285,,,0,,20,0,0,1
hi,2024,45,2024-W45,0,0,0.0,,0,4,285,,,0,,20,0,0,1
ia,2024,45,2024-W45,0,0,0.0,,0,4,285,,,0,,20,0,0,1
id,2024,45,2024-W45,0,0,0.0,,0,4,285,,,0,,20,0,0,1
il,2024,45,2024-W45,0,0,0.0,,0,4,285,,,0,,20,0,0,1
in,2024,45,2024-W45,0,0,0.0,,0,4,285,,,0,,20,0,0,1
ks,2024,45,2024-W45,0,0,0.0,,0,4,285,,,0,,20,0,0,1
ky,2024,45,2024-W45,0,0,0.0,,0,4,285,,,0,,20,0,0,1
la,2024,45,2024-W45,0,0,0.0,,0,4,285,,,0,,20,0,0,1
ma,2024,45,2024-W45,0,0,0.0,,0,4,285,,,0,,20,0,0,1
md,2024,45,2024-W45,0,0,0.0,,0,4,285,,,0,,20,0,0,1
me,2024,45,2024-W45,0,0,0.0,,0,4,285,,,0,,20,0,0,1
mi,2024,45,2024-W45,0,0,0.0,,0,4,285,,,0,,20,0,0,1
mn,2024,45,2024-W45,0,0,0.0,,0,4,285,,,0,,20,0,0,1
mo,2024,45,2024-W45,0,0,0.0,,0,4,285,,,0,,20,0,0,1
ms,2024,45,2024-W45,0,0,0.0,,0,4,285,,,0,,20,0,0,1
mt,2024,45,2024-W45,0,0,0.0,,0,4,285,,,0,,20,0,0,1
nc,2024,45,2024-W45,0,0,0.0,,0,4,285,,,0,,20,0,0,1
ne,2024,45,2024-W45,0,0,0.0,,0,4,285,,,0,,20,0,0,1
nh,2024,45,2024-W45,0,0,0.0,,0,4,285,,,0,,20,0,0,1
nj,2024,45,2024-W45,0,0,0.0,,0,4,285,,,0,,20,0,0,1
nm,2024,45,2024-W45,0,0,0.0,,0,4,285,,,0,,20,0,0,1
nv,2024,45,2024-W45,0,0,0.0,,0,4,285,,,0,,20,0,0,1
ny,2024,45,2024-W45,0,0,0.0,,0,4,285,,,0,,20,0,0,1
oh,2024,45,2024-W45,0,0,0.0,,0,4,285,,,0,,20,0,0,1
ok,2024,45,2024-W45,0,0,0.0,,0,4,285,,,0,,20,0,0,1
or,2024,45,2024-W45,0,0,0.0,,0,4,285,,,0,,20,0,0,1
pa,2024,45,2024-W45,0,0,0.0,,0,4,285,,,0,,20,0,0,1
ri,2024,45,2024-W45,0,0,0.0,,0,4,285,,,0,,20,0,0,1
sc,2024,45,2024-W45,0,0,0.0,,0,4,285,,,0,,20,0,0,1
sd,2024,45,2024-W45,0,0,0.0,,0,4,285,,,0,,20,0,0,1
tn,2024,45,2024-W45,0,0,0.0,,0,4,285,,,0,,20,0,0,1
tx,2024,45,2024-W45,0,0,0.0,,0,4,285,,,0,,20,0,0,1
ut,2024,45,2024-W45,0,0,0.0,,0,4,285,,,0,,20,0,0,1
va,2024,45,2024-W45,0,0,0.0,,0,4,285,,,0,,20,0,0,1
vt,2024,45,2024-W45,0,0,0.0,,0,4,285,,,0,,20,0,0,1
wa,2024,45,2024-W45,0,0,0.0,,0,4,285,,,0,,20,0,0,1
wi,2024,45,2024-W45,0,0,0.0,,0,4,285,,,0,,20,0,0,1
wv,2024,45,2024-W45,0,0,0.0,,0,4,285,,,0,,20,0,0,1
wy,2024,45,2024-W45,0,0,0.0,,0,4,285,,,0,,20,0,0,1
ak,2024,46,2024-W46,0,0,0.0,,0,6,285,,,0,,26,0,0,1
al,2024,46,2024-W46,0,0,0.0,,0,6,285,,,0,,26,0,0,1
ar,2024,46,2024-W46,0,0,0.0,,0,6,285,,,0,,26,0,0,1
ca,2024,46,2024-W46,0,0,0.0,,0,6,285,,,0,,26,0,0,1
co,2024,46,2024-W46,0,0,0.0,,0,6,285,,,0,,26,0,0,1
ct,2024,46,2024-W46,0,0,0.0,,0,6,285,,,0,,26,0,0,1
dc,2024,46,2024-W46,0,0,0.0,,0,6,285,,,0,,26,0,0,1
de,2024,46,2024-W46,0,0,0.0,,0,6,285,,,0,,26,0,0,1
fl,2024,46,2024-W46,0,0,0.0,,0,6,285,,,0,,26,0,0,1
ga,2024,46,2024-W46,0,0,0.0,,0,6,285,,,0,,26,0,0,1
gu,2024,46,2024-W46,0,0,0.0,,0,6,285,,,0,,26,0,0,1
hi,2024,46,2024-W46,0,0,0.0,,0,6,285,,,0,,26,0,0,1
ia,2024,46,2024-W46,0,0,0.0,,0,6,285,,,0,,26,0,0,1
id,2024,46,2024-W46,0,0,0.0,,0,6,285,,,0,,26,0,0,1
il,2024,46,2024-W46,0,0,0.0,,0,6,285,,,0,,26,0,0,1
in,2024,46,2024-W46,0,0,0.0,,0,6,285,,,0,,26,0,0,1
ks,2024,46,2024-W46,0,0,0.0,,0,6,285,,,0,,26,0,0,1
ky,2024,46,2024-W46,0,0,0.0,,0,6,285,,,0,,26,0,0,1
la,2024,46,2024-W46,0,0,0.0,,0,6,285,,,0,,26,0,0,1
ma,2024,46,2024-W46,0,0,0.0,,0,6,285,,,0,,26,0,0,1
md,2024,46,2024-W46,0,0,0.0,,0,6,285,,,0,,26,0,0,1
me,2024,46,2024-W46,0,0,0.0,,0,6,285,,,0,,26,0,0,1
mi,2024,46,2024-W46,0,0,0.0,,0,6,285,,,0,,26,0,0,1
mn,2024,46,2024-W46,0,0,0.0,,0,6,285,,,0,,26,0,0,1
mo,2024,46,2024-W46,0,0,0.0,,0,6,285,,,0,,26,0,0,1
ms,2024,46,2024-W46,0,0,0.0,,0,6,285,,,0,,26,0,0,1
mt,2024,46,2024-W46,0,0,0.0,,0,6,285,,,0,,26,0,0,1
nc,2024,46,2024-W46,0,0,0.0,,0,6,285,,,0,,26,0,0,1
ne,2024,46,2024-W46,0,0,0.0,,0,6,285,,,0,,26,0,0,1
nh,2024,46,2024-W46,0,0,0.0,,0,6,285,,,0,,26,0,0,1
nj,2024,46,2024-W46,0,0,0.0,,0,6,285,,,0,,26,0,0,1
nm,2024,46,2024-W46,0,0,0.0,,0,6,285,,,0,,26,0,0,1
nv,2024,46,2024-W46,0,0,0.0,,0,6,285,,,0,,26,0,0,1
ny,2024,46,2024-W46,0,0,0.0,,0,6,285,,,0,,26,0,0,1
oh,2024,46,2024-W46,0,0,0.0,,0,6,285,,,0,,26,0,0,1
ok,2024,46,2024-W46,0,0,0.0,,0,6,285,,,0,,26,0,0,1
or,2024,46,2024-W46,0,0,0.0,,0,6,285,,,0,,26,0,0,1
pa,2024,46,2024-W46,0,0,0.0,,0,6,285,,,0,,26,0,0,1
ri,2024,46,2024-W46,0,0,0.0,,0,6,285,,,0,,26,0,0,1
sc,2024,46,2024-W46,0,0,0.0,,0,6,285,,,0,,26,0,0,1
sd,2024,46,2024-W46,0,0,0.0,,0,6,285,,,0,,26,0,0,1
tn,2024,46,2024-W46,0,0,0.0,,0,6,285,,,0,,26,0,0,1
tx,2024,46,2024-W46,0,0,0.0,,0,6,285,,,0,,26,0,0,1
ut,2024,46,2024-W46,0,0,0.0,,0,6,285,,,0,,26,0,0,1
va,2024,46,2024-W46,0,0,0.0,,0,6,285,,,0,,26,0,0,1
vt,2024,46,2024-W46,0,0,0.0,,0,6,285,,,0,,26,0,0,1
wa,2024,46,2024-W46,0,0,0.0,,0,6,285,,,0,,26,0,0,1
wi,2024,46,2024-W46,0,0,0.0,,0,6,285,,,0,,26,0,0,1
wv,2024,46,2024-W46,0,0,0.0,,0,6,285,,,0,,26,0,0,1
wy,2024,46,2024-W46,0,0,0.0,,0,6,285,,,0,,26,0,0,1
ak,2024,47,2024-W47,0,0,0.0,,0,5,285,,,0,,17,0,0,1
al,2024,47,2024-W47,0,0,0.0,,0,5,285,,,0,,17,0,0,1
ar,2024,47,2024-W47,0,0,0.0,,0,5,285,,,0,,17,0,0,1
ca,2024,47,2024-W47,0,0,0.0,,0,5,285,,,0,,17,0,0,1
co,2024,47,2024-W47,0,0,0.0,,0,5,285,,,0,,17,0,0,1
ct,2024,47,2024-W47,0,0,0.0,,0,5,285,,,0,,17,0,0,1
dc,2024,47,2024-W47,0,0,0.0,,0,5,285,,,0,,17,0,0,1
de,2024,47,2024-W47,0,0,0.0,,0,5,285,,,0,,17,0,0,1
fl,2024,47,2024-W47,0,0,0.0,,0,5,285,,,0,,17,0,0,1
ga,2024,47,2024-W47,0,0,0.0,,0,5,285,,,0,,17,0,0,1
gu,2024,47,2024-W47,0,0,0.0,,0,5,285,,,0,,17,0,0,1
hi,2024,47,2024-W47,0,0,0.0,,0,5,285,,,0,,17,0,0,1
ia,2024,47,2024-W47,0,0,0.0,,0,5,285,,,0,,17,0,0,1
id,2024,47,2024-W47,0,0,0.0,,0,5,285,,,0,,17,0,0,1
il,2024,47,2024-W47,0,0,0.0,,0,5,285,,,0,,17,0,0,1
in,2024,47,2024-W47,0,0,0.0,,0,5,285,,,0,,17,0,0,1
ks,2024,47,2024-W47,0,0,0.0,,0,5,285,,,0,,17,0,0,1
ky,2024,47,2024-W47,0,0,0.0,,0,5,285,,,0,,17,0,0,1
la,2024,47,2024-W47,0,0,0.0,,0,5,285,,,0,,17,0,0,1
ma,2024,47,2024-W47,0,0,0.0,,0,5,285,,,0,,17,0,0,1
md,2024,47,2024-W47,0,0,0.0,,0,5,285,,,0,,17,0,0,1
me,2024,47,2024-W47,0,0,0.0,,0,5,285,,,0,,17,0,0,1
mi,2024,47,2024-W47,0,0,0.0,,0,5,285,,,0,,17,0,0,1
mn,2024,47,2024-W47,0,0,0.0,,0,5,285,,,0,,17,0,0,1
mo,2024,47,2024-W47,0,0,0.0,,0,5,285,,,0,,17,0,0,1
ms,2024,47,2024-W47,0,0,0.0,,0,5,285,,,0,,17,0,0,1
mt,2024,47,2024-W47,0,0,0.0,,0,5,285,,,0,,17,0,0,1
nc,2024,47,2024-W47,0,0,0.0,,0,5,285,,,0,,17,0,0,1
ne,2024,47,2024-W47,0,0,0.0,,0,5,285,,,0,,17,0,0,1
nh,2024,47,2024-W47,0,0,0.0,,0,5,285,,,0,,17,0,0,1
nj,2024,47,2024-W47,0,0,0.0,,0,5,285,,,0,,17,0,0,1
nm,2024,47,2024-W47,0,0,0.0,,0,5,285,,,0,,17,0,0,1
nv,2024,47,2024-W47,0,0,0.0,,0,5,285,,,0,,17,0,0,1
ny,2024,47,2024-W47,0,0,0.0,,0,5,285,,,0,,17,0,0,1
oh,2024,47,2024-W47,0,0,0.0,,0,5,285,,,0,,17,0,0,1
ok,2024,47,2024-W47,0,0,0.0,,0,5,285,,,0,,17,0,0,1
or,2024,47,2024-W47,0,0,0.0,,0,5,285,,,0,,17,0,0,1
pa,2024,47,2024-W47,0,0,0.0,,0,5,285,,,0,,17,0,0,1
ri,2024,47,2024-W47,0,0,0.0,,0,5,285,,,0,,17,0,0,1
sc,2024,47,2024-W47,0,0,0.0,,0,5,285,,,0,,17,0,0,1
sd,2024,47,2024-W47,0,0,0.0,,0,5,285,,,0,,17,0,0,1
tn,2024,47,2024-W47,0,0,0.0,,0,5,285,,,0,,17,0,0,1
tx,2024,47,2024-W47,0,0,0.0,,0,5,285,,,0,,17,0,0,1
ut,2024,47,2024-W47,0,0,0.0,,0,5,285,,,0,,17,0,0,1
va,2024,47,2024-W47,0,0,0.0,,0,5,285,,,0,,17,0,0,1
vt,2024,47,2024-W47,0,0,0.0,,0,5,285,,,0,,17,0,0,1
wa,2024,47,2024-W47,0,0,0.0,,0,5,285,,,0,,17,0,0,1
wi,2024,47,2024-W47,0,0,0.0,,0,5,285,,,0,,17,0,0,1
wv,2024,47,2024-W47,0,0,0.0,,0,5,285,,,0,,17,0,0,1
wy,2024,47,2024-W47,0,0,0.0,,0,5,285,,,0,,17,0,0,1
ak,2024,48,2024-W48,0,0,0.0,,0,7,285,,,0,,22,0,0,1
al,2024,48,2024-W48,0,0,0.0,,0,7,285,,,0,,22,0,0,1
ar,2024,48,2024-W48,0,0,0.0,,0,7,285,,,0,,22,0,0,1
ca,2024,48,2024-W48,0,0,0.0,,0,7,285,,,0,,22,0,0,1
co,2024,48,2024-W48,0,0,0.0,,0,7,285,,,0,,22,0,0,1
ct,2024,48,2024-W48,0,0,0.0,,0,7,285,,,0,,22,0,0,1
dc,2024,48,2024-W48,0,0,0.0,,0,7,285,,,0,,22,0,0,1
de,2024,48,2024-W48,0,0,0.0,,0,7,285,,,0,,22,0,0,1
fl,2024,48,2024-W48,0,0,0.0,,0,7,285,,,0,,22,0,0,1
ga,2024,48,2024-W48,0,0,0.0,,0,7,285,,,0,,22,0,0,1
gu,2024,48,2024-W48,0,0,0.0,,0,7,285,,,0,,22,0,0,1
hi,2024,48,2024-W48,0,0,0.0,,0,7,285,,,0,,22,0,0,1
ia,2024,48,2024-W48,0,0,0.0,,0,7,285,,,0,,22,0,0,1
id,2024,48,2024-W48,0,0,0.0,,0,7,285,,,0,,22,0,0,1
il,2024,48,2024-W48,0,0,0.0,,0,7,285,,,0,,22,0,0,1
in,2024,48,2024-W48,0,0,0.0,,0,7,285,,,0,,22,0,0,1
ks,2024,48,2024-W48,0,0,0.0,,0,7,285,,,0,,22,0,0,1
ky,2024,48,2024-W48,0,0,0.0,,0,7,285,,,0,,22,0,0,1
la,2024,48,2024-W48,0,0,0.0,,0,7,285,,,0,,22,0,0,1
ma,2024,48,2024-W48,0,0,0.0,,0,7,285,,,0,,22,0,0,1
md,2024,48,2024-W48,0,0,0.0,,0,7,285,,,0,,22,0,0,1
me,2024,48,2024-W48,0,0,0.0,,0,7,285,,,0,,22,0,0,1
mi,2024,48,2024-W48,0,0,0.0,,0,7,285,,,0,,22,0,0,1
mn,2024,48,2024-W48,0,0,0.0,,0,7,285,,,0,,22,0,0,1
mo,2024,48,2024-W48,0,0,0.0,,0,7,285,,,0,,22,0,0,1
ms,2024,48,2024-W48,0,0,0.0,,0,7,285,,,0,,22,0,0,1
mt,2024,48,2024-W48,0,0,0.0,,0,7,285,,,0,,22,0,0,1
nc,2024,48,2024-W48,0,0,0.0,,0,7,285,,,0,,22,0,0,1
ne,2024,48,2024-W48,0,0,0.0,,0,7,285,,,0,,22,0,0,1
nh,2024,48,2024-W48,0,0,0.0,,0,7,285,,,0,,22,0,0,1
nj,2024,48,2024-W48,0,0,0.0,,0,7,285,,,0,,22,0,0,1
nm,2024,48,2024-W48,0,0,0.0,,0,7,285,,,0,,22,0,0,1
nv,2024,48,2024-W48,0,0,0.0,,0,7,285,,,0,,22,0,0,1
ny,2024,48,2024-W48,0,0,0.0,,0,7,285,,,0,,22,0,0,1
oh,2024,48,2024-W48,0,0,0.0,,0,7,285,,,0,,22,0,0,1
ok,2024,48,2024-W48,0,0,0.0,,0,7,285,,,0,,22,0,0,1
or,2024,48,2024-W48,0,0,0.0,,0,7,285,,,0,,22,0,0,1
pa,2024,48,2024-W48,0,0,0.0,,0,7,285,,,0,,22,0,0,1
ri,2024,48,2024-W48,0,0,0.0,,0,7,285,,,0,,22,0,0,1
sc,2024,48,2024-W48,0,0,0.0,,0,7,285,,,0,,22,0,0,1
sd,2024,48,2024-W48,0,0,0.0,,0,7,285,,,0,,22,0,0,1
tn,2024,48,2024-W48,0,0,0.0,,0,7,285,,,0,,22,0,0,1
tx,2024,48,2024-W48,0,0,0.0,,0,7,285,,,0,,22,0,0,1
ut,2024,48,2024-W48,0,0,0.0,,0,7,285,,,0,,22,0,0,1
va,2024,48,2024-W48,0,0,0.0,,0,7,285,,,0,,22,0,0,1
vt,2024,48,2024-W48,0,0,0.0,,0,7,285,,,0,,22,0,0,1
wa,2024,48,2024-W48,0,0,0.0,,0,7,285,,,0,,22,0,0,1
wi,2024,48,2024-W48,0,0,0.0,,0,7,285,,,0,,22,0,0,1
wv,2024,48,2024-W48,0,0,0.0,,0,7,285,,,0,,22,0,0,1
wy,2024,48,2024-W48,0,0,0.0,,0,7,285,,,0,,22,0,0,1
ak,2024,49,2024-W49,0,0,0.0,,0,4,285,,,0,,18,0,0,1
al,2024,49,2024-W49,0,0,0.0,,0,4,285,,,0,,18,0,0,1
ar,2024,49,2024-W49,0,0,0.0,,0,4,285,,,0,,18,0,0,1
ca,2024,49,2024-W49,0,0,0.0,,0,4,285,,,0,,18,0,0,1
co,2024,49,2024-W49,0,0,0.0,,0,4,285,,,0,,18,0,0,1
ct,2024,49,2024-W49,0,0,0.0,,0,4,285,,,0,,18,0,0,1
dc,2024,49,2024-W49,0,0,0.0,,0,4,285,,,0,,18,0,0,1
de,2024,49,2024-W49,0,0,0.0,,0,4,285,,,0,,18,0,0,1
fl,2024,49,2024-W49,0,0,0.0,,0,4,285,,,0,,18,0,0,1
ga,2024,49,2024-W49,0,0,0.0,,0,4,285,,,0,,18,0,0,1
gu,2024,49,2024-W49,0,0,0.0,,0,4,285,,,0,,18,0,0,1
hi,2024,49,2024-W49,0,0,0.0,,0,4,285,,,0,,18,0,0,1
ia,2024,49,2024-W49,0,0,0.0,,0,4,285,,,0,,18,0,0,1
id,2024,49,2024-W49,0,0,0.0,,0,4,285,,,0,,18,0,0,1
il,2024,49,2024-W49,0,0,0.0,,0,4,285,,,0,,18,0,0,1
in,2024,49,2024-W49,0,0,0.0,,0,4,285,,,0,,18,0,0,1
ks,2024,49,2024-W49,0,0,0.0,,0,4,285,,,0,,18,0,0,1
ky,2024,49,2024-W49,0,0,0.0,,0,4,285,,,0,,18,0,0,1
la,2024,49,2024-W49,0,0,0.0,,0,4,285,,,0,,18,0,0,1
ma,2024,49,2024-W49,0,0,0.0,,0,4,285,,,0,,18,0,0,1
md,2024,49,2024-W49,0,0,0.0,,0,4,285,,,0,,18,0,0,1
me,2024,49,2024-W49,0,0,0.0,,0,4,285,,,0,,18,0,0,1
mi,2024,49,2024-W49,0,0,0.0,,0,4,285,,,0,,18,0,0,1
mn,2024,49,2024-W49,0,0,0.0,,0,4,285,,,0,,18,0,0,1
mo,2024,49,2024-W49,0,0,0.0,,0,4,285,,,0,,18,0,0,1
ms,2024,49,2024-W49,0,0,0.0,,0,4,285,,,0,,18,0,0,1
mt,2024,49,2024-W49,0,0,0.0,,0,4,285,,,0,,18,0,0,1
nc,2024,49,2024-W49,0,0,0.0,,0,4,285,,,0,,18,0,0,1
ne,2024,49,2024-W49,0,0,0.0,,0,4,285,,,0,,18,0,0,1
nh,2024,49,2024-W49,0,0,0.0,,0,4,285,,,0,,18,0,0,1
nj,2024,49,2024-W49,0,0,0.0,,0,4,285,,,0,,18,0,0,1
nm,2024,49,2024-W49,0,0,0.0,,0,4,285,,,0,,18,0,0,1
nv,2024,49,2024-W49,0,0,0.0,,0,4,285,,,0,,18,0,0,1
ny,2024,49,2024-W49,0,0,0.0,,0,4,285,,,0,,18,0,0,1
oh,2024,49,2024-W49,0,0,0.0,,0,4,285,,,0,,18,0,0,1
ok,2024,49,2024-W49,0,0,0.0,,0,4,285,,,0,,18,0,0,1
or,2024,49,2024-W49,0,0,0.0,,0,4,285,,,0,,18,0,0,1
pa,2024,49,2024-W49,0,0,0.0,,0,4,285,,,0,,18,0,0,1
ri,2024,49,2024-W49,0,0,0.0,,0,4,285,,,0,,18,0,0,1
sc,2024,49,2024-W49,0,0,0.0,,0,4,285,,,0,,18,0,0,1
sd,2024,49,2024-W49,0,0,0.0,,0,4,285,,,0,,18,0,0,1
tn,2024,49,2024-W49,0,0,0.0,,0,4,285,,,0,,18,0,0,1
tx,2024,49,2024-W49,0,0,0.0,,0,4,285,,,0,,18,0,0,1
ut,2024,49,2024-W49,0,0,0.0,,0,4,285,,,0,,18,0,0,1
va,2024,49,2024-W49,0,0,0.0,,0,4,285,,,0,,18,0,0,1
vt,2024,49,2024-W49,0,0,0.0,,0,4,285,,,0,,18,0,0,1
wa,2024,49,2024-W49,0,0,0.0,,0,4,285,,,0,,18,0,0,1
wi,2024,49,2024-W49,0,0,0.0,,0,4,285,,,0,,18,0,0,1
wv,2024,49,2024-W49,0,0,0.0,,0,4,285,,,0,,18,0,0,1
wy,2024,49,2024-W49,0,0,0.0,,0,4,285,,,0,,18,0,0,1
ak,2024,50,2024-W50,0,0,0.0,,0,4,285,,,0,,18,0,0,1
al,2024,50,2024-W50,0,0,0.0,,0,4,285,,,0,,18,0,0,1
ar,2024,50,2024-W50,0,0,0.0,,0,4,285,,,0,,18,0,0,1
ca,2024,50,2024-W50,0,0,0.0,,0,4,285,,,0,,18,0,0,1
co,2024,50,2024-W50,0,0,0.0,,0,4,285,,,0,,18,0,0,1
ct,2024,50,2024-W50,0,0,0.0,,0,4,285,,,0,,18,0,0,1
dc,2024,50,2024-W50,0,0,0.0,,0,4,285,,,0,,18,0,0,1
de,2024,50,2024-W50,0,0,0.0,,0,4,285,,,0,,18,0,0,1
fl,2024,50,2024-W50,0,0,0.0,,0,4,285,,,0,,18,0,0,1
ga,2024,50,2024-W50,0,0,0.0,,0,4,285,,,0,,18,0,0,1
gu,2024,50,2024-W50,0,0,0.0,,0,4,285,,,0,,18,0,0,1
hi,2024,50,2024-W50,0,0,0.0,,0,4,285,,,0,,18,0,0,1
ia,2024,50,2024-W50,0,0,0.0,,0,4,285,,,0,,18,0,0,1
id,2024,50,2024-W50,0,0,0.0,,0,4,285,,,0,,18,0,0,1
il,2024,50,2024-W50,0,0,0.0,,0,4,285,,,0,,18,0,0,1
in,2024,50,2024-W50,0,0,0.0,,0,4,285,,,0,,18,0,0,1
ks,2024,50,2024-W50,0,0,0.0,,0,4,285,,,0,,18,0,0,1
ky,2024,50,2024-W50,0,0,0.0,,0,4,285,,,0,,18,0,0,1
la,2024,50,2024-W50,0,0,0.0,,0,4,285,,,0,,18,0,0,1
ma,2024,50,2024-W50,0,0,0.0,,0,4,285,,,0,,18,0,0,1
md,2024,50,2024-W50,0,0,0.0,,0,4,285,,,0,,18,0,0,1
me,2024,50,2024-W50,0,0,0.0,,0,4,285,,,0,,18,0,0,1
mi,2024,50,2024-W50,0,0,0.0,,0,4,285,,,0,,18,0,0,1
mn,2024,50,2024-W50,0,0,0.0,,0,4,285,,,0,,18,0,0,1
mo,2024,50,2024-W50,0,0,0.0,,0,4,285,,,0,,18,0,0,1
ms,2024,50,2024-W50,0,0,0.0,,0,4,285,,,0,,18,0,0,1
mt,2024,50,2024-W50,0,0,0.0,,0,4,285,,,0,,18,0,0,1
nc,2024,50,2024-W50,0,0,0.0,,0,4,285,,,0,,18,0,0,1
ne,2024,50,2024-W50,0,0,0.0,,0,4,285,,,0,,18,0,0,1
nh,2024,50,2024-W50,0,0,0.0,,0,4,285,,,0,,18,0,0,1
nj,2024,50,2024-W50,0,0,0.0,,0,4,285,,,0,,18,0,0,1
nm,2024,50,2024-W50,0,0,0.0,,0,4,285,,,0,,18,0,0,1
nv,2024,50,2024-W50,0,0,0.0,,0,4,285,,,0,,18,0,0,1
ny,2024,50,2024-W50,0,0,0.0,,0,4,285,,,0,,18,0,0,1
oh,2024,50,2024-W50,0,0,0.0,,0,4,285,,,0,,18,0,0,1
ok,2024,50,2024-W50,0,0,0.0,,0,4,285,,,0,,18,0,0,1
or,2024,50,2024-W50,0,0,0.0,,0,4,285,,,0,,18,0,0,1
pa,2024,50,2024-W50,0,0,0.0,,0,4,285,,,0,,18,0,0,1
ri,2024,50,2024-W50,0,0,0.0,,0,4,285,,,0,,18,0,0,1
sc,2024,50,2024-W50,0,0,0.0,,0,4,285,,,0,,18,0,0,1
sd,2024,50,2024-W50,0,0,0.0,,0,4,285,,,0,,18,0,0,1
tn,2024,50,2024-W50,0,0,0.0,,0,4,285,,,0,,18,0,0,1
tx,2024,50,2024-W50,5,0,0.0,43.644,1,4,285,,,0,,18,0,0,1
ut,2024,50,2024-W50,0,0,0.0,,0,4,285,,,0,,18,0,0,1
va,2024,50,2024-W50,0,0,0.0,,0,4,285,,,0,,18,0,0,1
vt,2024,50,2024-W50,0,0,0.0,,0,4,285,,,0,,18,0,0,1
wa,2024,50,2024-W50,0,0,0.0,,0,4,285,,,0,,18,0,0,1
wi,2024,50,2024-W50,0,0,0.0,,0,4,285,,,0,,18,0,0,1
wv,2024,50,2024-W50,0,0,0.0,,0,4,285,,,0,,18,0,0,1
wy,2024,50,2024-W50,0,0,0.0,,0,4,285,,,0,,18,0,0,1
ak,2024,51,2024-W51,0,0,0.0,,0,6,285,,,0,,25,0,0,1
al,2024,51,2024-W51,0,0,0.0,,0,6,285,,,0,,25,0,0,1
ar,2024,51,2024-W51,0,0,0.0,,0,6,285,,,0,,25,0,0,1
ca,2024,51,2024-W51,0,0,0.0,,0,6,285,,,0,,25,0,0,1
co,2024,51,2024-W51,0,0,0.0,,0,6,285,,,0,,25,0,0,1
ct,2024,51,2024-W51,0,0,0.0,,0,6,285,,,0,,25,0,0,1
dc,2024,51,2024-W51,0,0,0.0,,0,6,285,,,0,,25,0,0,1
de,2024,51,2024-W51,0,0,0.0,,0,6,285,,,0,,25,0,0,1
fl,2024,51,2024-W51,0,0,0.0,,0,6,285,,,0,,25,0,0,1
ga,2024,51,2024-W51,0,0,0.0,,0,6,285,,,0,,25,0,0,1
gu,2024,51,2024-W51,0,0,0.0,,0,6,285,,,0,,25,0,0,1
hi,2024,51,2024-W51,0,0,0.0,,0,6,285,,,0,,25,0,0,1
ia,2024,51,2024-W51,0,0,0.0,,0,6,285,,,0,,25,0,0,1
id,2024,51,2024-W51,0,0,0.0,,0,6,285,,,0,,25,0,0,1
il,2024,51,2024-W51,0,0,0.0,,0,6,285,,,0,,25,0,0,1
in,2024,51,2024-W51,0,0,0.0,,0,6,285,,,0,,25,0,0,1
ks,2024,51,2024-W51,0,0,0.0,,0,6,285,,,0,,25,0,0,1
ky,2024,51,2024-W51,0,0,0.0,,0,6,285,,,0,,25,0,0,1
la,2024,51,2024-W51,0,0,0.0,,0,6,285,,,0,,25,0,0,1
ma,2024,51,2024-W51,0,0,0.0,,0,6,285,,,0,,25,0,0,1
md,2024,51,2024-W51,0,0,0.0,,0,6,285,,,0,,25,0,0,1
me,2024,51,2024-W51,0,0,0.0,,0,6,285,,,0,,25,0,0,1
mi,2024,51,2024-W51,0,0,0.0,,0,6,285,,,0,,25,0,0,1
mn,2024,51,2024-W51,0,0,0.0,,0,6,285,,,0,,25,0,0,1
mo,2024,51,2024-W51,0,0,0.0,,0,6,285,,,0,,25,0,0,1
ms,2024,51,2024-W51,0,0,0.0,,0,6,285,,,0,,25,0,0,1
mt,2024,51,2024-W51,0,0,0.0,,0,6,285,,,0,,25,0,0,1
nc,2024,51,2024-W51,0,0,0.0,,0,6,285,,,0,,25,0,0,1
ne,2024,51,2024-W51,0,0,0.0,,0,6,285,,,0,,25,0,0,1
nh,2024,51,2024-W51,0,0,0.0,,0,6,285,,,0,,25,0,0,1
nj,2024,51,2024-W51,0,0,0.0,,0,6,285,,,0,,25,0,0,1
nm,2024,51,2024-W51,0,0,0.0,,0,6,285,,,0,,25,0,0,1
nv,2024,51,2024-W51,0,0,0.0,,0,6,285,,,0,,25,0,0,1
ny,2024,51,2024-W51,0,0,0.0,,0,6,285,,,0,,25,0,0,1
oh,2024,51,2024-W51,0,0,0.0,,0,6,285,,,0,,25,0,0,1
ok,2024,51,2024-W51,0,0,0.0,,0,6,285,,,0,,25,0,0,1
or,2024,51,2024-W51,0,0,0.0,,0,6,285,,,0,,25,0,0,1
pa,2024,51,2024-W51,0,0,0.0,,0,6,285,,,0,,25,0,0,1
ri,2024,51,2024-W51,0,0,0.0,,0,6,285,,,0,,25,0,0,1
sc,2024,51,2024-W51,0,0,0.0,,0,6,285,,,0,,25,0,0,1
sd,2024,51,2024-W51,0,0,0.0,,0,6,285,,,0,,25,0,0,1
tn,2024,51,2024-W51,0,0,0.0,,0,6,285,,,0,,25,0,0,1
tx,2024,51,2024-W51,5,0,0.0,44.262,1,6,285,,,0,,25,0,0,1
ut,2024,51,2024-W51,0,0,0.0,,0,6,285,,,0,,25,0,0,1
va,2024,51,2024-W51,0,0,0.0,,0,6,285,,,0,,25,0,0,1
vt,2024,51,2024-W51,0,0,0.0,,0,6,285,,,0,,25,0,0,1
wa,2024,51,2024-W51,0,0,0.0,,0,6,285,,,0,,25,0,0,1
wi,2024,51,2024-W51,0,0,0.0,,0,6,285,,,0,,25,0,0,1
wv,2024,51,2024-W51,0,0,0.0,,0,6,285,,,0,,25,0,0,1
wy,2024,51,2024-W51,0,0,0.0,,0,6,285,,,0,,25,0,0,1
ak,2024,52,2024-W52,0,0,0.0,,0,3,285,,,0,,24,0,0,1
al,2024,52,2024-W52,0,0,0.0,,0,3,285,,,0,,24,0,0,1
ar,2024,52,2024-W52,0,0,0.0,,0,3,285,,,0,,24,0,0,1
ca,2024,52,2024-W52,0,0,0.0,,0,3,285,,,0,,24,0,0,1
co,2024,52,2024-W52,0,0,0.0,,0,3,285,,,0,,24,0,0,1
ct,2024,52,2024-W52,0,0,0.0,,0,3,285,,,0,,24,0,0,1
dc,2024,52,2024-W52,0,0,0.0,,0,3,285,,,0,,24,0,0,1
de,2024,52,2024-W52,0,0,0.0,,0,3,285,,,0,,24,0,0,1
fl,2024,52,2024-W52,0,0,0.0,,0,3,285,,,0,,24,0,0,1
ga,2024,52,2024-W52,0,0,0.0,,0,3,285,,,0,,24,0,0,1
gu,2024,52,2024-W52,0,0,0.0,,0,3,285,,,0,,24,0,0,1
hi,2024,52,2024-W52,0,0,0.0,,0,3,285,,,0,,24,0,0,1
ia,2024,52,2024-W52,0,0,0.0,,0,3,285,,,0,,24,0,0,1
id,2024,52,2024-W52,0,0,0.0,,0,3,285,,,0,,24,0,0,1
il,2024,52,2024-W52,0,0,0.0,,0,3,285,,,0,,24,0,0,1
in,2024,52,2024-W52,0,0,0.0,,0,3,285,,,0,,24,0,0,1
ks,2024,52,2024-W52,0,0,0.0,,0,3,285,,,0,,24,0,0,1
ky,2024,52,2024-W52,0,0,0.0,,0,3,285,,,0,,24,0,0,1
la,2024,52,2024-W52,0,0,0.0,,0,3,285,,,0,,24,0,0,1
ma,2024,52,2024-W52,0,0,0.0,,0,3,285,,,0,,24,0,0,1
md,2024,52,2024-W52,0,0,0.0,,0,3,285,,,0,,24,0,0,1
me,2024,52,2024-W52,0,0,0.0,,0,3,285,,,0,,24,0,0,1
mi,2024,52,2024-W52,0,0,0.0,,0,3,285,,,0,,24,0,0,1
mn,2024,52,2024-W52,0,0,0.0,,0,3,285,,,0,,24,0,0,1
mo,2024,52,2024-W52,0,0,0.0,,0,3,285,,,0,,24,0,0,1
ms,2024,52,2024-W52,0,0,0.0,,0,3,285,,,0,,24,0,0,1
mt,2024,52,2024-W52,0,0,0.0,,0,3,285,,,0,,24,0,0,1
nc,2024,52,2024-W52,0,0,0.0,,0,3,285,,,0,,24,0,0,1
ne,2024,52,2024-W52,0,0,0.0,,0,3,285,,,0,,24,0,0,1
nh,2024,52,2024-W52,0,0,0.0,,0,3,285,,,0,,24,0,0,1
nj,2024,52,2024-W52,0,0,0.0,,0,3,285,,,0,,24,0,0,1
nm,2024,52,2024-W52,0,0,0.0,,0,3,285,,,0,,24,0,0,1
nv,2024,52,2024-W52,0,0,0.0,,0,3,285,,,0,,24,0,0,1
ny,2024,52,2024-W52,0,0,0.0,,0,3,285,,,0,,24,0,0,1
oh,2024,52,2024-W52,0,0,0.0,,0,3,285,,,0,,24,0,0,1
ok,2024,52,2024-W52,0,0,0.0,,0,3,285,,,0,,24,0,0,1
or,2024,52,2024-W52,0,0,0.0,,0,3,285,,,0,,24,0,0,1
pa,2024,52,2024-W52,0,0,0.0,,0,3,285,,,0,,24,0,0,1
ri,2024,52,2024-W52,0,0,0.0,,0,3,285,,,0,,24,0,0,1
sc,2024,52,2024-W52,0,0,0.0,,0,3,285,,,0,,24,0,0,1
sd,2024,52,2024-W52,0,0,0.0,,0,3,285,,,0,,24,0,0,1
tn,2024,52,2024-W52,0,0,0.0,,0,3,285,,,0,,24,0,0,1
tx,2024,52,2024-W52,0,0,0.0,,0,3,285,,,0,,24,0,0,1
ut,2024,52,2024-W52,0,0,0.0,,0,3,285,,,0,,24,0,0,1
va,2024,52,2024-W52,0,0,0.0,,0,3,285,,,0,,24,0,0,1
vt,2024,52,2024-W52,0,0,0.0,,0,3,285,,,0,,24,0,0,1
wa,2024,52,2024-W52,0,0,0.0,,0,3,285,,,0,,24,0,0,1
wi,2024,52,2024-W52,0,0,0.0,,0,3,285,,,0,,24,0,0,1
wv,2024,52,2024-W52,0,0,0.0,,0,3,285,,,0,,24,0,0,1
wy,2024,52,2024-W52,0,0,0.0,,0,3,285,,,0,,24,0,0,1
ak,2025,1,2025-W01,5,0,0.0,0.0,1,36,2289,,,0,,71,0,1,1
al,2025,1,2025-W01,6,0,0.0,0.0,1,36,2289,,,0,,71,0,1,1
ar,2025,1,2025-W01,5,0,0.0,0.0,1,36,2289,,,0,,71,0,1,1
ca,2025,1,2025-W01,58,1,0.009345794392523364,69.83998953271028,1,36,2289,,,0,,71,1,1,1
co,2025,1,2025-W01,20,0,0.0,490.90909090909093,1,36,2289,,,0,,71,0,1,1
ct,2025,1,2025-W01,5,0,0.0,0.0,1,36,2289,,,0,,71,0,1,1
dc,2025,1,2025-W01,1,0,0.0,0.0,1,36,2289,,,0,,71,0,1,1
de,2025,1,2025-W01,3,0,0.0,0.0,1,36,2289,,,0,,71,0,1,1
fl,2025,1,2025-W01,10,0,0.0,0.0,1,36,2289,,,0,,71,0,1,1
ga,2025,1,2025-W01,8,0,0.0,0.0,1,36,2289,,,0,,71,0,1,1
gu,2025,1,2025-W01,2,0,0.0,0.0,1,36,2289,,,0,,71,0,1,1
hi,2025,1,2025-W01,9,0,0.0,0.0,1,36,2289,,,0,,71,0,1,1
ia,2025,1,2025-W01,7,0,0.0,0.0,1,36,2289,,,0,,71,0,1,1
id,2025,1,2025-W01,4,0,0.0,0.0,1,36,2289,,,0,,71,0,1,1
il,2025,1,2025-W01,2,0,0.0,0.0,1,36,2289,,,0,,71,0,1,1
in,2025,1,2025-W01,4,0,0.0,0.0,1,36,2289,,,0,,71,0,1,1
ks,2025,1,2025-W01,7,0,0.0,0.0,1,36,2289,,,0,,71,0,1,1
ky,2025,1,2025-W01,1,0,0.0,0.0,1,36,2289,,,0,,71,0,1,1
la,2025,1,2025-W01,2,0,0.0,0.0,1,36,2289,,,0,,71,0,1,1
ma,2025,1,2025-W01,2,0,0.0,0.0,1,36,2289,,,0,,71,0,1,1
md,2025,1,2025-W01,11,0,0.0,0.0,1,36,2289,,,0,,71,0,1,1
me,2025,1,2025-W01,11,0,0.0,0.0,1,36,2289,,,0,,71,0,1,1
mi,2025,1,2025-W01,6,0,0.0,0.0,1,36,2289,,,0,,71,0,1,1
mn,2025,1,2025-W01,4,0,0.0,0.0,1,36,2289,,,0,,71,0,1,1
mo,2025,1,2025-W01,6,0,0.0,0.0,1,36,2289,,,0,,71,0,1,1
ms,2025,1,2025-W01,2,0,0.0,0.0,1,36,2289,,,0,,71,0,1,1
mt,2025,1,2025-W01,4,0,0.0,0.0,1,36,2289,,,0,,71,0,1,1
nc,2025,1,2025-W01,24,0,0.0,0.0,1,36,2289,,,0,,71,0,1,1
ne,2025,1,2025-W01,2,0,0.0,0.0,1,36,2289,,,0,,71,0,1,1
nh,2025,1,2025-W01,2,0,0.0,0.0,1,36,2289,,,0,,71,0,1,1
nj,2025,1,2025-W01,6,0,0.0,0.0,1,36,2289,,,0,,71,0,1,1
nm,2025,1,2025-W01,2,0,0.0,0.0,1,36,2289,,,0,,71,0,1,1
nv,2025,1,2025-W01,7,0,0.0,0.0,1,36,2289,,,0,,71,0,1,1
ny,2025,1,2025-W01,2,0,0.0,0.0,1,36,2289,,,0,,71,0,1,1
oh,2025,1,2025-W01,2,0,0.0,0.0,1,36,2289,,,0,,71,0,1,1
ok,2025,1,2025-W01,1,0,0.0,0.0,1,36,2289,,,0,,71,0,1,1
or,2025,1,2025-W01,22,0,0.0,0.0,1,36,2289,,,0,,71,0,1,1
pa,2025,1,2025-W01,8,0,0.0,0.0,1,36,2289,,,0,,71,0,1,1
ri,2025,1,2025-W01,5,0,0.0,0.0,1,36,2289,,,0,,71,0,1,1
sc,2025,1,2025-W01,6,0,0.0,0.0,1,36,2289,,,0,,71,0,1,1
sd,2025,1,2025-W01,3,0,0.0,0.0,1,36,2289,,,0,,71,0,1,1
tn,2025,1,2025-W01,2,0,0.0,0.0,1,36,2289,,,0,,71,0,1,1
tx,2025,1,2025-W01,28,0,0.0,0.0,1,36,2289,,,0,,71,0,1,1
ut,2025,1,2025-W01,2,2,0.5,3558.6014025000004,1,36,2289,,,0,,71,1,1,1
va,2025,1,2025-W01,6,0,0.0,0.0,1,36,2289,,,0,,71,0,1,1
vt,2025,1,2025-W01,6,0,0.0,0.0,1,36,2289,,,0,,71,0,1,1
wa,2025,1,2025-W01,1,0,0.0,0.0,1,36,2289,,,0,,71,0,1,1
wi,2025,1,2025-W01,35,0,0.0,0.0,1,36,2289,,,0,,71,0,1,1
wv,2025,1,2025-W01,1,0,0.0,0.0,1,36,2289,,,0,,71,0,1,1
wy,2025,1,2025-W01,5,0,0.0,0.0,1,36,2289,,,0,,71,0,1,1
ak,2025,2,2025-W02,0,0,0.0,,0,26,2289,,,0,,62,0,1,1
al,2025,2,2025-W02,0,0,0.0,,0,26,2289,,,0,,62,0,1,1
ar,2025,2,2025-W02,0,0,0.0,,0,26,2289,,,0,,62,0,1,1
ca,2025,2,2025-W02,0,0,0.0,,0,26,2289,,,0,,62,0,1,1
co,2025,2,2025-W02,0,0,0.0,,0,26,2289,,,0,,62,0,1,1
ct,2025,2,2025-W02,0,0,0.0,,0,26,2289,,,0,,62,0,1,1
dc,2025,2,2025-W02,0,0,0.0,,0,26,2289,,,0,,62,0,1,1
de,2025,2,2025-W02,0,0,0.0,,0,26,2289,,,0,,62,0,1,1
fl,2025,2,2025-W02,0,0,0.0,,0,26,2289,,,0,,62,0,1,1
ga,2025,2,2025-W02,0,0,0.0,,0,26,2289,,,0,,62,0,1,1
gu,2025,2,2025-W02,0,0,0.0,,0,26,2289,,,0,,62,0,1,1
hi,2025,2,2025-W02,0,0,0.0,,0,26,2289,,,0,,62,0,1,1
ia,2025,2,2025-W02,0,0,0.0,,0,26,2289,,,0,,62,0,1,1
id,2025,2,2025-W02,0,0,0.0,,0,26,2289,,,0,,62,0,1,1
il,2025,2,2025-W02,0,0,0.0,,0,26,2289,,,0,,62,0,1,1
in,2025,2,2025-W02,0,0,0.0,,0,26,2289,,,0,,62,0,1,1
ks,2025,2,2025-W02,0,0,0.0,,0,26,2289,,,0,,62,0,1,1
ky,2025,2,2025-W02,0,0,0.0,,0,26,2289,,,0,,62,0,1,1
la,2025,2,2025-W02,0,0,0.0,,0,26,2289,,,0,,62,0,1,1
ma,2025,2,2025-W02,0,0,0.0,,0,26,2289,,,0,,62,0,1,1
md,2025,2,2025-W02,0,0,0.0,,0,26,2289,,,0,,62,0,1,1
me,2025,2,2025-W02,0,0,0.0,,0,26,2289,,,0,,62,0,1,1
mi,2025,2,2025-W02,0,0,0.0,,0,26,2289,,,0,,62,0,1,1
mn,2025,2,2025-W02,0,0,0.0,,0,26,2289,,,0,,62,0,1,1
mo,2025,2,2025-W02,0,0,0.0,,0,26,2289,,,0,,62,0,1,1
ms,2025,2,2025-W02,0,0,0.0,,0,26,2289,,,0,,62,0,1,1
mt,2025,2,2025-W02,0,0,0.0,,0,26,2289,,,0,,62,0,1,1
nc,2025,2,2025-W02,0,0,0.0,,0,26,2289,,,0,,62,0,1,1
ne,2025,2,2025-W02,0,0,0.0,,0,26,2289,,,0,,62,0,1,1
nh,2025,2,2025-W02,0,0,0.0,,0,26,2289,,,0,,62,0,1,1
nj,2025,2,2025-W02,0,0,0.0,,0,26,2289,,,0,,62,0,1,1
nm,2025,2,2025-W02,0,0,0.0,,0,26,2289,,,0,,62,0,1,1
nv,2025,2,2025-W02,0,0,0.0,,0,26,2289,,,0,,62,0,1,1
ny,2025,2,2025-W02,0,0,0.0,,0,26,2289,,,0,,62,0,1,1
oh,2025,2,2025-W02,0,0,0.0,,0,26,2289,,,0,,62,0,1,1
ok,2025,2,2025-W02,0,0,0.0,,0,26,2289,,,0,,62,0,1,1
or,2025,2,2025-W02,0,0,0.0,,0,26,2289,,,0,,62,0,1,1
pa,2025,2,2025-W02,0,0,0.0,,0,26,2289,,,0,,62,0,1,1
ri,2025,2,2025-W02,0,0,0.0,,0,26,2289,,,0,,62,0,1,1
sc,2025,2,2025-W02,0,0,0.0,,0,26,2289,,,0,,62,0,1,1
sd,2025,2,2025-W02,0,0,0.0,,0,26,2289,,,0,,62,0,1,1
tn,2025,2,2025-W02,0,0,0.0,,0,26,2289,,,0,,62,0,1,1
tx,2025,2,2025-W02,0,0,0.0,,0,26,2289,,,0,,62,0,1,1
ut,2025,2,2025-W02,0,0,0.0,,0,26,2289,,,0,,62,0,1,1
va,2025,2,2025-W02,0,0,0.0,,0,26,2289,,,0,,62,0,1,1
vt,2025,2,2025-W02,0,0,0.0,,0,26,2289,,,0,,62,0,1,1
wa,2025,2,2025-W02,0,0,0.0,,0,26,2289,,,0,,62,0,1,1
wi,2025,2,2025-W02,0,0,0.0,,0,26,2289,,,0,,62,0,1,1
wv,2025,2,2025-W02,0,0,0.0,,0,26,2289,,,0,,62,0,1,1
wy,2025,2,2025-W02,0,0,0.0,,0,26,2289,,,0,,62,0,1,1
ak,2025,3,2025-W03,0,0,0.0,,0,45,2289,,,0,,64,0,1,1
al,2025,3,2025-W03,0,0,0.0,,0,45,2289,,,0,,64,0,1,1
ar,2025,3,2025-W03,0,0,0.0,,0,45,2289,,,0,,64,0,1,1
ca,2025,3,2025-W03,0,0,0.0,,0,45,2289,,,0,,64,0,1,1
co,2025,3,2025-W03,0,0,0.0,,0,45,2289,,,0,,64,0,1,1
ct,2025,3,2025-W03,0,0,0.0,,0,45,2289,,,0,,64,0,1,1
dc,2025,3,2025-W03,0,0,0.0,,0,45,2289,,,0,,64,0,1,1
de,2025,3,2025-W03,0,0,0.0,,0,45,2289,,,0,,64,0,1,1
fl,2025,3,2025-W03,0,0,0.0,,0,45,2289,,,0,,64,0,1,1
ga,2025,3,2025-W03,0,0,0.0,,0,45,2289,,,0,,64,0,1,1
gu,2025,3,2025-W03,0,0,0.0,,0,45,2289,,,0,,64,0,1,1
hi,2025,3,2025-W03,0,0,0.0,,0,45,2289,,,0,,64,0,1,1
ia,2025,3,2025-W03,0,0,0.0,,0,45,2289,,,0,,64,0,1,1
id,2025,3,2025-W03,0,0,0.0,,0,45,2289,,,0,,64,0,1,1
il,2025,3,2025-W03,0,0,0.0,,0,45,2289,,,0,,64,0,1,1
in,2025,3,2025-W03,0,0,0.0,,0,45,2289,,,0,,64,0,1,1
ks,2025,3,2025-W03,0,0,0.0,,0,45,2289,,,0,,64,0,1,1
ky,2025,3,2025-W03,0,0,0.0,,0,45,2289,,,0,,64,0,1,1
la,2025,3,2025-W03,0,0,0.0,,0,45,2289,,,0,,64,0,1,1
ma,2025,3,2025-W03,0,0,0.0,,0,45,2289,,,0,,64,0,1,1
md,2025,3,2025-W03,0,0,0.0,,0,45,2289,,,0,,64,0,1,1
me,2025,3,2025-W03,0,0,0.0,,0,45,2289,,,0,,64,0,1,1
mi,2025,3,2025-W03,0,0,0.0,,0,45,2289,,,0,,64,0,1,1
mn,2025,3,2025-W03,0,0,0.0,,0,45,2289,,,0,,64,0,1,1
mo,2025,3,2025-W03,0,0,0.0,,0,45,2289,,,0,,64,0,1,1
ms,2025,3,2025-W03,0,0,0.0,,0,45,2289,,,0,,64,0,1,1
mt,2025,3,2025-W03,0,0,0.0,,0,45,2289,,,0,,64,0,1,1
nc,2025,3,2025-W03,0,0,0.0,,0,45,2289,,,0,,64,0,1,1
ne,2025,3,2025-W03,0,0,0.0,,0,45,2289,,,0,,64,0,1,1
nh,2025,3,2025-W03,0,0,0.0,,0,45,2289,,,0,,64,0,1,1
nj,2025,3,2025-W03,0,0,0.0,,0,45,2289,,,0,,64,0,1,1
nm,2025,3,2025-W03,0,0,0.0,,0,45,2289,,,0,,64,0,1,1
nv,2025,3,2025-W03,0,0,0.0,,0,45,2289,,,0,,64,0,1,1
ny,2025,3,2025-W03,0,0,0.0,,0,45,2289,,,0,,64,0,1,1
oh,2025,3,2025-W03,0,0,0.0,,0,45,2289,,,0,,64,0,1,1
ok,2025,3,2025-W03,0,0,0.0,,0,45,2289,,,0,,64,0,1,1
or,2025,3,2025-W03,0,0,0.0,,0,45,2289,,,0,,64,0,1,1
pa,2025,3,2025-W03,0,0,0.0,,0,45,2289,,,0,,64,0,1,1
ri,2025,3,2025-W03,0,0,0.0,,0,45,2289,,,0,,64,0,1,1
sc,2025,3,2025-W03,0,0,0.0,,0,45,2289,,,0,,64,0,1,1
sd,2025,3,2025-W03,0,0,0.0,,0,45,2289,,,0,,64,0,1,1
tn,2025,3,2025-W03,0,0,0.0,,0,45,2289,,,0,,64,0,1,1
tx,2025,3,2025-W03,0,0,0.0,,0,45,2289,,,0,,64,0,1,1
ut,2025,3,2025-W03,0,0,0.0,,0,45,2289,,,0,,64,0,1,1
va,2025,3,2025-W03,0,0,0.0,,0,45,2289,,,0,,64,0,1,1
vt,2025,3,2025-W03,0,0,0.0,,0,45,2289,,,0,,64,0,1,1
wa,2025,3,2025-W03,0,0,0.0,,0,45,2289,,,0,,64,0,1,1
wi,2025,3,2025-W03,0,0,0.0,,0,45,2289,,,0,,64,0,1,1
wv,2025,3,2025-W03,0,0,0.0,,0,45,2289,,,0,,64,0,1,1
wy,2025,3,2025-W03,0,0,0.0,,0,45,2289,,,0,,64,0,1,1
ak,2025,4,2025-W04,0,0,0.0,,0,46,2289,,,0,,58,0,1,1
al,2025,4,2025-W04,0,0,0.0,,0,46,2289,,,0,,58,0,1,1
ar,2025,4,2025-W04,0,0,0.0,,0,46,2289,,,0,,58,0,1,1
ca,2025,4,2025-W04,0,0,0.0,,0,46,2289,,,0,,58,0,1,1
co,2025,4,2025-W04,0,0,0.0,,0,46,2289,,,0,,58,0,1,1
ct,2025,4,2025-W04,0,0,0.0,,0,46,2289,,,0,,58,0,1,1
dc,2025,4,2025-W04,0,0,0.0,,0,46,2289,,,0,,58,0,1,1
de,2025,4,2025-W04,0,0,0.0,,0,46,2289,,,0,,58,0,1,1
fl,2025,4,2025-W04,0,0,0.0,,0,46,2289,,,0,,58,0,1,1
ga,2025,4,2025-W04,0,0,0.0,,0,46,2289,,,0,,58,0,1,1
gu,2025,4,2025-W04,0,0,0.0,,0,46,2289,,,0,,58,0,1,1
hi,2025,4,2025-W04,0,0,0.0,,0,46,2289,,,0,,58,0,1,1
ia,2025,4,2025-W04,0,0,0.0,,0,46,2289,,,0,,58,0,1,1
id,2025,4,2025-W04,0,0,0.0,,0,46,2289,,,0,,58,0,1,1
il,2025,4,2025-W04,0,0,0.0,,0,46,2289,,,0,,58,0,1,1
in,2025,4,2025-W04,0,0,0.0,,0,46,2289,,,0,,58,0,1,1
ks,2025,4,2025-W04,0,0,0.0,,0,46,2289,,,0,,58,0,1,1
ky,2025,4,2025-W04,0,0,0.0,,0,46,2289,,,0,,58,0,1,1
la,2025,4,2025-W04,0,0,0.0,,0,46,2289,,,0,,58,0,1,1
ma,2025,4,2025-W04,0,0,0.0,,0,46,2289,,,0,,58,0,1,1
md,2025,4,2025-W04,0,0,0.0,,0,46,2289,,,0,,58,0,1,1
me,2025,4,2025-W04,0,0,0.0,,0,46,2289,,,0,,58,0,1,1
mi,2025,4,2025-W04,0,0,0.0,,0,46,2289,,,0,,58,0,1,1
mn,2025,4,2025-W04,0,0,0.0,,0,46,2289,,,0,,58,0,1,1
mo,2025,4,2025-W04,0,0,0.0,,0,46,2289,,,0,,58,0,1,1
ms,2025,4,2025-W04,0,0,0.0,,0,46,2289,,,0,,58,0,1,1
mt,2025,4,2025-W04,0,0,0.0,,0,46,2289,,,0,,58,0,1,1
nc,2025,4,2025-W04,0,0,0.0,,0,46,2289,,,0,,58,0,1,1
ne,2025,4,2025-W04,0,0,0.0,,0,46,2289,,,0,,58,0,1,1
nh,2025,4,2025-W04,0,0,0.0,,0,46,2289,,,0,,58,0,1,1
nj,2025,4,2025-W04,0,0,0.0,,0,46,2289,,,0,,58,0,1,1
nm,2025,4,2025-W04,0,0,0.0,,0,46,2289,,,0,,58,0,1,1
nv,2025,4,2025-W04,0,0,0.0,,0,46,2289,,,0,,58,0,1,1
ny,2025,4,2025-W04,0,0,0.0,,0,46,2289,,,0,,58,0,1,1
oh,2025,4,2025-W04,0,0,0.0,,0,46,2289,,,0,,58,0,1,1
ok,2025,4,2025-W04,0,0,0.0,,0,46,2289,,,0,,58,0,1,1
or,2025,4,2025-W04,0,0,0.0,,0,46,2289,,,0,,58,0,1,1
pa,2025,4,2025-W04,0,0,0.0,,0,46,2289,,,0,,58,0,1,1
ri,2025,4,2025-W04,0,0,0.0,,0,46,2289,,,0,,58,0,1,1
sc,2025,4,2025-W04,0,0,0.0,,0,46,2289,,,0,,58,0,1,1
sd,2025,4,2025-W04,0,0,0.0,,0,46,2289,,,0,,58,0,1,1
tn,2025,4,2025-W04,0,0,0.0,,0,46,2289,,,0,,58,0,1,1
tx,2025,4,2025-W04,0,0,0.0,,0,46,2289,,,0,,58,0,1,1
ut,2025,4,2025-W04,0,0,0.0,,0,46,2289,,,0,,58,0,1,1
va,2025,4,2025-W04,0,0,0.0,,0,46,2289,,,0,,58,0,1,1
vt,2025,4,2025-W04,0,0,0.0,,0,46,2289,,,0,,58,0,1,1
wa,2025,4,2025-W04,0,0,0.0,,0,46,2289,,,0,,58,0,1,1
wi,2025,4,2025-W04,0,0,0.0,,0,46,2289,,,0,,58,0,1,1
wv,2025,4,2025-W04,0,0,0.0,,0,46,2289,,,0,,58,0,1,1
wy,2025,4,2025-W04,0,0,0.0,,0,46,2289,,,0,,58,0,1,1
ak,2025,5,2025-W05,0,0,0.0,,0,45,2289,,,0,,69,0,1,1
al,2025,5,2025-W05,0,0,0.0,,0,45,2289,,,0,,69,0,1,1
ar,2025,5,2025-W05,0,0,0.0,,0,45,2289,,,0,,69,0,1,1
ca,2025,5,2025-W05,0,0,0.0,,0,45,2289,,,0,,69,0,1,1
co,2025,5,2025-W05,0,0,0.0,,0,45,2289,,,0,,69,0,1,1
ct,2025,5,2025-W05,0,0,0.0,,0,45,2289,,,0,,69,0,1,1
dc,2025,5,2025-W05,0,0,0.0,,0,45,2289,,,0,,69,0,1,1
de,2025,5,2025-W05,0,0,0.0,,0,45,2289,,,0,,69,0,1,1
fl,2025,5,2025-W05,0,0,0.0,,0,45,2289,,,0,,69,0,1,1
ga,2025,5,2025-W05,0,0,0.0,,0,45,2289,,,0,,69,0,1,1
gu,2025,5,2025-W05,0,0,0.0,,0,45,2289,,,0,,69,0,1,1
hi,2025,5,2025-W05,0,0,0.0,,0,45,2289,,,0,,69,0,1,1
ia,2025,5,2025-W05,0,0,0.0,,0,45,2289,,,0,,69,0,1,1
id,2025,5,2025-W05,0,0,0.0,,0,45,2289,,,0,,69,0,1,1
il,2025,5,2025-W05,0,0,0.0,,0,45,2289,,,0,,69,0,1,1
in,2025,5,2025-W05,0,0,0.0,,0,45,2289,,,0,,69,0,1,1
ks,2025,5,2025-W05,0,0,0.0,,0,45,2289,,,0,,69,0,1,1
ky,2025,5,2025-W05,0,0,0.0,,0,45,2289,,,0,,69,0,1,1
la,2025,5,2025-W05,0,0,0.0,,0,45,2289,,,0,,69,0,1,1
ma,2025,5,2025-W05,0,0,0.0,,0,45,2289,,,0,,69,0,1,1
md,2025,5,2025-W05,0,0,0.0,,0,45,2289,,,0,,69,0,1,1
me,2025,5,2025-W05,0,0,0.0,,0,45,2289,,,0,,69,0,1,1
mi,2025,5,2025-W05,0,0,0.0,,0,45,2289,,,0,,69,0,1,1
mn,2025,5,2025-W05,0,0,0.0,,0,45,2289,,,0,,69,0,1,1
mo,2025,5,2025-W05,0,0,0.0,,0,45,2289,,,0,,69,0,1,1
ms,2025,5,2025-W05,0,0,0.0,,0,45,2289,,,0,,69,0,1,1
mt,2025,5,2025-W05,0,0,0.0,,0,45,2289,,,0,,69,0,1,1
nc,2025,5,2025-W05,0,0,0.0,,0,45,2289,,,0,,69,0,1,1
ne,2025,5,2025-W05,0,0,0.0,,0,45,2289,,,0,,69,0,1,1
nh,2025,5,2025-W05,0,0,0.0,,0,45,2289,,,0,,69,0,1,1
nj,2025,5,2025-W05,0,0,0.0,,0,45,2289,,,0,,69,0,1,1
nm,2025,5,2025-W05,0,0,0.0,,0,45,2289,,,0,,69,0,1,1
nv,2025,5,2025-W05,0,0,0.0,,0,45,2289,,,0,,69,0,1,1
ny,2025,5,2025-W05,0,0,0.0,,0,45,2289,,,0,,69,0,1,1
oh,2025,5,2025-W05,0,0,0.0,,0,45,2289,,,0,,69,0,1,1
ok,2025,5,2025-W05,0,0,0.0,,0,45,2289,,,0,,69,0,1,1
or,2025,5,2025-W05,0,0,0.0,,0,45,2289,,,0,,69,0,1,1
pa,2025,5,2025-W05,0,0,0.0,,0,45,2289,,,0,,69,0,1,1
ri,2025,5,2025-W05,0,0,0.0,,0,45,2289,,,0,,69,0,1,1
sc,2025,5,2025-W05,0,0,0.0,,0,45,2289,,,0,,69,0,1,1
sd,2025,5,2025-W05,0,0,0.0,,0,45,2289,,,0,,69,0,1,1
tn,2025,5,2025-W05,0,0,0.0,,0,45,2289,,,0,,69,0,1,1
tx,2025,5,2025-W05,6,0,0.0,0.0,1,45,2289,,,0,,69,0,1,1
ut,2025,5,2025-W05,0,0,0.0,,0,45,2289,,,0,,69,0,1,1
va,2025,5,2025-W05,0,0,0.0,,0,45,2289,,,0,,69,0,1,1
vt,2025,5,2025-W05,0,0,0.0,,0,45,2289,,,0,,69,0,1,1
wa,2025,5,2025-W05,0,0,0.0,,0,45,2289,,,0,,69,0,1,1
wi,2025,5,2025-W05,0,0,0.0,,0,45,2289,,,0,,69,0,1,1
wv,2025,5,2025-W05,0,0,0.0,,0,45,2289,,,0,,69,0,1,1
wy,2025,5,2025-W05,0,0,0.0,,0,45,2289,,,0,,69,0,1,1
ak,2025,6,2025-W06,0,0,0.0,,0,50,2289,,,0,,70,0,1,1
al,2025,6,2025-W06,0,0,0.0,,0,50,2289,,,0,,70,0,1,1
ar,2025,6,2025-W06,0,0,0.0,,0,50,2289,,,0,,70,0,1,1
ca,2025,6,2025-W06,0,0,0.0,,0,50,2289,,,0,,70,0,1,1
co,2025,6,2025-W06,0,0,0.0,,0,50,2289,,,0,,70,0,1,1
ct,2025,6,2025-W06,0,0,0.0,,0,50,2289,,,0,,70,0,1,1
dc,2025,6,2025-W06,0,0,0.0,,0,50,2289,,,0,,70,0,1,1
de,2025,6,2025-W06,0,0,0.0,,0,50,2289,,,0,,70,0,1,1
fl,2025,6,2025-W06,0,0,0.0,,0,50,2289,,,0,,70,0,1,1
ga,2025,6,2025-W06,0,0,0.0,,0,50,2289,,,0,,70,0,1,1
gu,2025,6,2025-W06,0,0,0.0,,0,50,2289,,,0,,70,0,1,1
hi,2025,6,2025-W06,0,0,0.0,,0,50,2289,,,0,,70,0,1,1
ia,2025,6,2025-W06,0,0,0.0,,0,50,2289,,,0,,70,0,1,1
id,2025,6,2025-W06,0,0,0.0,,0,50,2289,,,0,,70,0,1,1
il,2025,6,2025-W06,0,0,0.0,,0,50,2289,,,0,,70,0,1,1
in,2025,6,2025-W06,0,0,0.0,,0,50,2289,,,0,,70,0,1,1
ks,2025,6,2025-W06,0,0,0.0,,0,50,2289,,,0,,70,0,1,1
ky,2025,6,2025-W06,0,0,0.0,,0,50,2289,,,0,,70,0,1,1
la,2025,6,2025-W06,0,0,0.0,,0,50,2289,,,0,,70,0,1,1
ma,2025,6,2025-W06,0,0,0.0,,0,50,2289,,,0,,70,0,1,1
md,2025,6,2025-W06,0,0,0.0,,0,50,2289,,,0,,70,0,1,1
me,2025,6,2025-W06,0,0,0.0,,0,50,2289,,,0,,70,0,1,1
mi,2025,6,2025-W06,0,0,0.0,,0,50,2289,,,0,,70,0,1,1
mn,2025,6,2025-W06,0,0,0.0,,0,50,2289,,,0,,70,0,1,1
mo,2025,6,2025-W06,0,0,0.0,,0,50,2289,,,0,,70,0,1,1
ms,2025,6,2025-W06,0,0,0.0,,0,50,2289,,,0,,70,0,1,1
mt,2025,6,2025-W06,0,0,0.0,,0,50,2289,,,0,,70,0,1,1
nc,2025,6,2025-W06,0,0,0.0,,0,50,2289,,,0,,70,0,1,1
ne,2025,6,2025-W06,0,0,0.0,,0,50,2289,,,0,,70,0,1,1
nh,2025,6,2025-W06,0,0,0.0,,0,50,2289,,,0,,70,0,1,1
nj,2025,6,2025-W06,0,0,0.0,,0,50,2289,,,0,,70,0,1,1
nm,2025,6,2025-W06,0,0,0.0,,0,50,2289,,,0,,70,0,1,1
nv,2025,6,2025-W06,0,0,0.0,,0,50,2289,,,0,,70,0,1,1
ny,2025,6,2025-W06,0,0,0.0,,0,50,2289,,,0,,70,0,1,1
oh,2025,6,2025-W06,0,0,0.0,,0,50,2289,,,0,,70,0,1,1
ok,2025,6,2025-W06,0,0,0.0,,0,50,2289,,,0,,70,0,1,1
or,2025,6,2025-W06,0,0,0.0,,0,50,2289,,,0,,70,0,1,1
pa,2025,6,2025-W06,0,0,0.0,,0,50,2289,,,0,,70,0,1,1
ri,2025,6,2025-W06,0,0,0.0,,0,50,2289,,,0,,70,0,1,1
sc,2025,6,2025-W06,0,0,0.0,,0,50,2289,,,0,,70,0,1,1
sd,2025,6,2025-W06,0,0,0.0,,0,50,2289,,,0,,70,0,1,1
tn,2025,6,2025-W06,0,0,0.0,,0,50,2289,,,0,,70,0,1,1
tx,2025,6,2025-W06,4,0,0.0,0.0,1,50,2289,,,0,,70,0,1,1
ut,2025,6,2025-W06,0,0,0.0,,0,50,2289,,,0,,70,0,1,1
va,2025,6,2025-W06,0,0,0.0,,0,50,2289,,,0,,70,0,1,1
vt,2025,6,2025-W06,0,0,0.0,,0,50,2289,,,0,,70,0,1,1
wa,2025,6,2025-W06,0,0,0.0,,0,50,2289,,,0,,70,0,1,1
wi,2025,6,2025-W06,0,0,0.0,,0,50,2289,,,0,,70,0,1,1
wv,2025,6,2025-W06,0,0,0.0,,0,50,2289,,,0,,70,0,1,1
wy,2025,6,2025-W06,0,0,0.0,,0,50,2289,,,0,,70,0,1,1
ak,2025,7,2025-W07,0,0,0.0,,0,56,2289,,,0,,52,0,1,1
al,2025,7,2025-W07,0,0,0.0,,0,56,2289,,,0,,52,0,1,1
ar,2025,7,2025-W07,0,0,0.0,,0,56,2289,,,0,,52,0,1,1
ca,2025,7,2025-W07,0,0,0.0,,0,56,2289,,,0,,52,0,1,1
co,2025,7,2025-W07,0,0,0.0,,0,56,2289,,,0,,52,0,1,1
ct,2025,7,2025-W07,0,0,0.0,,0,56,2289,,,0,,52,0,1,1
dc,2025,7,2025-W07,0,0,0.0,,0,56,2289,,,0,,52,0,1,1
de,2025,7,2025-W07,0,0,0.0,,0,56,2289,,,0,,52,0,1,1
fl,2025,7,2025-W07,0,0,0.0,,0,56,2289,,,0,,52,0,1,1
ga,2025,7,2025-W07,0,0,0.0,,0,56,2289,,,0,,52,0,1,1
gu,2025,7,2025-W07,0,0,0.0,,0,56,2289,,,0,,52,0,1,1
hi,2025,7,2025-W07,0,0,0.0,,0,56,2289,,,0,,52,0,1,1
ia,2025,7,2025-W07,0,0,0.0,,0,56,2289,,,0,,52,0,1,1
id,2025,7,2025-W07,0,0,0.0,,0,56,2289,,,0,,52,0,1,1
il,2025,7,2025-W07,0,0,0.0,,0,56,2289,,,0,,52,0,1,1
in,2025,7,2025-W07,0,0,0.0,,0,56,2289,,,0,,52,0,1,1
ks,2025,7,2025-W07,0,0,0.0,,0,56,2289,,,0,,52,0,1,1
ky,2025,7,2025-W07,0,0,0.0,,0,56,2289,,,0,,52,0,1,1
la,2025,7,2025-W07,0,0,0.0,,0,56,2289,,,0,,52,0,1,1
ma,2025,7,2025-W07,0,0,0.0,,0,56,2289,,,0,,52,0,1,1
md,2025,7,2025-W07,0,0,0.0,,0,56,2289,,,0,,52,0,1,1
me,2025,7,2025-W07,0,0,0.0,,0,56,2289,,,0,,52,0,1,1
mi,2025,7,2025-W07,0,0,0.0,,0,56,2289,,,0,,52,0,1,1
mn,2025,7,2025-W07,0,0,0.0,,0,56,2289,,,0,,52,0,1,1
mo,2025,7,2025-W07,0,0,0.0,,0,56,2289,,,0,,52,0,1,1
ms,2025,7,2025-W07,0,0,0.0,,0,56,2289,,,0,,52,0,1,1
mt,2025,7,2025-W07,0,0,0.0,,0,56,2289,,,0,,52,0,1,1
nc,2025,7,2025-W07,0,0,0.0,,0,56,2289,,,0,,52,0,1,1
ne,2025,7,2025-W07,0,0,0.0,,0,56,2289,,,0,,52,0,1,1
nh,2025,7,2025-W07,0,0,0.0,,0,56,2289,,,0,,52,0,1,1
nj,2025,7,2025-W07,0,0,0.0,,0,56,2289,,,0,,52,0,1,1
nm,2025,7,2025-W07,0,0,0.0,,0,56,2289,,,0,,52,0,1,1
nv,2025,7,2025-W07,0,0,0.0,,0,56,2289,,,0,,52,0,1,1
ny,2025,7,2025-W07,0,0,0.0,,0,56,2289,,,0,,52,0,1,1
oh,2025,7,2025-W07,0,0,0.0,,0,56,2289,,,0,,52,0,1,1
ok,2025,7,2025-W07,0,0,0.0,,0,56,2289,,,0,,52,0,1,1
or,2025,7,2025-W07,0,0,0.0,,0,56,2289,,,0,,52,0,1,1
pa,2025,7,2025-W07,0,0,0.0,,0,56,2289,,,0,,52,0,1,1
ri,2025,7,2025-W07,0,0,0.0,,0,56,2289,,,0,,52,0,1,1
sc,2025,7,2025-W07,0,0,0.0,,0,56,2289,,,0,,52,0,1,1
sd,2025,7,2025-W07,0,0,0.0,,0,56,2289,,,0,,52,0,1,1
tn,2025,7,2025-W07,0,0,0.0,,0,56,2289,,,0,,52,0,1,1
tx,2025,7,2025-W07,5,0,0.0,0.0,1,56,2289,,,0,,52,0,1,1
ut,2025,7,2025-W07,0,0,0.0,,0,56,2289,,,0,,52,0,1,1
va,2025,7,2025-W07,0,0,0.0,,0,56,2289,,,0,,52,0,1,1
vt,2025,7,2025-W07,0,0,0.0,,0,56,2289,,,0,,52,0,1,1
wa,2025,7,2025-W07,0,0,0.0,,0,56,2289,,,0,,52,0,1,1
wi,2025,7,2025-W07,0,0,0.0,,0,56,2289,,,0,,52,0,1,1
wv,2025,7,2025-W07,0,0,0.0,,0,56,2289,,,0,,52,0,1,1
wy,2025,7,2025-W07,0,0,0.0,,0,56,2289,,,0,,52,0,1,1
ak,2025,8,2025-W08,0,0,0.0,,0,58,2289,,,0,,63,0,1,1
al,2025,8,2025-W08,0,0,0.0,,0,58,2289,,,0,,63,0,1,1
ar,2025,8,2025-W08,0,0,0.0,,0,58,2289,,,0,,63,0,1,1
ca,2025,8,2025-W08,0,0,0.0,,0,58,2289,,,0,,63,0,1,1
co,2025,8,2025-W08,0,0,0.0,,0,58,2289,,,0,,63,0,1,1
ct,2025,8,2025-W08,0,0,0.0,,0,58,2289,,,0,,63,0,1,1
dc,2025,8,2025-W08,0,0,0.0,,0,58,2289,,,0,,63,0,1,1
de,2025,8,2025-W08,0,0,0.0,,0,58,2289,,,0,,63,0,1,1
fl,2025,8,2025-W08,0,0,0.0,,0,58,2289,,,0,,63,0,1,1
ga,2025,8,2025-W08,0,0,0.0,,0,58,2289,,,0,,63,0,1,1
gu,2025,8,2025-W08,0,0,0.0,,0,58,2289,,,0,,63,0,1,1
hi,2025,8,2025-W08,0,0,0.0,,0,58,2289,,,0,,63,0,1,1
ia,2025,8,2025-W08,0,0,0.0,,0,58,2289,,,0,,63,0,1,1
id,2025,8,2025-W08,0,0,0.0,,0,58,2289,,,0,,63,0,1,1
il,2025,8,2025-W08,0,0,0.0,,0,58,2289,,,0,,63,0,1,1
in,2025,8,2025-W08,0,0,0.0,,0,58,2289,,,0,,63,0,1,1
ks,2025,8,2025-W08,0,0,0.0,,0,58,2289,,,0,,63,0,1,1
ky,2025,8,2025-W08,0,0,0.0,,0,58,2289,,,0,,63,0,1,1
la,2025,8,2025-W08,0,0,0.0,,0,58,2289,,,0,,63,0,1,1
ma,2025,8,2025-W08,0,0,0.0,,0,58,2289,,,0,,63,0,1,1
md,2025,8,2025-W08,0,0,0.0,,0,58,2289,,,0,,63,0,1,1
me,2025,8,2025-W08,0,0,0.0,,0,58,2289,,,0,,63,0,1,1
mi,2025,8,2025-W08,0,0,0.0,,0,58,2289,,,0,,63,0,1,1
mn,2025,8,2025-W08,0,0,0.0,,0,58,2289,,,0,,63,0,1,1
mo,2025,8,2025-W08,0,0,0.0,,0,58,2289,,,0,,63,0,1,1
ms,2025,8,2025-W08,0,0,0.0,,0,58,2289,,,0,,63,0,1,1
mt,2025,8,2025-W08,0,0,0.0,,0,58,2289,,,0,,63,0,1,1
nc,2025,8,2025-W08,0,0,0.0,,0,58,2289,,,0,,63,0,1,1
ne,2025,8,2025-W08,0,0,0.0,,0,58,2289,,,0,,63,0,1,1
nh,2025,8,2025-W08,0,0,0.0,,0,58,2289,,,0,,63,0,1,1
nj,2025,8,2025-W08,0,0,0.0,,0,58,2289,,,0,,63,0,1,1
nm,2025,8,2025-W08,0,0,0.0,,0,58,2289,,,0,,63,0,1,1
nv,2025,8,2025-W08,0,0,0.0,,0,58,2289,,,0,,63,0,1,1
ny,2025,8,2025-W08,0,0,0.0,,0,58,2289,,,0,,63,0,1,1
oh,2025,8,2025-W08,0,0,0.0,,0,58,2289,,,0,,63,0,1,1
ok,2025,8,2025-W08,0,0,0.0,,0,58,2289,,,0,,63,0,1,1
or,2025,8,2025-W08,0,0,0.0,,0,58,2289,,,0,,63,0,1,1
pa,2025,8,2025-W08,0,0,0.0,,0,58,2289,,,0,,63,0,1,1
ri,2025,8,2025-W08,0,0,0.0,,0,58,2289,,,0,,63,0,1,1
sc,2025,8,2025-W08,0,0,0.0,,0,58,2289,,,0,,63,0,1,1
sd,2025,8,2025-W08,0,0,0.0,,0,58,2289,,,0,,63,0,1,1
tn,2025,8,2025-W08,0,0,0.0,,0,58,2289,,,0,,63,0,1,1
tx,2025,8,2025-W08,5,0,0.0,0.0,1,58,2289,,,0,,63,0,1,1
ut,2025,8,2025-W08,0,0,0.0,,0,58,2289,,,0,,63,0,1,1
va,2025,8,2025-W08,0,0,0.0,,0,58,2289,,,0,,63,0,1,1
vt,2025,8,2025-W08,0,0,0.0,,0,58,2289,,,0,,63,0,1,1
wa,2025,8,2025-W08,0,0,0.0,,0,58,2289,,,0,,63,0,1,1
wi,2025,8,2025-W08,0,0,0.0,,0,58,2289,,,0,,63,0,1,1
wv,2025,8,2025-W08,0,0,0.0,,0,58,2289,,,0,,63,0,1,1
wy,2025,8,2025-W08,0,0,0.0,,0,58,2289,,,0,,63,0,1,1
ak,2025,9,2025-W09,0,0,0.0,,0,73,2289,,,0,,63,0,1,1
al,2025,9,2025-W09,0,0,0.0,,0,73,2289,,,0,,63,0,1,1
ar,2025,9,2025-W09,0,0,0.0,,0,73,2289,,,0,,63,0,1,1
ca,2025,9,2025-W09,0,0,0.0,,0,73,2289,,,0,,63,0,1,1
co,2025,9,2025-W09,0,0,0.0,,0,73,2289,,,0,,63,0,1,1
ct,2025,9,2025-W09,0,0,0.0,,0,73,2289,,,0,,63,0,1,1
dc,2025,9,2025-W09,0,0,0.0,,0,73,2289,,,0,,63,0,1,1
de,2025,9,2025-W09,0,0,0.0,,0,73,2289,,,0,,63,0,1,1
fl,2025,9,2025-W09,0,0,0.0,,0,73,2289,,,0,,63,0,1,1
ga,2025,9,2025-W09,0,0,0.0,,0,73,2289,,,0,,63,0,1,1
gu,2025,9,2025-W09,0,0,0.0,,0,73,2289,,,0,,63,0,1,1
hi,2025,9,2025-W09,0,0,0.0,,0,73,2289,,,0,,63,0,1,1
ia,2025,9,2025-W09,0,0,0.0,,0,73,2289,,,0,,63,0,1,1
id,2025,9,2025-W09,0,0,0.0,,0,73,2289,,,0,,63,0,1,1
il,2025,9,2025-W09,0,0,0.0,,0,73,2289,,,0,,63,0,1,1
in,2025,9,2025-W09,0,0,0.0,,0,73,2289,,,0,,63,0,1,1
ks,2025,9,2025-W09,0,0,0.0,,0,73,2289,,,0,,63,0,1,1
ky,2025,9,2025-W09,0,0,0.0,,0,73,2289,,,0,,63,0,1,1
la,2025,9,2025-W09,0,0,0.0,,0,73,2289,,,0,,63,0,1,1
ma,2025,9,2025-W09,0,0,0.0,,0,73,2289,,,0,,63,0,1,1
md,2025,9,2025-W09,0,0,0.0,,0,73,2289,,,0,,63,0,1,1
me,2025,9,2025-W09,0,0,0.0,,0,73,2289,,,0,,63,0,1,1
mi,2025,9,2025-W09,0,0,0.0,,0,73,2289,,,0,,63,0,1,1
mn,2025,9,2025-W09,0,0,0.0,,0,73,2289,,,0,,63,0,1,1
mo,2025,9,2025-W09,0,0,0.0,,0,73,2289,,,0,,63,0,1,1
ms,2025,9,2025-W09,0,0,0.0,,0,73,2289,,,0,,63,0,1,1
mt,2025,9,2025-W09,0,0,0.0,,0,73,2289,,,0,,63,0,1,1
nc,2025,9,2025-W09,0,0,0.0,,0,73,2289,,,0,,63,0,1,1
ne,2025,9,2025-W09,0,0,0.0,,0,73,2289,,,0,,63,0,1,1
nh,2025,9,2025-W09,0,0,0.0,,0,73,2289,,,0,,63,0,1,1
nj,2025,9,2025-W09,0,0,0.0,,0,73,2289,,,0,,63,0,1,1
nm,2025,9,2025-W09,0,0,0.0,,0,73,2289,,,0,,63,0,1,1
nv,2025,9,2025-W09,0,0,0.0,,0,73,2289,,,0,,63,0,1,1
ny,2025,9,2025-W09,0,0,0.0,,0,73,2289,,,0,,63,0,1,1
oh,2025,9,2025-W09,0,0,0.0,,0,73,2289,,,0,,63,0,1,1
ok,2025,9,2025-W09,0,0,0.0,,0,73,2289,,,0,,63,0,1,1
or,2025,9,2025-W09,0,0,0.0,,0,73,2289,,,0,,63,0,1,1
pa,2025,9,2025-W09,0,0,0.0,,0,73,2289,,,0,,63,0,1,1
ri,2025,9,2025-W09,0,0,0.0,,0,73,2289,,,0,,63,0,1,1
sc,2025,9,2025-W09,0,0,0.0,,0,73,2289,,,0,,63,0,1,1
sd,2025,9,2025-W09,0,0,0.0,,0,73,2289,,,0,,63,0,1,1
tn,2025,9,2025-W09,0,0,0.0,,0,73,2289,,,0,,63,0,1,1
tx,2025,9,2025-W09,7,0,0.0,62.28285714285715,1,73,2289,,,0,,63,0,1,1
ut,2025,9,2025-W09,0,0,0.0,,0,73,2289,,,0,,63,0,1,1
va,2025,9,2025-W09,0,0,0.0,,0,73,2289,,,0,,63,0,1,1
vt,2025,9,2025-W09,0,0,0.0,,0,73,2289,,,0,,63,0,1,1
wa,2025,9,2025-W09,0,0,0.0,,0,73,2289,,,0,,63,0,1,1
wi,2025,9,2025-W09,0,0,0.0,,0,73,2289,,,0,,63,0,1,1
wv,2025,9,2025-W09,0,0,0.0,,0,73,2289,,,0,,63,0,1,1
wy,2025,9,2025-W09,0,0,0.0,,0,73,2289,,,0,,63,0,1,1
ak,2025,10,2025-W10,0,0,0.0,,0,60,2289,,,0,,61,0,1,1
al,2025,10,2025-W10,0,0,0.0,,0,60,2289,,,0,,61,0,1,1
ar,2025,10,2025-W10,0,0,0.0,,0,60,2289,,,0,,61,0,1,1
ca,2025,10,2025-W10,0,0,0.0,,0,60,2289,,,0,,61,0,1,1
co,2025,10,2025-W10,0,0,0.0,,0,60,2289,,,0,,61,0,1,1
ct,2025,10,2025-W10,0,0,0.0,,0,60,2289,,,0,,61,0,1,1
dc,2025,10,2025-W10,0,0,0.0,,0,60,2289,,,0,,61,0,1,1
de,2025,10,2025-W10,0,0,0.0,,0,60,2289,,,0,,61,0,1,1
fl,2025,10,2025-W10,0,0,0.0,,0,60,2289,,,0,,61,0,1,1
ga,2025,10,2025-W10,0,0,0.0,,0,60,2289,,,0,,61,0,1,1
gu,2025,10,2025-W10,0,0,0.0,,0,60,2289,,,0,,61,0,1,1
hi,2025,10,2025-W10,0,0,0.0,,0,60,2289,,,0,,61,0,1,1
ia,2025,10,2025-W10,0,0,0.0,,0,60,2289,,,0,,61,0,1,1
id,2025,10,2025-W10,0,0,0.0,,0,60,2289,,,0,,61,0,1,1
il,2025,10,2025-W10,0,0,0.0,,0,60,2289,,,0,,61,0,1,1
in,2025,10,2025-W10,0,0,0.0,,0,60,2289,,,0,,61,0,1,1
ks,2025,10,2025-W10,0,0,0.0,,0,60,2289,,,0,,61,0,1,1
ky,2025,10,2025-W10,0,0,0.0,,0,60,2289,,,0,,61,0,1,1
la,2025,10,2025-W10,0,0,0.0,,0,60,2289,,,0,,61,0,1,1
ma,2025,10,2025-W10,0,0,0.0,,0,60,2289,,,0,,61,0,1,1
md,2025,10,2025-W10,0,0,0.0,,0,60,2289,,,0,,61,0,1,1
me,2025,10,2025-W10,0,0,0.0,,0,60,2289,,,0,,61,0,1,1
mi,2025,10,2025-W10,0,0,0.0,,0,60,2289,,,0,,61,0,1,1
mn,2025,10,2025-W10,0,0,0.0,,0,60,2289,,,0,,61,0,1,1
mo,2025,10,2025-W10,0,0,0.0,,0,60,2289,,,0,,61,0,1,1
ms,2025,10,2025-W10,0,0,0.0,,0,60,2289,,,0,,61,0,1,1
mt,2025,10,2025-W10,0,0,0.0,,0,60,2289,,,0,,61,0,1,1
nc,2025,10,2025-W10,0,0,0.0,,0,60,2289,,,0,,61,0,1,1
ne,2025,10,2025-W10,0,0,0.0,,0,60,2289,,,0,,61,0,1,1
nh,2025,10,2025-W10,0,0,0.0,,0,60,2289,,,0,,61,0,1,1
nj,2025,10,2025-W10,0,0,0.0,,0,60,2289,,,0,,61,0,1,1
nm,2025,10,2025-W10,0,0,0.0,,0,60,2289,,,0,,61,0,1,1
nv,2025,10,2025-W10,0,0,0.0,,0,60,2289,,,0,,61,0,1,1
ny,2025,10,2025-W10,0,0,0.0,,0,60,2289,,,0,,61,0,1,1
oh,2025,10,2025-W10,0,0,0.0,,0,60,2289,,,0,,61,0,1,1
ok,2025,10,2025-W10,0,0,0.0,,0,60,2289,,,0,,61,0,1,1
or,2025,10,2025-W10,0,0,0.0,,0,60,2289,,,0,,61,0,1,1
pa,2025,10,2025-W10,0,0,0.0,,0,60,2289,,,0,,61,0,1,1
ri,2025,10,2025-W10,0,0,0.0,,0,60,2289,,,0,,61,0,1,1
sc,2025,10,2025-W10,0,0,0.0,,0,60,2289,,,0,,61,0,1,1
sd,2025,10,2025-W10,0,0,0.0,,0,60,2289,,,0,,61,0,1,1
tn,2025,10,2025-W10,0,0,0.0,,0,60,2289,,,0,,61,0,1,1
tx,2025,10,2025-W10,12,0,0.0,0.0,1,60,2289,,,0,,61,0,1,1
ut,2025,10,2025-W10,0,0,0.0,,0,60,2289,,,0,,61,0,1,1
va,2025,10,2025-W10,0,0,0.0,,0,60,2289,,,0,,61,0,1,1
vt,2025,10,2025-W10,0,0,0.0,,0,60,2289,,,0,,61,0,1,1
wa,2025,10,2025-W10,0,0,0.0,,0,60,2289,,,0,,61,0,1,1
wi,2025,10,2025-W10,0,0,0.0,,0,60,2289,,,0,,61,0,1,1
wv,2025,10,2025-W10,0,0,0.0,,0,60,2289,,,0,,61,0,1,1
wy,2025,10,2025-W10,0,0,0.0,,0,60,2289,,,0,,61,0,1,1
ak,2025,11,2025-W11,0,0,0.0,,0,66,2289,,,0,,57,0,1,1
al,2025,11,2025-W11,0,0,0.0,,0,66,2289,,,0,,57,0,1,1
ar,2025,11,2025-W11,0,0,0.0,,0,66,2289,,,0,,57,0,1,1
ca,2025,11,2025-W11,0,0,0.0,,0,66,2289,,,0,,57,0,1,1
co,2025,11,2025-W11,0,0,0.0,,0,66,2289,,,0,,57,0,1,1
ct,2025,11,2025-W11,0,0,0.0,,0,66,2289,,,0,,57,0,1,1
dc,2025,11,2025-W11,0,0,0.0,,0,66,2289,,,0,,57,0,1,1
de,2025,11,2025-W11,0,0,0.0,,0,66,2289,,,0,,57,0,1,1
fl,2025,11,2025-W11,0,0,0.0,,0,66,2289,,,0,,57,0,1,1
ga,2025,11,2025-W11,0,0,0.0,,0,66,2289,,,0,,57,0,1,1
gu,2025,11,2025-W11,0,0,0.0,,0,66,2289,,,0,,57,0,1,1
hi,2025,11,2025-W11,0,0,0.0,,0,66,2289,,,0,,57,0,1,1
ia,2025,11,2025-W11,0,0,0.0,,0,66,2289,,,0,,57,0,1,1
id,2025,11,2025-W11,0,0,0.0,,0,66,2289,,,0,,57,0,1,1
il,2025,11,2025-W11,0,0,0.0,,0,66,2289,,,0,,57,0,1,1
in,2025,11,2025-W11,0,0,0.0,,0,66,2289,,,0,,57,0,1,1
ks,2025,11,2025-W11,0,0,0.0,,0,66,2289,,,0,,57,0,1,1
ky,2025,11,2025-W11,0,0,0.0,,0,66,2289,,,0,,57,0,1,1
la,2025,11,2025-W11,0,0,0.0,,0,66,2289,,,0,,57,0,1,1
ma,2025,11,2025-W11,0,0,0.0,,0,66,2289,,,0,,57,0,1,1
md,2025,11,2025-W11,0,0,0.0,,0,66,2289,,,0,,57,0,1,1
me,2025,11,2025-W11,0,0,0.0,,0,66,2289,,,0,,57,0,1,1
mi,2025,11,2025-W11,0,0,0.0,,0,66,2289,,,0,,57,0,1,1
mn,2025,11,2025-W11,0,0,0.0,,0,66,2289,,,0,,57,0,1,1
mo,2025,11,2025-W11,0,0,0.0,,0,66,2289,,,0,,57,0,1,1
ms,2025,11,2025-W11,0,0,0.0,,0,66,2289,,,0,,57,0,1,1
mt,2025,11,2025-W11,0,0,0.0,,0,66,2289,,,0,,57,0,1,1
nc,2025,11,2025-W11,0,0,0.0,,0,66,2289,,,0,,57,0,1,1
ne,2025,11,2025-W11,0,0,0.0,,0,66,2289,,,0,,57,0,1,1
nh,2025,11,2025-W11,0,0,0.0,,0,66,2289,,,0,,57,0,1,1
nj,2025,11,2025-W11,0,0,0.0,,0,66,2289,,,0,,57,0,1,1
nm,2025,11,2025-W11,0,0,0.0,,0,66,2289,,,0,,57,0,1,1
nv,2025,11,2025-W11,0,0,0.0,,0,66,2289,,,0,,57,0,1,1
ny,2025,11,2025-W11,0,0,0.0,,0,66,2289,,,0,,57,0,1,1
oh,2025,11,2025-W11,0,0,0.0,,0,66,2289,,,0,,57,0,1,1
ok,2025,11,2025-W11,0,0,0.0,,0,66,2289,,,0,,57,0,1,1
or,2025,11,2025-W11,0,0,0.0,,0,66,2289,,,0,,57,0,1,1
pa,2025,11,2025-W11,0,0,0.0,,0,66,2289,,,0,,57,0,1,1
ri,2025,11,2025-W11,0,0,0.0,,0,66,2289,,,0,,57,0,1,1
sc,2025,11,2025-W11,0,0,0.0,,0,66,2289,,,0,,57,0,1,1
sd,2025,11,2025-W11,0,0,0.0,,0,66,2289,,,0,,57,0,1,1
tn,2025,11,2025-W11,0,0,0.0,,0,66,2289,,,0,,57,0,1,1
tx,2025,11,2025-W11,18,0,0.0,0.0,1,66,2289,,,0,,57,0,1,1
ut,2025,11,2025-W11,0,0,0.0,,0,66,2289,,,0,,57,0,1,1
va,2025,11,2025-W11,0,0,0.0,,0,66,2289,,,0,,57,0,1,1
vt,2025,11,2025-W11,0,0,0.0,,0,66,2289,,,0,,57,0,1,1
wa,2025,11,2025-W11,0,0,0.0,,0,66,2289,,,0,,57,0,1,1
wi,2025,11,2025-W11,0,0,0.0,,0,66,2289,,,0,,57,0,1,1
wv,2025,11,2025-W11,0,0,0.0,,0,66,2289,,,0,,57,0,1,1
wy,2025,11,2025-W11,0,0,0.0,,0,66,2289,,,0,,57,0,1,1
ak,2025,12,2025-W12,0,0,0.0,,0,79,2289,,,0,,55,0,1,1
al,2025,12,2025-W12,0,0,0.0,,0,79,2289,,,0,,55,0,1,1
ar,2025,12,2025-W12,0,0,0.0,,0,79,2289,,,0,,55,0,1,1
ca,2025,12,2025-W12,0,0,0.0,,0,79,2289,,,0,,55,0,1,1
co,2025,12,2025-W12,0,0,0.0,,0,79,2289,,,0,,55,0,1,1
ct,2025,12,2025-W12,0,0,0.0,,0,79,2289,,,0,,55,0,1,1
dc,2025,12,2025-W12,0,0,0.0,,0,79,2289,,,0,,55,0,1,1
de,2025,12,2025-W12,0,0,0.0,,0,79,2289,,,0,,55,0,1,1
fl,2025,12,2025-W12,0,0,0.0,,0,79,2289,,,0,,55,0,1,1
ga,2025,12,2025-W12,0,0,0.0,,0,79,2289,,,0,,55,0,1,1
gu,2025,12,2025-W12,0,0,0.0,,0,79,2289,,,0,,55,0,1,1
hi,2025,12,2025-W12,0,0,0.0,,0,79,2289,,,0,,55,0,1,1
ia,2025,12,2025-W12,0,0,0.0,,0,79,2289,,,0,,55,0,1,1
id,2025,12,2025-W12,0,0,0.0,,0,79,2289,,,0,,55,0,1,1
il,2025,12,2025-W12,0,0,0.0,,0,79,2289,,,0,,55,0,1,1
in,2025,12,2025-W12,0,0,0.0,,0,79,2289,,,0,,55,0,1,1
ks,2025,12,2025-W12,0,0,0.0,,0,79,2289,,,0,,55,0,1,1
ky,2025,12,2025-W12,0,0,0.0,,0,79,2289,,,0,,55,0,1,1
la,2025,12,2025-W12,0,0,0.0,,0,79,2289,,,0,,55,0,1,1
ma,2025,12,2025-W12,0,0,0.0,,0,79,2289,,,0,,55,0,1,1
md,2025,12,2025-W12,0,0,0.0,,0,79,2289,,,0,,55,0,1,1
me,2025,12,2025-W12,0,0,0.0,,0,79,2289,,,0,,55,0,1,1
mi,2025,12,2025-W12,0,0,0.0,,0,79,2289,,,0,,55,0,1,1
mn,2025,12,2025-W12,0,0,0.0,,0,79,2289,,,0,,55,0,1,1
mo,2025,12,2025-W12,0,0,0.0,,0,79,2289,,,0,,55,0,1,1
ms,2025,12,2025-W12,0,0,0.0,,0,79,2289,,,0,,55,0,1,1
mt,2025,12,2025-W12,1,0,0.0,0.0,1,79,2289,,,0,,55,0,1,1
nc,2025,12,2025-W12,0,0,0.0,,0,79,2289,,,0,,55,0,1,1
ne,2025,12,2025-W12,0,0,0.0,,0,79,2289,,,0,,55,0,1,1
nh,2025,12,2025-W12,0,0,0.0,,0,79,2289,,,0,,55,0,1,1
nj,2025,12,2025-W12,0,0,0.0,,0,79,2289,,,0,,55,0,1,1
nm,2025,12,2025-W12,0,0,0.0,,0,79,2289,,,0,,55,0,1,1
nv,2025,12,2025-W12,0,0,0.0,,0,79,2289,,,0,,55,0,1,1
ny,2025,12,2025-W12,0,0,0.0,,0,79,2289,,,0,,55,0,1,1
oh,2025,12,2025-W12,0,0,0.0,,0,79,2289,,,0,,55,0,1,1
ok,2025,12,2025-W12,0,0,0.0,,0,79,2289,,,0,,55,0,1,1
or,2025,12,2025-W12,0,0,0.0,,0,79,2289,,,0,,55,0,1,1
pa,2025,12,2025-W12,0,0,0.0,,0,79,2289,,,0,,55,0,1,1
ri,2025,12,2025-W12,0,0,0.0,,0,79,2289,,,0,,55,0,1,1
sc,2025,12,2025-W12,0,0,0.0,,0,79,2289,,,0,,55,0,1,1
sd,2025,12,2025-W12,0,0,0.0,,0,79,2289,,,0,,55,0,1,1
tn,2025,12,2025-W12,0,0,0.0,,0,79,2289,,,0,,55,0,1,1
tx,2025,12,2025-W12,20,0,0.0,0.0,1,79,2289,,,0,,55,0,1,1
ut,2025,12,2025-W12,0,0,0.0,,0,79,2289,,,0,,55,0,1,1
va,2025,12,2025-W12,0,0,0.0,,0,79,2289,,,0,,55,0,1,1
vt,2025,12,2025-W12,0,0,0.0,,0,79,2289,,,0,,55,0,1,1
wa,2025,12,2025-W12,0,0,0.0,,0,79,2289,,,0,,55,0,1,1
wi,2025,12,2025-W12,0,0,0.0,,0,79,2289,,,0,,55,0,1,1
wv,2025,12,2025-W12,0,0,0.0,,0,79,2289,,,0,,55,0,1,1
wy,2025,12,2025-W12,0,0,0.0,,0,79,2289,,,0,,55,0,1,1
ak,2025,13,2025-W13,0,0,0.0,,0,85,2289,,,0,,57,0,1,1
al,2025,13,2025-W13,0,0,0.0,,0,85,2289,,,0,,57,0,1,1
ar,2025,13,2025-W13,0,0,0.0,,0,85,2289,,,0,,57,0,1,1
ca,2025,13,2025-W13,0,0,0.0,,0,85,2289,,,0,,57,0,1,1
co,2025,13,2025-W13,0,0,0.0,,0,85,2289,,,0,,57,0,1,1
ct,2025,13,2025-W13,0,0,0.0,,0,85,2289,,,0,,57,0,1,1
dc,2025,13,2025-W13,0,0,0.0,,0,85,2289,,,0,,57,0,1,1
de,2025,13,2025-W13,0,0,0.0,,0,85,2289,,,0,,57,0,1,1
fl,2025,13,2025-W13,0,0,0.0,,0,85,2289,,,0,,57,0,1,1
ga,2025,13,2025-W13,0,0,0.0,,0,85,2289,,,0,,57,0,1,1
gu,2025,13,2025-W13,0,0,0.0,,0,85,2289,,,0,,57,0,1,1
hi,2025,13,2025-W13,0,0,0.0,,0,85,2289,,,0,,57,0,1,1
ia,2025,13,2025-W13,0,0,0.0,,0,85,2289,,,0,,57,0,1,1
id,2025,13,2025-W13,0,0,0.0,,0,85,2289,,,0,,57,0,1,1
il,2025,13,2025-W13,0,0,0.0,,0,85,2289,,,0,,57,0,1,1
in,2025,13,2025-W13,0,0,0.0,,0,85,2289,,,0,,57,0,1,1
ks,2025,13,2025-W13,0,0,0.0,,0,85,2289,,,0,,57,0,1,1
ky,2025,13,2025-W13,0,0,0.0,,0,85,2289,,,0,,57,0,1,1
la,2025,13,2025-W13,0,0,0.0,,0,85,2289,,,0,,57,0,1,1
ma,2025,13,2025-W13,0,0,0.0,,0,85,2289,,,0,,57,0,1,1
md,2025,13,2025-W13,0,0,0.0,,0,85,2289,,,0,,57,0,1,1
me,2025,13,2025-W13,0,0,0.0,,0,85,2289,,,0,,57,0,1,1
mi,2025,13,2025-W13,0,0,0.0,,0,85,2289,,,0,,57,0,1,1
mn,2025,13,2025-W13,0,0,0.0,,0,85,2289,,,0,,57,0,1,1
mo,2025,13,2025-W13,0,0,0.0,,0,85,2289,,,0,,57,0,1,1
ms,2025,13,2025-W13,0,0,0.0,,0,85,2289,,,0,,57,0,1,1
mt,2025,13,2025-W13,0,0,0.0,,0,85,2289,,,0,,57,0,1,1
nc,2025,13,2025-W13,0,0,0.0,,0,85,2289,,,0,,57,0,1,1
ne,2025,13,2025-W13,0,0,0.0,,0,85,2289,,,0,,57,0,1,1
nh,2025,13,2025-W13,0,0,0.0,,0,85,2289,,,0,,57,0,1,1
nj,2025,13,2025-W13,0,0,0.0,,0,85,2289,,,0,,57,0,1,1
nm,2025,13,2025-W13,0,0,0.0,,0,85,2289,,,0,,57,0,1,1
nv,2025,13,2025-W13,0,0,0.0,,0,85,2289,,,0,,57,0,1,1
ny,2025,13,2025-W13,0,0,0.0,,0,85,2289,,,0,,57,0,1,1
oh,2025,13,2025-W13,0,0,0.0,,0,85,2289,,,0,,57,0,1,1
ok,2025,13,2025-W13,0,0,0.0,,0,85,2289,,,0,,57,0,1,1
or,2025,13,2025-W13,0,0,0.0,,0,85,2289,,,0,,57,0,1,1
pa,2025,13,2025-W13,0,0,0.0,,0,85,2289,,,0,,57,0,1,1
ri,2025,13,2025-W13,0,0,0.0,,0,85,2289,,,0,,57,0,1,1
sc,2025,13,2025-W13,0,0,0.0,,0,85,2289,,,0,,57,0,1,1
sd,2025,13,2025-W13,0,0,0.0,,0,85,2289,,,0,,57,0,1,1
tn,2025,13,2025-W13,0,0,0.0,,0,85,2289,,,0,,57,0,1,1
tx,2025,13,2025-W13,21,0,0.0,2.9935775675675678,1,85,2289,,,0,,57,0,1,1
ut,2025,13,2025-W13,0,0,0.0,,0,85,2289,,,0,,57,0,1,1
va,2025,13,2025-W13,0,0,0.0,,0,85,2289,,,0,,57,0,1,1
vt,2025,13,2025-W13,0,0,0.0,,0,85,2289,,,0,,57,0,1,1
wa,2025,13,2025-W13,0,0,0.0,,0,85,2289,,,0,,57,0,1,1
wi,2025,13,2025-W13,0,0,0.0,,0,85,2289,,,0,,57,0,1,1
wv,2025,13,2025-W13,0,0,0.0,,0,85,2289,,,0,,57,0,1,1
wy,2025,13,2025-W13,0,0,0.0,,0,85,2289,,,0,,57,0,1,1
ak,2025,14,2025-W14,0,0,0.0,,0,76,2289,,,0,,46,0,1,1
al,2025,14,2025-W14,0,0,0.0,,0,76,2289,,,0,,46,0,1,1
ar,2025,14,2025-W14,0,0,0.0,,0,76,2289,,,0,,46,0,1,1
ca,2025,14,2025-W14,0,0,0.0,,0,76,2289,,,0,,46,0,1,1
co,2025,14,2025-W14,0,0,0.0,,0,76,2289,,,0,,46,0,1,1
ct,2025,14,2025-W14,0,0,0.0,,0,76,2289,,,0,,46,0,1,1
dc,2025,14,2025-W14,0,0,0.0,,0,76,2289,,,0,,46,0,1,1
de,2025,14,2025-W14,0,0,0.0,,0,76,2289,,,0,,46,0,1,1
fl,2025,14,2025-W14,0,0,0.0,,0,76,2289,,,0,,46,0,1,1
ga,2025,14,2025-W14,0,0,0.0,,0,76,2289,,,0,,46,0,1,1
gu,2025,14,2025-W14,0,0,0.0,,0,76,2289,,,0,,46,0,1,1
hi,2025,14,2025-W14,0,0,0.0,,0,76,2289,,,0,,46,0,1,1
ia,2025,14,2025-W14,0,0,0.0,,0,76,2289,,,0,,46,0,1,1
id,2025,14,2025-W14,0,0,0.0,,0,76,2289,,,0,,46,0,1,1
il,2025,14,2025-W14,0,0,0.0,,0,76,2289,,,0,,46,0,1,1
in,2025,14,2025-W14,0,0,0.0,,0,76,2289,,,0,,46,0,1,1
ks,2025,14,2025-W14,0,0,0.0,,0,76,2289,,,0,,46,0,1,1
ky,2025,14,2025-W14,0,0,0.0,,0,76,2289,,,0,,46,0,1,1
la,2025,14,2025-W14,0,0,0.0,,0,76,2289,,,0,,46,0,1,1
ma,2025,14,2025-W14,0,0,0.0,,0,76,2289,,,0,,46,0,1,1
md,2025,14,2025-W14,0,0,0.0,,0,76,2289,,,0,,46,0,1,1
me,2025,14,2025-W14,0,0,0.0,,0,76,2289,,,0,,46,0,1,1
mi,2025,14,2025-W14,0,0,0.0,,0,76,2289,,,0,,46,0,1,1
mn,2025,14,2025-W14,0,0,0.0,,0,76,2289,,,0,,46,0,1,1
mo,2025,14,2025-W14,5,0,0.0,0.0,1,76,2289,,,0,,46,0,1,1
ms,2025,14,2025-W14,0,0,0.0,,0,76,2289,,,0,,46,0,1,1
mt,2025,14,2025-W14,0,0,0.0,,0,76,2289,,,0,,46,0,1,1
nc,2025,14,2025-W14,0,0,0.0,,0,76,2289,,,0,,46,0,1,1
ne,2025,14,2025-W14,0,0,0.0,,0,76,2289,,,0,,46,0,1,1
nh,2025,14,2025-W14,0,0,0.0,,0,76,2289,,,0,,46,0,1,1
nj,2025,14,2025-W14,0,0,0.0,,0,76,2289,,,0,,46,0,1,1
nm,2025,14,2025-W14,0,0,0.0,,0,76,2289,,,0,,46,0,1,1
nv,2025,14,2025-W14,0,0,0.0,,0,76,2289,,,0,,46,0,1,1
ny,2025,14,2025-W14,0,0,0.0,,0,76,2289,,,0,,46,0,1,1
oh,2025,14,2025-W14,0,0,0.0,,0,76,2289,,,0,,46,0,1,1
ok,2025,14,2025-W14,0,0,0.0,,0,76,2289,,,0,,46,0,1,1
or,2025,14,2025-W14,0,0,0.0,,0,76,2289,,,0,,46,0,1,1
pa,2025,14,2025-W14,0,0,0.0,,0,76,2289,,,0,,46,0,1,1
ri,2025,14,2025-W14,0,0,0.0,,0,76,2289,,,0,,46,0,1,1
sc,2025,14,2025-W14,0,0,0.0,,0,76,2289,,,0,,46,0,1,1
sd,2025,14,2025-W14,0,0,0.0,,0,76,2289,,,0,,46,0,1,1
tn,2025,14,2025-W14,0,0,0.0,,0,76,2289,,,0,,46,0,1,1
tx,2025,14,2025-W14,20,2,0.05714285714285714,196.3760577142857,1,76,2289,,,0,,46,1,1,1
ut,2025,14,2025-W14,0,0,0.0,,0,76,2289,,,0,,46,0,1,1
va,2025,14,2025-W14,0,0,0.0,,0,76,2289,,,0,,46,0,1,1
vt,2025,14,2025-W14,0,0,0.0,,0,76,2289,,,0,,46,0,1,1
wa,2025,14,2025-W14,0,0,0.0,,0,76,2289,,,0,,46,0,1,1
wi,2025,14,2025-W14,0,0,0.0,,0,76,2289,,,0,,46,0,1,1
wv,2025,14,2025-W14,0,0,0.0,,0,76,2289,,,0,,46,0,1,1
wy,2025,14,2025-W14,0,0,0.0,,0,76,2289,,,0,,46,0,1,1
ak,2025,15,2025-W15,0,0,0.0,,0,81,2289,,,0,,49,0,1,1
al,2025,15,2025-W15,0,0,0.0,,0,81,2289,,,0,,49,0,1,1
ar,2025,15,2025-W15,0,0,0.0,,0,81,2289,,,0,,49,0,1,1
ca,2025,15,2025-W15,0,0,0.0,,0,81,2289,,,0,,49,0,1,1
co,2025,15,2025-W15,0,0,0.0,,0,81,2289,,,0,,49,0,1,1
ct,2025,15,2025-W15,0,0,0.0,,0,81,2289,,,0,,49,0,1,1
dc,2025,15,2025-W15,0,0,0.0,,0,81,2289,,,0,,49,0,1,1
de,2025,15,2025-W15,0,0,0.0,,0,81,2289,,,0,,49,0,1,1
fl,2025,15,2025-W15,0,0,0.0,,0,81,2289,,,0,,49,0,1,1
ga,2025,15,2025-W15,0,0,0.0,,0,81,2289,,,0,,49,0,1,1
gu,2025,15,2025-W15,0,0,0.0,,0,81,2289,,,0,,49,0,1,1
hi,2025,15,2025-W15,0,0,0.0,,0,81,2289,,,0,,49,0,1,1
ia,2025,15,2025-W15,0,0,0.0,,0,81,2289,,,0,,49,0,1,1
id,2025,15,2025-W15,0,0,0.0,,0,81,2289,,,0,,49,0,1,1
il,2025,15,2025-W15,0,0,0.0,,0,81,2289,,,0,,49,0,1,1
in,2025,15,2025-W15,0,0,0.0,,0,81,2289,,,0,,49,0,1,1
ks,2025,15,2025-W15,0,0,0.0,,0,81,2289,,,0,,49,0,1,1
ky,2025,15,2025-W15,0,0,0.0,,0,81,2289,,,0,,49,0,1,1
la,2025,15,2025-W15,0,0,0.0,,0,81,2289,,,0,,49,0,1,1
ma,2025,15,2025-W15,0,0,0.0,,0,81,2289,,,0,,49,0,1,1
md,2025,15,2025-W15,0,0,0.0,,0,81,2289,,,0,,49,0,1,1
me,2025,15,2025-W15,0,0,0.0,,0,81,2289,,,0,,49,0,1,1
mi,2025,15,2025-W15,0,0,0.0,,0,81,2289,,,0,,49,0,1,1
mn,2025,15,2025-W15,0,0,0.0,,0,81,2289,,,0,,49,0,1,1
mo,2025,15,2025-W15,8,0,0.0,0.0,1,81,2289,,,0,,49,0,1,1
ms,2025,15,2025-W15,0,0,0.0,,0,81,2289,,,0,,49,0,1,1
mt,2025,15,2025-W15,1,0,0.0,0.0,1,81,2289,,,0,,49,0,1,1
nc,2025,15,2025-W15,0,0,0.0,,0,81,2289,,,0,,49,0,1,1
ne,2025,15,2025-W15,0,0,0.0,,0,81,2289,,,0,,49,0,1,1
nh,2025,15,2025-W15,0,0,0.0,,0,81,2289,,,0,,49,0,1,1
nj,2025,15,2025-W15,0,0,0.0,,0,81,2289,,,0,,49,0,1,1
nm,2025,15,2025-W15,0,0,0.0,,0,81,2289,,,0,,49,0,1,1
nv,2025,15,2025-W15,0,0,0.0,,0,81,2289,,,0,,49,0,1,1
ny,2025,15,2025-W15,0,0,0.0,,0,81,2289,,,0,,49,0,1,1
oh,2025,15,2025-W15,0,0,0.0,,0,81,2289,,,0,,49,0,1,1
ok,2025,15,2025-W15,0,0,0.0,,0,81,2289,,,0,,49,0,1,1
or,2025,15,2025-W15,0,0,0.0,,0,81,2289,,,0,,49,0,1,1
pa,2025,15,2025-W15,0,0,0.0,,0,81,2289,,,0,,49,0,1,1
ri,2025,15,2025-W15,0,0,0.0,,0,81,2289,,,0,,49,0,1,1
sc,2025,15,2025-W15,0,0,0.0,,0,81,2289,,,0,,49,0,1,1
sd,2025,15,2025-W15,0,0,0.0,,0,81,2289,,,0,,49,0,1,1
tn,2025,15,2025-W15,0,0,0.0,,0,81,2289,,,0,,49,0,1,1
tx,2025,15,2025-W15,22,2,0.05405405405405406,42.19868027027027,1,81,2289,,,0,,49,1,1,1
ut,2025,15,2025-W15,0,0,0.0,,0,81,2289,,,0,,49,0,1,1
va,2025,15,2025-W15,0,0,0.0,,0,81,2289,,,0,,49,0,1,1
vt,2025,15,2025-W15,0,0,0.0,,0,81,2289,,,0,,49,0,1,1
wa,2025,15,2025-W15,0,0,0.0,,0,81,2289,,,0,,49,0,1,1
wi,2025,15,2025-W15,0,0,0.0,,0,81,2289,,,0,,49,0,1,1
wv,2025,15,2025-W15,0,0,0.0,,0,81,2289,,,0,,49,0,1,1
wy,2025,15,2025-W15,0,0,0.0,,0,81,2289,,,0,,49,0,1,1
ak,2025,16,2025-W16,0,0,0.0,,0,77,2289,,,0,,41,0,1,1
al,2025,16,2025-W16,0,0,0.0,,0,77,2289,,,0,,41,0,1,1
ar,2025,16,2025-W16,0,0,0.0,,0,77,2289,,,0,,41,0,1,1
ca,2025,16,2025-W16,0,0,0.0,,0,77,2289,,,0,,41,0,1,1
co,2025,16,2025-W16,0,0,0.0,,0,77,2289,,,0,,41,0,1,1
ct,2025,16,2025-W16,0,0,0.0,,0,77,2289,,,0,,41,0,1,1
dc,2025,16,2025-W16,0,0,0.0,,0,77,2289,,,0,,41,0,1,1
de,2025,16,2025-W16,0,0,0.0,,0,77,2289,,,0,,41,0,1,1
fl,2025,16,2025-W16,0,0,0.0,,0,77,2289,,,0,,41,0,1,1
ga,2025,16,2025-W16,0,0,0.0,,0,77,2289,,,0,,41,0,1,1
gu,2025,16,2025-W16,0,0,0.0,,0,77,2289,,,0,,41,0,1,1
hi,2025,16,2025-W16,0,0,0.0,,0,77,2289,,,0,,41,0,1,1
ia,2025,16,2025-W16,0,0,0.0,,0,77,2289,,,0,,41,0,1,1
id,2025,16,2025-W16,0,0,0.0,,0,77,2289,,,0,,41,0,1,1
il,2025,16,2025-W16,0,0,0.0,,0,77,2289,,,0,,41,0,1,1
in,2025,16,2025-W16,0,0,0.0,,0,77,2289,,,0,,41,0,1,1
ks,2025,16,2025-W16,0,0,0.0,,0,77,2289,,,0,,41,0,1,1
ky,2025,16,2025-W16,0,0,0.0,,0,77,2289,,,0,,41,0,1,1
la,2025,16,2025-W16,0,0,0.0,,0,77,2289,,,0,,41,0,1,1
ma,2025,16,2025-W16,0,0,0.0,,0,77,2289,,,0,,41,0,1,1
md,2025,16,2025-W16,0,0,0.0,,0,77,2289,,,0,,41,0,1,1
me,2025,16,2025-W16,0,0,0.0,,0,77,2289,,,0,,41,0,1,1
mi,2025,16,2025-W16,0,0,0.0,,0,77,2289,,,0,,41,0,1,1
mn,2025,16,2025-W16,0,0,0.0,,0,77,2289,,,0,,41,0,1,1
mo,2025,16,2025-W16,8,0,0.0,0.0,1,77,2289,,,0,,41,0,1,1
ms,2025,16,2025-W16,0,0,0.0,,0,77,2289,,,0,,41,0,1,1
mt,2025,16,2025-W16,1,0,0.0,0.0,1,77,2289,,,0,,41,0,1,1
nc,2025,16,2025-W16,0,0,0.0,,0,77,2289,,,0,,41,0,1,1
ne,2025,16,2025-W16,0,0,0.0,,0,77,2289,,,0,,41,0,1,1
nh,2025,16,2025-W16,0,0,0.0,,0,77,2289,,,0,,41,0,1,1
nj,2025,16,2025-W16,0,0,0.0,,0,77,2289,,,0,,41,0,1,1
nm,2025,16,2025-W16,0,0,0.0,,0,77,2289,,,0,,41,0,1,1
nv,2025,16,2025-W16,0,0,0.0,,0,77,2289,,,0,,41,0,1,1
ny,2025,16,2025-W16,0,0,0.0,,0,77,2289,,,0,,41,0,1,1
oh,2025,16,2025-W16,0,0,0.0,,0,77,2289,,,0,,41,0,1,1
ok,2025,16,2025-W16,0,0,0.0,,0,77,2289,,,0,,41,0,1,1
or,2025,16,2025-W16,0,0,0.0,,0,77,2289,,,0,,41,0,1,1
pa,2025,16,2025-W16,0,0,0.0,,0,77,2289,,,0,,41,0,1,1
ri,2025,16,2025-W16,0,0,0.0,,0,77,2289,,,0,,41,0,1,1
sc,2025,16,2025-W16,0,0,0.0,,0,77,2289,,,0,,41,0,1,1
sd,2025,16,2025-W16,0,0,0.0,,0,77,2289,,,0,,41,0,1,1
tn,2025,16,2025-W16,0,0,0.0,,0,77,2289,,,0,,41,0,1,1
tx,2025,16,2025-W16,22,3,0.07692307692307693,58.25008358974359,1,77,2289,,,0,,41,1,1,1
ut,2025,16,2025-W16,0,0,0.0,,0,77,2289,,,0,,41,0,1,1
va,2025,16,2025-W16,0,0,0.0,,0,77,2289,,,0,,41,0,1,1
vt,2025,16,2025-W16,0,0,0.0,,0,77,2289,,,0,,41,0,1,1
wa,2025,16,2025-W16,0,0,0.0,,0,77,2289,,,0,,41,0,1,1
wi,2025,16,2025-W16,0,0,0.0,,0,77,2289,,,0,,41,0,1,1
wv,2025,16,2025-W16,0,0,0.0,,0,77,2289,,,0,,41,0,1,1
wy,2025,16,2025-W16,0,0,0.0,,0,77,2289,,,0,,41,0,1,1
ak,2025,17,2025-W17,0,0,0.0,,0,72,2289,,,0,,55,0,1,1
al,2025,17,2025-W17,0,0,0.0,,0,72,2289,,,0,,55,0,1,1
ar,2025,17,2025-W17,0,0,0.0,,0,72,2289,,,0,,55,0,1,1
ca,2025,17,2025-W17,0,0,0.0,,0,72,2289,,,0,,55,0,1,1
co,2025,17,2025-W17,0,0,0.0,,0,72,2289,,,0,,55,0,1,1
ct,2025,17,2025-W17,0,0,0.0,,0,72,2289,,,0,,55,0,1,1
dc,2025,17,2025-W17,0,0,0.0,,0,72,2289,,,0,,55,0,1,1
de,2025,17,2025-W17,0,0,0.0,,0,72,2289,,,0,,55,0,1,1
fl,2025,17,2025-W17,0,0,0.0,,0,72,2289,,,0,,55,0,1,1
ga,2025,17,2025-W17,0,0,0.0,,0,72,2289,,,0,,55,0,1,1
gu,2025,17,2025-W17,0,0,0.0,,0,72,2289,,,0,,55,0,1,1
hi,2025,17,2025-W17,0,0,0.0,,0,72,2289,,,0,,55,0,1,1
ia,2025,17,2025-W17,0,0,0.0,,0,72,2289,,,0,,55,0,1,1
id,2025,17,2025-W17,0,0,0.0,,0,72,2289,,,0,,55,0,1,1
il,2025,17,2025-W17,0,0,0.0,,0,72,2289,,,0,,55,0,1,1
in,2025,17,2025-W17,0,0,0.0,,0,72,2289,,,0,,55,0,1,1
ks,2025,17,2025-W17,0,0,0.0,,0,72,2289,,,0,,55,0,1,1
ky,2025,17,2025-W17,0,0,0.0,,0,72,2289,,,0,,55,0,1,1
la,2025,17,2025-W17,0,0,0.0,,0,72,2289,,,0,,55,0,1,1
ma,2025,17,2025-W17,0,0,0.0,,0,72,2289,,,0,,55,0,1,1
md,2025,17,2025-W17,0,0,0.0,,0,72,2289,,,0,,55,0,1,1
me,2025,17,2025-W17,0,0,0.0,,0,72,2289,,,0,,55,0,1,1
mi,2025,17,2025-W17,0,0,0.0,,0,72,2289,,,0,,55,0,1,1
mn,2025,17,2025-W17,0,0,0.0,,0,72,2289,,,0,,55,0,1,1
mo,2025,17,2025-W17,7,0,0.0,0.5399999999999999,1,72,2289,,,0,,55,0,1,1
ms,2025,17,2025-W17,0,0,0.0,,0,72,2289,,,0,,55,0,1,1
mt,2025,17,2025-W17,1,0,0.0,0.0,1,72,2289,,,0,,55,0,1,1
nc,2025,17,2025-W17,0,0,0.0,,0,72,2289,,,0,,55,0,1,1
ne,2025,17,2025-W17,0,0,0.0,,0,72,2289,,,0,,55,0,1,1
nh,2025,17,2025-W17,0,0,0.0,,0,72,2289,,,0,,55,0,1,1
nj,2025,17,2025-W17,0,0,0.0,,0,72,2289,,,0,,55,0,1,1
nm,2025,17,2025-W17,0,0,0.0,,0,72,2289,,,0,,55,0,1,1
nv,2025,17,2025-W17,0,0,0.0,,0,72,2289,,,0,,55,0,1,1
ny,2025,17,2025-W17,0,0,0.0,,0,72,2289,,,0,,55,0,1,1
oh,2025,17,2025-W17,0,0,0.0,,0,72,2289,,,0,,55,0,1,1
ok,2025,17,2025-W17,0,0,0.0,,0,72,2289,,,0,,55,0,1,1
or,2025,17,2025-W17,0,0,0.0,,0,72,2289,,,0,,55,0,1,1
pa,2025,17,2025-W17,0,0,0.0,,0,72,2289,,,0,,55,0,1,1
ri,2025,17,2025-W17,0,0,0.0,,0,72,2289,,,0,,55,0,1,1
sc,2025,17,2025-W17,0,0,0.0,,0,72,2289,,,0,,55,0,1,1
sd,2025,17,2025-W17,0,0,0.0,,0,72,2289,,,0,,55,0,1,1
tn,2025,17,2025-W17,0,0,0.0,,0,72,2289,,,0,,55,0,1,1
tx,2025,17,2025-W17,21,2,0.05555555555555555,76.48394083333334,1,72,2289,,,0,,55,1,1,1
ut,2025,17,2025-W17,0,0,0.0,,0,72,2289,,,0,,55,0,1,1
va,2025,17,2025-W17,0,0,0.0,,0,72,2289,,,0,,55,0,1,1
vt,2025,17,2025-W17,0,0,0.0,,0,72,2289,,,0,,55,0,1,1
wa,2025,17,2025-W17,0,0,0.0,,0,72,2289,,,0,,55,0,1,1
wi,2025,17,2025-W17,0,0,0.0,,0,72,2289,,,0,,55,0,1,1
wv,2025,17,2025-W17,0,0,0.0,,0,72,2289,,,0,,55,0,1,1
wy,2025,17,2025-W17,0,0,0.0,,0,72,2289,,,0,,55,0,1,1
ak,2025,18,2025-W18,0,0,0.0,,0,55,2289,,,0,,60,0,1,1
al,2025,18,2025-W18,0,0,0.0,,0,55,2289,,,0,,60,0,1,1
ar,2025,18,2025-W18,0,0,0.0,,0,55,2289,,,0,,60,0,1,1
ca,2025,18,2025-W18,2,0,0.0,0.0,1,55,2289,,,0,,60,0,1,1
co,2025,18,2025-W18,0,0,0.0,,0,55,2289,,,0,,60,0,1,1
ct,2025,18,2025-W18,0,0,0.0,,0,55,2289,,,0,,60,0,1,1
dc,2025,18,2025-W18,0,0,0.0,,0,55,2289,,,0,,60,0,1,1
de,2025,18,2025-W18,0,0,0.0,,0,55,2289,,,0,,60,0,1,1
fl,2025,18,2025-W18,0,0,0.0,,0,55,2289,,,0,,60,0,1,1
ga,2025,18,2025-W18,0,0,0.0,,0,55,2289,,,0,,60,0,1,1
gu,2025,18,2025-W18,0,0,0.0,,0,55,2289,,,0,,60,0,1,1
hi,2025,18,2025-W18,0,0,0.0,,0,55,2289,,,0,,60,0,1,1
ia,2025,18,2025-W18,0,0,0.0,,0,55,2289,,,0,,60,0,1,1
id,2025,18,2025-W18,0,0,0.0,,0,55,2289,,,0,,60,0,1,1
il,2025,18,2025-W18,0,0,0.0,,0,55,2289,,,0,,60,0,1,1
in,2025,18,2025-W18,0,0,0.0,,0,55,2289,,,0,,60,0,1,1
ks,2025,18,2025-W18,0,0,0.0,,0,55,2289,,,0,,60,0,1,1
ky,2025,18,2025-W18,0,0,0.0,,0,55,2289,,,0,,60,0,1,1
la,2025,18,2025-W18,0,0,0.0,,0,55,2289,,,0,,60,0,1,1
ma,2025,18,2025-W18,0,0,0.0,,0,55,2289,,,0,,60,0,1,1
md,2025,18,2025-W18,0,0,0.0,,0,55,2289,,,0,,60,0,1,1
me,2025,18,2025-W18,0,0,0.0,,0,55,2289,,,0,,60,0,1,1
mi,2025,18,2025-W18,0,0,0.0,,0,55,2289,,,0,,60,0,1,1
mn,2025,18,2025-W18,0,0,0.0,,0,55,2289,,,0,,60,0,1,1
mo,2025,18,2025-W18,11,0,0.0,1.06,1,55,2289,,,0,,60,0,1,1
ms,2025,18,2025-W18,0,0,0.0,,0,55,2289,,,0,,60,0,1,1
mt,2025,18,2025-W18,1,0,0.0,0.0,1,55,2289,,,0,,60,0,1,1
nc,2025,18,2025-W18,0,0,0.0,,0,55,2289,,,0,,60,0,1,1
ne,2025,18,2025-W18,0,0,0.0,,0,55,2289,,,0,,60,0,1,1
nh,2025,18,2025-W18,0,0,0.0,,0,55,2289,,,0,,60,0,1,1
nj,2025,18,2025-W18,0,0,0.0,,0,55,2289,,,0,,60,0,1,1
nm,2025,18,2025-W18,0,0,0.0,,0,55,2289,,,0,,60,0,1,1
nv,2025,18,2025-W18,0,0,0.0,,0,55,2289,,,0,,60,0,1,1
ny,2025,18,2025-W18,0,0,0.0,,0,55,2289,,,0,,60,0,1,1
oh,2025,18,2025-W18,0,0,0.0,,0,55,2289,,,0,,60,0,1,1
ok,2025,18,2025-W18,0,0,0.0,,0,55,2289,,,0,,60,0,1,1
or,2025,18,2025-W18,0,0,0.0,,0,55,2289,,,0,,60,0,1,1
pa,2025,18,2025-W18,0,0,0.0,,0,55,2289,,,0,,60,0,1,1
ri,2025,18,2025-W18,0,0,0.0,,0,55,2289,,,0,,60,0,1,1
sc,2025,18,2025-W18,0,0,0.0,,0,55,2289,,,0,,60,0,1,1
sd,2025,18,2025-W18,0,0,0.0,,0,55,2289,,,0,,60,0,1,1
tn,2025,18,2025-W18,0,0,0.0,,0,55,2289,,,0,,60,0,1,1
tx,2025,18,2025-W18,20,2,0.05714285714285714,16.916542,1,55,2289,,,0,,60,1,1,1
ut,2025,18,2025-W18,0,0,0.0,,0,55,2289,,,0,,60,0,1,1
va,2025,18,2025-W18,0,0,0.0,,0,55,2289,,,0,,60,0,1,1
vt,2025,18,2025-W18,0,0,0.0,,0,55,2289,,,0,,60,0,1,1
wa,2025,18,2025-W18,0,0,0.0,,0,55,2289,,,0,,60,0,1,1
wi,2025,18,2025-W18,0,0,0.0,,0,55,2289,,,0,,60,0,1,1
wv,2025,18,2025-W18,0,0,0.0,,0,55,2289,,,0,,60,0,1,1
wy,2025,18,2025-W18,0,0,0.0,,0,55,2289,,,0,,60,0,1,1
ak,2025,19,2025-W19,0,0,0.0,,0,51,2289,,,0,,62,0,1,1
al,2025,19,2025-W19,0,0,0.0,,0,51,2289,,,0,,62,0,1,1
ar,2025,19,2025-W19,0,0,0.0,,0,51,2289,,,0,,62,0,1,1
ca,2025,19,2025-W19,8,0,0.0,0.0,1,51,2289,,,0,,62,0,1,1
co,2025,19,2025-W19,0,0,0.0,,0,51,2289,,,0,,62,0,1,1
ct,2025,19,2025-W19,0,0,0.0,,0,51,2289,,,0,,62,0,1,1
dc,2025,19,2025-W19,0,0,0.0,,0,51,2289,,,0,,62,0,1,1
de,2025,19,2025-W19,0,0,0.0,,0,51,2289,,,0,,62,0,1,1
fl,2025,19,2025-W19,0,0,0.0,,0,51,2289,,,0,,62,0,1,1
ga,2025,19,2025-W19,0,0,0.0,,0,51,2289,,,0,,62,0,1,1
gu,2025,19,2025-W19,0,0,0.0,,0,51,2289,,,0,,62,0,1,1
hi,2025,19,2025-W19,0,0,0.0,,0,51,2289,,,0,,62,0,1,1
ia,2025,19,2025-W19,0,0,0.0,,0,51,2289,,,0,,62,0,1,1
id,2025,19,2025-W19,0,0,0.0,,0,51,2289,,,0,,62,0,1,1
il,2025,19,2025-W19,0,0,0.0,,0,51,2289,,,0,,62,0,1,1
in,2025,19,2025-W19,0,0,0.0,,0,51,2289,,,0,,62,0,1,1
ks,2025,19,2025-W19,0,0,0.0,,0,51,2289,,,0,,62,0,1,1
ky,2025,19,2025-W19,0,0,0.0,,0,51,2289,,,0,,62,0,1,1
la,2025,19,2025-W19,0,0,0.0,,0,51,2289,,,0,,62,0,1,1
ma,2025,19,2025-W19,0,0,0.0,,0,51,2289,,,0,,62,0,1,1
md,2025,19,2025-W19,0,0,0.0,,0,51,2289,,,0,,62,0,1,1
me,2025,19,2025-W19,0,0,0.0,,0,51,2289,,,0,,62,0,1,1
mi,2025,19,2025-W19,0,0,0.0,,0,51,2289,,,0,,62,0,1,1
mn,2025,19,2025-W19,0,0,0.0,,0,51,2289,,,0,,62,0,1,1
mo,2025,19,2025-W19,9,0,0.0,0.0,1,51,2289,,,0,,62,0,1,1
ms,2025,19,2025-W19,0,0,0.0,,0,51,2289,,,0,,62,0,1,1
mt,2025,19,2025-W19,1,0,0.0,0.0,1,51,2289,,,0,,62,0,1,1
nc,2025,19,2025-W19,0,0,0.0,,0,51,2289,,,0,,62,0,1,1
ne,2025,19,2025-W19,0,0,0.0,,0,51,2289,,,0,,62,0,1,1
nh,2025,19,2025-W19,0,0,0.0,,0,51,2289,,,0,,62,0,1,1
nj,2025,19,2025-W19,0,0,0.0,,0,51,2289,,,0,,62,0,1,1
nm,2025,19,2025-W19,0,0,0.0,,0,51,2289,,,0,,62,0,1,1
nv,2025,19,2025-W19,0,0,0.0,,0,51,2289,,,0,,62,0,1,1
ny,2025,19,2025-W19,0,0,0.0,,0,51,2289,,,0,,62,0,1,1
oh,2025,19,2025-W19,0,0,0.0,,0,51,2289,,,0,,62,0,1,1
ok,2025,19,2025-W19,0,0,0.0,,0,51,2289,,,0,,62,0,1,1
or,2025,19,2025-W19,0,0,0.0,,0,51,2289,,,0,,62,0,1,1
pa,2025,19,2025-W19,0,0,0.0,,0,51,2289,,,0,,62,0,1,1
ri,2025,19,2025-W19,0,0,0.0,,0,51,2289,,,0,,62,0,1,1
sc,2025,19,2025-W19,0,0,0.0,,0,51,2289,,,0,,62,0,1,1
sd,2025,19,2025-W19,0,0,0.0,,0,51,2289,,,0,,62,0,1,1
tn,2025,19,2025-W19,0,0,0.0,,0,51,2289,,,0,,62,0,1,1
tx,2025,19,2025-W19,22,3,0.07692307692307693,102.52741256410256,1,51,2289,,,0,,62,1,1,1
ut,2025,19,2025-W19,0,0,0.0,,0,51,2289,,,0,,62,0,1,1
va,2025,19,2025-W19,0,0,0.0,,0,51,2289,,,0,,62,0,1,1
vt,2025,19,2025-W19,0,0,0.0,,0,51,2289,,,0,,62,0,1,1
wa,2025,19,2025-W19,0,0,0.0,,0,51,2289,,,0,,62,0,1,1
wi,2025,19,2025-W19,0,0,0.0,,0,51,2289,,,0,,62,0,1,1
wv,2025,19,2025-W19,0,0,0.0,,0,51,2289,,,0,,62,0,1,1
wy,2025,19,2025-W19,0,0,0.0,,0,51,2289,,,0,,62,0,1,1
ak,2025,20,2025-W20,0,0,0.0,,0,55,2289,,,0,,55,0,1,1
al,2025,20,2025-W20,5,0,0.0,0.0,1,55,2289,,,0,,55,0,1,1
ar,2025,20,2025-W20,1,0,0.0,0.0,1,55,2289,,,0,,55,0,1,1
ca,2025,20,2025-W20,25,0,0.0,0.0,1,55,2289,,,0,,55,0,1,1
co,2025,20,2025-W20,0,0,0.0,,0,55,2289,,,0,,55,0,1,1
ct,2025,20,2025-W20,1,1,1.0,4522.73122,1,55,2289,,,0,,55,1,1,1
dc,2025,20,2025-W20,0,0,0.0,,0,55,2289,,,0,,55,0,1,1
de,2025,20,2025-W20,1,0,0.0,0.0,1,55,2289,,,0,,55,0,1,1
fl,2025,20,2025-W20,11,0,0.0,0.0,1,55,2289,,,0,,55,0,1,1
ga,2025,20,2025-W20,7,0,0.0,0.0,1,55,2289,,,0,,55,0,1,1
gu,2025,20,2025-W20,0,0,0.0,,0,55,2289,,,0,,55,0,1,1
hi,2025,20,2025-W20,0,0,0.0,,0,55,2289,,,0,,55,0,1,1
ia,2025,20,2025-W20,5,0,0.0,0.0,1,55,2289,,,0,,55,0,1,1
id,2025,20,2025-W20,2,0,0.0,0.0,1,55,2289,,,0,,55,0,1,1
il,2025,20,2025-W20,1,0,0.0,0.0,1,55,2289,,,0,,55,0,1,1
in,2025,20,2025-W20,4,0,0.0,0.0,1,55,2289,,,0,,55,0,1,1
ks,2025,20,2025-W20,5,0,0.0,0.0,1,55,2289,,,0,,55,0,1,1
ky,2025,20,2025-W20,0,0,0.0,,0,55,2289,,,0,,55,0,1,1
la,2025,20,2025-W20,1,0,0.0,0.0,1,55,2289,,,0,,55,0,1,1
ma,2025,20,2025-W20,2,0,0.0,0.0,1,55,2289,,,0,,55,0,1,1
md,2025,20,2025-W20,2,1,0.5,1438.39055,1,55,2289,,,0,,55,1,1,1
me,2025,20,2025-W20,2,0,0.0,0.0,1,55,2289,,,0,,55,0,1,1
mi,2025,20,2025-W20,6,0,0.0,0.0,1,55,2289,,,0,,55,0,1,1
mn,2025,20,2025-W20,4,0,0.0,0.0,1,55,2289,,,0,,55,0,1,1
mo,2025,20,2025-W20,4,0,0.0,0.0,1,55,2289,,,0,,55,0,1,1
ms,2025,20,2025-W20,2,0,0.0,0.0,1,55,2289,,,0,,55,0,1,1
mt,2025,20,2025-W20,1,0,0.0,0.0,1,55,2289,,,0,,55,0,1,1
nc,2025,20,2025-W20,3,0,0.0,0.0,1,55,2289,,,0,,55,0,1,1
ne,2025,20,2025-W20,2,0,0.0,0.0,1,55,2289,,,0,,55,0,1,1
nh,2025,20,2025-W20,0,0,0.0,,0,55,2289,,,0,,55,0,1,1
nj,2025,20,2025-W20,5,0,0.0,0.0,1,55,2289,,,0,,55,0,1,1
nm,2025,20,2025-W20,0,0,0.0,,0,55,2289,,,0,,55,0,1,1
nv,2025,20,2025-W20,1,0,0.0,0.0,1,55,2289,,,0,,55,0,1,1
ny,2025,20,2025-W20,1,0,0.0,0.0,1,55,2289,,,0,,55,0,1,1
oh,2025,20,2025-W20,2,0,0.0,0.0,1,55,2289,,,0,,55,0,1,1
ok,2025,20,2025-W20,0,0,0.0,,0,55,2289,,,0,,55,0,1,1
or,2025,20,2025-W20,0,0,0.0,,0,55,2289,,,0,,55,0,1,1
pa,2025,20,2025-W20,2,0,0.0,0.0,1,55,2289,,,0,,55,0,1,1
ri,2025,20,2025-W20,0,0,0.0,,0,55,2289,,,0,,55,0,1,1
sc,2025,20,2025-W20,0,0,0.0,,0,55,2289,,,0,,55,0,1,1
sd,2025,20,2025-W20,1,0,0.0,0.0,1,55,2289,,,0,,55,0,1,1
tn,2025,20,2025-W20,2,0,0.0,0.0,1,55,2289,,,0,,55,0,1,1
tx,2025,20,2025-W20,36,1,0.017857142857142856,11.913542500000002,1,55,2289,,,0,,55,1,1,1
ut,2025,20,2025-W20,1,0,0.0,0.0,1,55,2289,,,0,,55,0,1,1
va,2025,20,2025-W20,2,0,0.0,0.0,1,55,2289,,,0,,55,0,1,1
vt,2025,20,2025-W20,1,0,0.0,0.0,1,55,2289,,,0,,55,0,1,1
wa,2025,20,2025-W20,1,0,0.0,0.0,1,55,2289,,,0,,55,0,1,1
wi,2025,20,2025-W20,1,0,0.0,0.0,1,55,2289,,,0,,55,0,1,1
wv,2025,20,2025-W20,1,0,0.0,0.0,1,55,2289,,,0,,55,0,1,1
wy,2025,20,2025-W20,0,0,0.0,,0,55,2289,,,0,,55,0,1,1
ak,2025,21,2025-W21,1,0,0.0,0.0,1,42,2289,,,0,,64,0,1,1
al,2025,21,2025-W21,5,0,0.0,0.0,1,42,2289,,,0,,64,0,1,1
ar,2025,21,2025-W21,1,0,0.0,0.0,1,42,2289,,,0,,64,0,1,1
ca,2025,21,2025-W21,28,4,0.03773584905660377,128.9968008490566,1,42,2289,,,0,,64,1,1,1
co,2025,21,2025-W21,2,0,0.0,0.0,1,42,2289,,,0,,64,0,1,1
ct,2025,21,2025-W21,1,1,0.3333333333333333,948.27535,1,42,2289,,,0,,64,1,1,1
dc,2025,21,2025-W21,0,0,0.0,,0,42,2289,,,0,,64,0,1,1
de,2025,21,2025-W21,1,0,0.0,0.0,1,42,2289,,,0,,64,0,1,1
fl,2025,21,2025-W21,11,0,0.0,0.0,1,42,2289,,,0,,64,0,1,1
ga,2025,21,2025-W21,8,0,0.0,0.0,1,42,2289,,,0,,64,0,1,1
gu,2025,21,2025-W21,0,0,0.0,,0,42,2289,,,0,,64,0,1,1
hi,2025,21,2025-W21,2,0,0.0,0.0,1,42,2289,,,0,,64,0,1,1
ia,2025,21,2025-W21,5,0,0.0,0.0,1,42,2289,,,0,,64,0,1,1
id,2025,21,2025-W21,3,0,0.0,0.0,1,42,2289,,,0,,64,0,1,1
il,2025,21,2025-W21,2,0,0.0,0.0,1,42,2289,,,0,,64,0,1,1
in,2025,21,2025-W21,5,0,0.0,0.0,1,42,2289,,,0,,64,0,1,1
ks,2025,21,2025-W21,5,0,0.0,0.0,1,42,2289,,,0,,64,0,1,1
ky,2025,21,2025-W21,1,0,0.0,0.0,1,42,2289,,,0,,64,0,1,1
la,2025,21,2025-W21,2,0,0.0,0.0,1,42,2289,,,0,,64,0,1,1
ma,2025,21,2025-W21,2,0,0.0,0.0,1,42,2289,,,0,,64,0,1,1
md,2025,21,2025-W21,2,0,0.0,0.0,1,42,2289,,,0,,64,0,1,1
me,2025,21,2025-W21,3,0,0.0,0.0,1,42,2289,,,0,,64,0,1,1
mi,2025,21,2025-W21,6,0,0.0,0.0,1,42,2289,,,0,,64,0,1,1
mn,2025,21,2025-W21,4,0,0.0,0.0,1,42,2289,,,0,,64,0,1,1
mo,2025,21,2025-W21,7,0,0.0,0.0,1,42,2289,,,0,,64,0,1,1
ms,2025,21,2025-W21,2,0,0.0,0.0,1,42,2289,,,0,,64,0,1,1
mt,2025,21,2025-W21,0,0,0.0,,0,42,2289,,,0,,64,0,1,1
nc,2025,21,2025-W21,3,0,0.0,0.0,1,42,2289,,,0,,64,0,1,1
ne,2025,21,2025-W21,2,0,0.0,0.0,1,42,2289,,,0,,64,0,1,1
nh,2025,21,2025-W21,1,0,0.0,0.0,1,42,2289,,,0,,64,0,1,1
nj,2025,21,2025-W21,6,0,0.0,0.0,1,42,2289,,,0,,64,0,1,1
nm,2025,21,2025-W21,0,0,0.0,,0,42,2289,,,0,,64,0,1,1
nv,2025,21,2025-W21,1,0,0.0,0.0,1,42,2289,,,0,,64,0,1,1
ny,2025,21,2025-W21,2,0,0.0,0.0,1,42,2289,,,0,,64,0,1,1
oh,2025,21,2025-W21,2,0,0.0,0.0,1,42,2289,,,0,,64,0,1,1
ok,2025,21,2025-W21,0,0,0.0,,0,42,2289,,,0,,64,0,1,1
or,2025,21,2025-W21,0,0,0.0,,0,42,2289,,,0,,64,0,1,1
pa,2025,21,2025-W21,2,0,0.0,0.0,1,42,2289,,,0,,64,0,1,1
ri,2025,21,2025-W21,0,0,0.0,,0,42,2289,,,0,,64,0,1,1
sc,2025,21,2025-W21,0,0,0.0,,0,42,2289,,,0,,64,0,1,1
sd,2025,21,2025-W21,1,0,0.0,0.0,1,42,2289,,,0,,64,0,1,1
tn,2025,21,2025-W21,2,0,0.0,0.0,1,42,2289,,,0,,64,0,1,1
tx,2025,21,2025-W21,36,3,0.039473684210526314,15.401596052631577,1,42,2289,,,0,,64,1,1,1
ut,2025,21,2025-W21,2,0,0.0,0.0,1,42,2289,,,0,,64,0,1,1
va,2025,21,2025-W21,2,0,0.0,0.0,1,42,2289,,,0,,64,0,1,1
vt,2025,21,2025-W21,3,0,0.0,0.0,1,42,2289,,,0,,64,0,1,1
wa,2025,21,2025-W21,1,0,0.0,0.0,1,42,2289,,,0,,64,0,1,1
wi,2025,21,2025-W21,1,0,0.0,0.0,1,42,2289,,,0,,64,0,1,1
wv,2025,21,2025-W21,1,0,0.0,0.0,1,42,2289,,,0,,64,0,1,1
wy,2025,21,2025-W21,0,0,0.0,,0,42,2289,,,0,,64,0,1,1
ak,2025,22,2025-W22,1,0,0.0,0.0,1,50,2289,,,0,,48,0,1,1
al,2025,22,2025-W22,5,0,0.0,0.0,1,50,2289,,,0,,48,0,1,1
ar,2025,22,2025-W22,1,0,0.0,0.0,1,50,2289,,,0,,48,0,1,1
ca,2025,22,2025-W22,28,0,0.0,0.0,1,50,2289,,,0,,48,0,1,1
co,2025,22,2025-W22,2,0,0.0,0.0,1,50,2289,,,0,,48,0,1,1
ct,2025,22,2025-W22,1,0,0.0,0.0,1,50,2289,,,0,,48,0,1,1
dc,2025,22,2025-W22,0,0,0.0,,0,50,2289,,,0,,48,0,1,1
de,2025,22,2025-W22,1,0,0.0,0.0,1,50,2289,,,0,,48,0,1,1
fl,2025,22,2025-W22,11,0,0.0,0.0,1,50,2289,,,0,,48,0,1,1
ga,2025,22,2025-W22,8,0,0.0,0.0,1,50,2289,,,0,,48,0,1,1
gu,2025,22,2025-W22,0,0,0.0,,0,50,2289,,,0,,48,0,1,1
hi,2025,22,2025-W22,2,0,0.0,0.0,1,50,2289,,,0,,48,0,1,1
ia,2025,22,2025-W22,5,0,0.0,0.0,1,50,2289,,,0,,48,0,1,1
id,2025,22,2025-W22,3,0,0.0,0.0,1,50,2289,,,0,,48,0,1,1
il,2025,22,2025-W22,2,0,0.0,0.0,1,50,2289,,,0,,48,0,1,1
in,2025,22,2025-W22,5,0,0.0,0.0,1,50,2289,,,0,,48,0,1,1
ks,2025,22,2025-W22,5,0,0.0,0.0,1,50,2289,,,0,,48,0,1,1
ky,2025,22,2025-W22,1,0,0.0,0.0,1,50,2289,,,0,,48,0,1,1
la,2025,22,2025-W22,2,0,0.0,0.0,1,50,2289,,,0,,48,0,1,1
ma,2025,22,2025-W22,2,0,0.0,0.0,1,50,2289,,,0,,48,0,1,1
md,2025,22,2025-W22,2,0,0.0,0.0,1,50,2289,,,0,,48,0,1,1
me,2025,22,2025-W22,3,0,0.0,0.0,1,50,2289,,,0,,48,0,1,1
mi,2025,22,2025-W22,6,0,0.0,0.0,1,50,2289,,,0,,48,0,1,1
mn,2025,22,2025-W22,4,0,0.0,0.0,1,50,2289,,,0,,48,0,1,1
mo,2025,22,2025-W22,9,0,0.0,0.0,1,50,2289,,,0,,48,0,1,1
ms,2025,22,2025-W22,2,0,0.0,0.0,1,50,2289,,,0,,48,0,1,1
mt,2025,22,2025-W22,1,0,0.0,675.37814,1,50,2289,,,0,,48,0,1,1
nc,2025,22,2025-W22,3,0,0.0,0.0,1,50,2289,,,0,,48,0,1,1
ne,2025,22,2025-W22,2,0,0.0,0.0,1,50,2289,,,0,,48,0,1,1
nh,2025,22,2025-W22,1,0,0.0,0.0,1,50,2289,,,0,,48,0,1,1
nj,2025,22,2025-W22,6,0,0.0,0.0,1,50,2289,,,0,,48,0,1,1
nm,2025,22,2025-W22,0,0,0.0,,0,50,2289,,,0,,48,0,1,1
nv,2025,22,2025-W22,1,0,0.0,0.0,1,50,2289,,,0,,48,0,1,1
ny,2025,22,2025-W22,2,0,0.0,0.0,1,50,2289,,,0,,48,0,1,1
oh,2025,22,2025-W22,2,0,0.0,0.0,1,50,2289,,,0,,48,0,1,1
ok,2025,22,2025-W22,0,0,0.0,,0,50,2289,,,0,,48,0,1,1
or,2025,22,2025-W22,0,0,0.0,,0,50,2289,,,0,,48,0,1,1
pa,2025,22,2025-W22,2,0,0.0,0.0,1,50,2289,,,0,,48,0,1,1
ri,2025,22,2025-W22,0,0,0.0,,0,50,2289,,,0,,48,0,1,1
sc,2025,22,2025-W22,0,0,0.0,,0,50,2289,,,0,,48,0,1,1
sd,2025,22,2025-W22,1,0,0.0,0.0,1,50,2289,,,0,,48,0,1,1
tn,2025,22,2025-W22,2,0,0.0,0.0,1,50,2289,,,0,,48,0,1,1
tx,2025,22,2025-W22,34,1,0.015625,5.53064921875,1,50,2289,,,0,,48,1,1,1
ut,2025,22,2025-W22,2,0,0.0,0.0,1,50,2289,,,0,,48,0,1,1
va,2025,22,2025-W22,2,0,0.0,0.0,1,50,2289,,,0,,48,0,1,1
vt,2025,22,2025-W22,3,0,0.0,0.0,1,50,2289,,,0,,48,0,1,1
wa,2025,22,2025-W22,1,0,0.0,0.0,1,50,2289,,,0,,48,0,1,1
wi,2025,22,2025-W22,1,0,0.0,0.0,1,50,2289,,,0,,48,0,1,1
wv,2025,22,2025-W22,1,0,0.0,0.0,1,50,2289,,,0,,48,0,1,1
wy,2025,22,2025-W22,0,0,0.0,,0,50,2289,,,0,,48,0,1,1
ak,2025,23,2025-W23,1,0,0.0,0.0,1,45,2289,,,0,,40,0,1,1
al,2025,23,2025-W23,5,0,0.0,0.0,1,45,2289,,,0,,40,0,1,1
ar,2025,23,2025-W23,1,0,0.0,0.0,1,45,2289,,,0,,40,0,1,1
ca,2025,23,2025-W23,28,3,0.027777777777777776,69.21647648148148,1,45,2289,,,0,,40,1,1,1
co,2025,23,2025-W23,2,2,0.3333333333333333,3845.90683,1,45,2289,,,0,,40,1,1,1
ct,2025,23,2025-W23,1,0,0.0,0.0,1,45,2289,,,0,,40,0,1,1
dc,2025,23,2025-W23,0,0,0.0,,0,45,2289,,,0,,40,0,1,1
de,2025,23,2025-W23,8,0,0.0,0.0,1,45,2289,,,0,,40,0,1,1
fl,2025,23,2025-W23,10,1,0.038461538461538464,753.9917253846154,1,45,2289,,,0,,40,1,1,1
ga,2025,23,2025-W23,8,0,0.0,0.0,1,45,2289,,,0,,40,0,1,1
gu,2025,23,2025-W23,0,0,0.0,,0,45,2289,,,0,,40,0,1,1
hi,2025,23,2025-W23,2,0,0.0,0.0,1,45,2289,,,0,,40,0,1,1
ia,2025,23,2025-W23,5,0,0.0,0.0,1,45,2289,,,0,,40,0,1,1
id,2025,23,2025-W23,3,0,0.0,0.0,1,45,2289,,,0,,40,0,1,1
il,2025,23,2025-W23,2,0,0.0,0.0,1,45,2289,,,0,,40,0,1,1
in,2025,23,2025-W23,5,0,0.0,0.0,1,45,2289,,,0,,40,0,1,1
ks,2025,23,2025-W23,5,0,0.0,0.0,1,45,2289,,,0,,40,0,1,1
ky,2025,23,2025-W23,1,0,0.0,0.0,1,45,2289,,,0,,40,0,1,1
la,2025,23,2025-W23,2,0,0.0,0.0,1,45,2289,,,0,,40,0,1,1
ma,2025,23,2025-W23,2,0,0.0,0.0,1,45,2289,,,0,,40,0,1,1
md,2025,23,2025-W23,2,0,0.0,0.0,1,45,2289,,,0,,40,0,1,1
me,2025,23,2025-W23,3,0,0.0,0.0,1,45,2289,,,0,,40,0,1,1
mi,2025,23,2025-W23,6,0,0.0,0.0,1,45,2289,,,0,,40,0,1,1
mn,2025,23,2025-W23,4,0,0.0,0.0,1,45,2289,,,0,,40,0,1,1
mo,2025,23,2025-W23,9,0,0.0,0.42,1,45,2289,,,0,,40,0,1,1
ms,2025,23,2025-W23,2,0,0.0,0.0,1,45,2289,,,0,,40,0,1,1
mt,2025,23,2025-W23,3,0,0.0,75.176658,1,45,2289,,,0,,40,0,1,1
nc,2025,23,2025-W23,3,0,0.0,0.0,1,45,2289,,,0,,40,0,1,1
ne,2025,23,2025-W23,2,0,0.0,0.0,1,45,2289,,,0,,40,0,1,1
nh,2025,23,2025-W23,1,0,0.0,0.0,1,45,2289,,,0,,40,0,1,1
nj,2025,23,2025-W23,6,0,0.0,0.0,1,45,2289,,,0,,40,0,1,1
nm,2025,23,2025-W23,0,0,0.0,,0,45,2289,,,0,,40,0,1,1
nv,2025,23,2025-W23,1,0,0.0,0.0,1,45,2289,,,0,,40,0,1,1
ny,2025,23,2025-W23,2,0,0.0,0.0,1,45,2289,,,0,,40,0,1,1
oh,2025,23,2025-W23,2,0,0.0,0.0,1,45,2289,,,0,,40,0,1,1
ok,2025,23,2025-W23,0,0,0.0,,0,45,2289,,,0,,40,0,1,1
or,2025,23,2025-W23,0,0,0.0,,0,45,2289,,,0,,40,0,1,1
pa,2025,23,2025-W23,2,0,0.0,0.0,1,45,2289,,,0,,40,0,1,1
ri,2025,23,2025-W23,0,0,0.0,,0,45,2289,,,0,,40,0,1,1
sc,2025,23,2025-W23,0,0,0.0,,0,45,2289,,,0,,40,0,1,1
sd,2025,23,2025-W23,1,0,0.0,0.0,1,45,2289,,,0,,40,0,1,1
tn,2025,23,2025-W23,2,0,0.0,0.0,1,45,2289,,,0,,40,0,1,1
tx,2025,23,2025-W23,35,2,0.02564102564102564,14.054510128205129,1,45,2289,,,0,,40,1,1,1
ut,2025,23,2025-W23,2,0,0.0,0.0,1,45,2289,,,0,,40,0,1,1
va,2025,23,2025-W23,2,0,0.0,0.0,1,45,2289,,,0,,40,0,1,1
vt,2025,23,2025-W23,3,0,0.0,0.0,1,45,2289,,,0,,40,0,1,1
wa,2025,23,2025-W23,1,0,0.0,0.0,1,45,2289,,,0,,40,0,1,1
wi,2025,23,2025-W23,1,0,0.0,0.0,1,45,2289,,,0,,40,0,1,1
wv,2025,23,2025-W23,1,0,0.0,0.0,1,45,2289,,,0,,40,0,1,1
wy,2025,23,2025-W23,0,0,0.0,,0,45,2289,,,0,,40,0,1,1
ak,2025,24,2025-W24,1,0,0.0,0.0,1,40,2289,,,0,,50,0,1,1
al,2025,24,2025-W24,5,0,0.0,0.0,1,40,2289,,,0,,50,0,1,1
ar,2025,24,2025-W24,1,0,0.0,0.0,1,40,2289,,,0,,50,0,1,1
ca,2025,24,2025-W24,28,1,0.008928571428571428,22.279551696428573,1,40,2289,,,0,,50,1,1,1
co,2025,24,2025-W24,2,0,0.0,0.0,1,40,2289,,,0,,50,0,1,1
ct,2025,24,2025-W24,1,0,0.0,0.0,1,40,2289,,,0,,50,0,1,1
dc,2025,24,2025-W24,0,0,0.0,,0,40,2289,,,0,,50,0,1,1
de,2025,24,2025-W24,8,0,0.0,0.0,1,40,2289,,,0,,50,0,1,1
fl,2025,24,2025-W24,11,0,0.0,0.0,1,40,2289,,,0,,50,0,1,1
ga,2025,24,2025-W24,8,0,0.0,0.0,1,40,2289,,,0,,50,0,1,1
gu,2025,24,2025-W24,0,0,0.0,,0,40,2289,,,0,,50,0,1,1
hi,2025,24,2025-W24,2,0,0.0,0.0,1,40,2289,,,0,,50,0,1,1
ia,2025,24,2025-W24,5,0,0.0,0.0,1,40,2289,,,0,,50,0,1,1
id,2025,24,2025-W24,3,0,0.0,0.0,1,40,2289,,,0,,50,0,1,1
il,2025,24,2025-W24,2,0,0.0,0.0,1,40,2289,,,0,,50,0,1,1
in,2025,24,2025-W24,5,0,0.0,0.0,1,40,2289,,,0,,50,0,1,1
ks,2025,24,2025-W24,5,0,0.0,0.0,1,40,2289,,,0,,50,0,1,1
ky,2025,24,2025-W24,1,0,0.0,0.0,1,40,2289,,,0,,50,0,1,1
la,2025,24,2025-W24,2,0,0.0,0.0,1,40,2289,,,0,,50,0,1,1
ma,2025,24,2025-W24,2,0,0.0,0.0,1,40,2289,,,0,,50,0,1,1
md,2025,24,2025-W24,2,0,0.0,0.0,1,40,2289,,,0,,50,0,1,1
me,2025,24,2025-W24,3,0,0.0,0.0,1,40,2289,,,0,,50,0,1,1
mi,2025,24,2025-W24,6,1,0.05555555555555555,2366.1360288888886,1,40,2289,,,0,,50,1,1,1
mn,2025,24,2025-W24,4,0,0.0,0.0,1,40,2289,,,0,,50,0,1,1
mo,2025,24,2025-W24,8,0,0.0,0.0,1,40,2289,,,0,,50,0,1,1
ms,2025,24,2025-W24,2,0,0.0,0.0,1,40,2289,,,0,,50,0,1,1
mt,2025,24,2025-W24,3,0,0.0,66.349232,1,40,2289,,,0,,50,0,1,1
nc,2025,24,2025-W24,10,0,0.0,0.0,1,40,2289,,,0,,50,0,1,1
ne,2025,24,2025-W24,2,0,0.0,0.0,1,40,2289,,,0,,50,0,1,1
nh,2025,24,2025-W24,1,0,0.0,0.0,1,40,2289,,,0,,50,0,1,1
nj,2025,24,2025-W24,6,0,0.0,0.0,1,40,2289,,,0,,50,0,1,1
nm,2025,24,2025-W24,0,0,0.0,,0,40,2289,,,0,,50,0,1,1
nv,2025,24,2025-W24,1,0,0.0,0.0,1,40,2289,,,0,,50,0,1,1
ny,2025,24,2025-W24,2,0,0.0,0.0,1,40,2289,,,0,,50,0,1,1
oh,2025,24,2025-W24,2,0,0.0,0.0,1,40,2289,,,0,,50,0,1,1
ok,2025,24,2025-W24,0,0,0.0,,0,40,2289,,,0,,50,0,1,1
or,2025,24,2025-W24,0,0,0.0,,0,40,2289,,,0,,50,0,1,1
pa,2025,24,2025-W24,2,0,0.0,0.0,1,40,2289,,,0,,50,0,1,1
ri,2025,24,2025-W24,0,0,0.0,,0,40,2289,,,0,,50,0,1,1
sc,2025,24,2025-W24,0,0,0.0,,0,40,2289,,,0,,50,0,1,1
sd,2025,24,2025-W24,1,0,0.0,0.0,1,40,2289,,,0,,50,0,1,1
tn,2025,24,2025-W24,2,0,0.0,0.0,1,40,2289,,,0,,50,0,1,1
tx,2025,24,2025-W24,36,2,0.02564102564102564,7.9763455128205125,1,40,2289,,,0,,50,1,1,1
ut,2025,24,2025-W24,2,0,0.0,0.0,1,40,2289,,,0,,50,0,1,1
va,2025,24,2025-W24,2,0,0.0,0.0,1,40,2289,,,0,,50,0,1,1
vt,2025,24,2025-W24,3,0,0.0,0.0,1,40,2289,,,0,,50,0,1,1
wa,2025,24,2025-W24,1,0,0.0,0.0,1,40,2289,,,0,,50,0,1,1
wi,2025,24,2025-W24,16,0,0.0,0.0,1,40,2289,,,0,,50,0,1,1
wv,2025,24,2025-W24,1,0,0.0,0.0,1,40,2289,,,0,,50,0,1,1
wy,2025,24,2025-W24,0,0,0.0,,0,40,2289,,,0,,50,0,1,1
ak,2025,25,2025-W25,1,0,0.0,0.0,1,26,2289,,,0,,56,0,1,1
al,2025,25,2025-W25,5,0,0.0,0.0,1,26,2289,,,0,,56,0,1,1
ar,2025,25,2025-W25,1,0,0.0,0.0,1,26,2289,,,0,,56,0,1,1
ca,2025,25,2025-W25,28,2,0.018518518518518517,42.19950564814814,1,26,2289,,,0,,56,1,1,1
co,2025,25,2025-W25,2,0,0.0,0.0,1,26,2289,,,0,,56,0,1,1
ct,2025,25,2025-W25,1,0,0.0,0.0,1,26,2289,,,0,,56,0,1,1
dc,2025,25,2025-W25,0,0,0.0,,0,26,2289,,,0,,56,0,1,1
de,2025,25,2025-W25,6,0,0.0,0.0,1,26,2289,,,0,,56,0,1,1
fl,2025,25,2025-W25,11,0,0.0,0.0,1,26,2289,,,0,,56,0,1,1
ga,2025,25,2025-W25,8,0,0.0,0.0,1,26,2289,,,0,,56,0,1,1
gu,2025,25,2025-W25,0,0,0.0,,0,26,2289,,,0,,56,0,1,1
hi,2025,25,2025-W25,2,0,0.0,0.0,1,26,2289,,,0,,56,0,1,1
ia,2025,25,2025-W25,5,0,0.0,0.0,1,26,2289,,,0,,56,0,1,1
id,2025,25,2025-W25,3,0,0.0,0.0,1,26,2289,,,0,,56,0,1,1
il,2025,25,2025-W25,2,0,0.0,0.0,1,26,2289,,,0,,56,0,1,1
in,2025,25,2025-W25,5,0,0.0,0.0,1,26,2289,,,0,,56,0,1,1
ks,2025,25,2025-W25,5,0,0.0,0.0,1,26,2289,,,0,,56,0,1,1
ky,2025,25,2025-W25,1,0,0.0,0.0,1,26,2289,,,0,,56,0,1,1
la,2025,25,2025-W25,2,0,0.0,0.0,1,26,2289,,,0,,56,0,1,1
ma,2025,25,2025-W25,2,0,0.0,0.0,1,26,2289,,,0,,56,0,1,1
md,2025,25,2025-W25,2,0,0.0,0.0,1,26,2289,,,0,,56,0,1,1
me,2025,25,2025-W25,3,0,0.0,0.0,1,26,2289,,,0,,56,0,1,1
mi,2025,25,2025-W25,6,1,0.05555555555555555,401.2464655555556,1,26,2289,,,0,,56,1,1,1
mn,2025,25,2025-W25,4,0,0.0,0.0,1,26,2289,,,0,,56,0,1,1
mo,2025,25,2025-W25,10,0,0.0,1.127,1,26,2289,,,0,,56,0,1,1
ms,2025,25,2025-W25,2,0,0.0,0.0,1,26,2289,,,0,,56,0,1,1
mt,2025,25,2025-W25,3,0,0.0,0.0,1,26,2289,,,0,,56,0,1,1
nc,2025,25,2025-W25,28,0,0.0,0.0,1,26,2289,,,0,,56,0,1,1
ne,2025,25,2025-W25,2,0,0.0,0.0,1,26,2289,,,0,,56,0,1,1
nh,2025,25,2025-W25,1,0,0.0,0.0,1,26,2289,,,0,,56,0,1,1
nj,2025,25,2025-W25,6,0,0.0,0.0,1,26,2289,,,0,,56,0,1,1
nm,2025,25,2025-W25,0,0,0.0,,0,26,2289,,,0,,56,0,1,1
nv,2025,25,2025-W25,1,0,0.0,0.0,1,26,2289,,,0,,56,0,1,1
ny,2025,25,2025-W25,2,0,0.0,0.0,1,26,2289,,,0,,56,0,1,1
oh,2025,25,2025-W25,2,0,0.0,0.0,1,26,2289,,,0,,56,0,1,1
ok,2025,25,2025-W25,0,0,0.0,,0,26,2289,,,0,,56,0,1,1
or,2025,25,2025-W25,0,0,0.0,,0,26,2289,,,0,,56,0,1,1
pa,2025,25,2025-W25,2,0,0.0,0.0,1,26,2289,,,0,,56,0,1,1
ri,2025,25,2025-W25,0,0,0.0,,0,26,2289,,,0,,56,0,1,1
sc,2025,25,2025-W25,0,0,0.0,,0,26,2289,,,0,,56,0,1,1
sd,2025,25,2025-W25,1,0,0.0,0.0,1,26,2289,,,0,,56,0,1,1
tn,2025,25,2025-W25,2,0,0.0,0.0,1,26,2289,,,0,,56,0,1,1
tx,2025,25,2025-W25,33,0,0.0,0.0,1,26,2289,,,0,,56,0,1,1
ut,2025,25,2025-W25,2,0,0.0,0.0,1,26,2289,,,0,,56,0,1,1
va,2025,25,2025-W25,2,0,0.0,0.0,1,26,2289,,,0,,56,0,1,1
vt,2025,25,2025-W25,3,0,0.0,0.0,1,26,2289,,,0,,56,0,1,1
wa,2025,25,2025-W25,1,0,0.0,0.0,1,26,2289,,,0,,56,0,1,1
wi,2025,25,2025-W25,25,0,0.0,573.7931034482758,1,26,2289,,,0,,56,0,1,1
wv,2025,25,2025-W25,1,0,0.0,0.0,1,26,2289,,,0,,56,0,1,1
wy,2025,25,2025-W25,0,0,0.0,,0,26,2289,,,0,,56,0,1,1
ak,2025,26,2025-W26,1,0,0.0,0.0,1,33,2289,,,0,,56,0,1,1
al,2025,26,2025-W26,5,0,0.0,0.0,1,33,2289,,,0,,56,0,1,1
ar,2025,26,2025-W26,1,0,0.0,0.0,1,33,2289,,,0,,56,0,1,1
ca,2025,26,2025-W26,28,4,0.03571428571428571,271.6057957142857,1,33,2289,,,0,,56,1,1,1
co,2025,26,2025-W26,2,0,0.0,0.0,1,33,2289,,,0,,56,0,1,1
ct,2025,26,2025-W26,1,0,0.0,0.0,1,33,2289,,,0,,56,0,1,1
dc,2025,26,2025-W26,0,0,0.0,,0,33,2289,,,0,,56,0,1,1
de,2025,26,2025-W26,8,0,0.0,0.0,1,33,2289,,,0,,56,0,1,1
fl,2025,26,2025-W26,11,0,0.0,0.0,1,33,2289,,,0,,56,0,1,1
ga,2025,26,2025-W26,8,0,0.0,0.0,1,33,2289,,,0,,56,0,1,1
gu,2025,26,2025-W26,0,0,0.0,,0,33,2289,,,0,,56,0,1,1
hi,2025,26,2025-W26,2,0,0.0,0.0,1,33,2289,,,0,,56,0,1,1
ia,2025,26,2025-W26,5,1,0.06666666666666667,931.7224166666667,1,33,2289,,,0,,56,1,1,1
id,2025,26,2025-W26,3,0,0.0,0.0,1,33,2289,,,0,,56,0,1,1
il,2025,26,2025-W26,2,0,0.0,0.0,1,33,2289,,,0,,56,0,1,1
in,2025,26,2025-W26,5,1,0.058823529411764705,190.83985294117647,1,33,2289,,,0,,56,1,1,1
ks,2025,26,2025-W26,5,0,0.0,0.0,1,33,2289,,,0,,56,0,1,1
ky,2025,26,2025-W26,1,0,0.0,0.0,1,33,2289,,,0,,56,0,1,1
la,2025,26,2025-W26,2,0,0.0,0.0,1,33,2289,,,0,,56,0,1,1
ma,2025,26,2025-W26,2,0,0.0,0.0,1,33,2289,,,0,,56,0,1,1
md,2025,26,2025-W26,2,0,0.0,0.0,1,33,2289,,,0,,56,0,1,1
me,2025,26,2025-W26,3,0,0.0,0.0,1,33,2289,,,0,,56,0,1,1
mi,2025,26,2025-W26,6,1,0.05555555555555555,398.9606266666667,1,33,2289,,,0,,56,1,1,1
mn,2025,26,2025-W26,4,0,0.0,0.0,1,33,2289,,,0,,56,0,1,1
mo,2025,26,2025-W26,8,0,0.0,0.0,1,33,2289,,,0,,56,0,1,1
ms,2025,26,2025-W26,2,0,0.0,0.0,1,33,2289,,,0,,56,0,1,1
mt,2025,26,2025-W26,3,0,0.0,0.0,1,33,2289,,,0,,56,0,1,1
nc,2025,26,2025-W26,28,0,0.0,50.91394513513514,1,33,2289,,,0,,56,0,1,1
ne,2025,26,2025-W26,2,0,0.0,0.0,1,33,2289,,,0,,56,0,1,1
nh,2025,26,2025-W26,1,0,0.0,0.0,1,33,2289,,,0,,56,0,1,1
nj,2025,26,2025-W26,6,0,0.0,0.0,1,33,2289,,,0,,56,0,1,1
nm,2025,26,2025-W26,0,0,0.0,,0,33,2289,,,0,,56,0,1,1
nv,2025,26,2025-W26,1,0,0.0,0.0,1,33,2289,,,0,,56,0,1,1
ny,2025,26,2025-W26,2,0,0.0,0.0,1,33,2289,,,0,,56,0,1,1
oh,2025,26,2025-W26,2,0,0.0,0.0,1,33,2289,,,0,,56,0,1,1
ok,2025,26,2025-W26,0,0,0.0,,0,33,2289,,,0,,56,0,1,1
or,2025,26,2025-W26,0,0,0.0,,0,33,2289,,,0,,56,0,1,1
pa,2025,26,2025-W26,3,0,0.0,0.0,1,33,2289,,,0,,56,0,1,1
ri,2025,26,2025-W26,0,0,0.0,,0,33,2289,,,0,,56,0,1,1
sc,2025,26,2025-W26,0,0,0.0,,0,33,2289,,,0,,56,0,1,1
sd,2025,26,2025-W26,1,0,0.0,0.0,1,33,2289,,,0,,56,0,1,1
tn,2025,26,2025-W26,2,0,0.0,0.0,1,33,2289,,,0,,56,0,1,1
tx,2025,26,2025-W26,36,0,0.0,2.72425,1,33,2289,,,0,,56,0,1,1
ut,2025,26,2025-W26,2,0,0.0,0.0,1,33,2289,,,0,,56,0,1,1
va,2025,26,2025-W26,2,0,0.0,0.0,1,33,2289,,,0,,56,0,1,1
vt,2025,26,2025-W26,3,0,0.0,0.0,1,33,2289,,,0,,56,0,1,1
wa,2025,26,2025-W26,1,0,0.0,0.0,1,33,2289,,,0,,56,0,1,1
wi,2025,26,2025-W26,24,0,0.0,864.0,1,33,2289,,,0,,56,0,1,1
wv,2025,26,2025-W26,1,0,0.0,0.0,1,33,2289,,,0,,56,0,1,1
wy,2025,26,2025-W26,0,0,0.0,,0,33,2289,,,0,,56,0,1,1
ak,2025,27,2025-W27,1,0,0.0,0.0,1,34,2289,,,0,,35,0,1,1
al,2025,27,2025-W27,5,0,0.0,0.0,1,34,2289,,,0,,35,0,1,1
ar,2025,27,2025-W27,1,0,0.0,0.0,1,34,2289,,,0,,35,0,1,1
ca,2025,27,2025-W27,28,0,0.0,0.0,1,34,2289,,,0,,35,0,1,1
co,2025,27,2025-W27,2,0,0.0,0.0,1,34,2289,,,0,,35,0,1,1
ct,2025,27,2025-W27,1,0,0.0,0.0,1,34,2289,,,0,,35,0,1,1
dc,2025,27,2025-W27,0,0,0.0,,0,34,2289,,,0,,35,0,1,1
de,2025,27,2025-W27,8,0,0.0,0.0,1,34,2289,,,0,,35,0,1,1
fl,2025,27,2025-W27,11,0,0.0,0.0,1,34,2289,,,0,,35,0,1,1
ga,2025,27,2025-W27,8,0,0.0,0.0,1,34,2289,,,0,,35,0,1,1
gu,2025,27,2025-W27,0,0,0.0,,0,34,2289,,,0,,35,0,1,1
hi,2025,27,2025-W27,2,0,0.0,0.0,1,34,2289,,,0,,35,0,1,1
ia,2025,27,2025-W27,5,0,0.0,0.0,1,34,2289,,,0,,35,0,1,1
id,2025,27,2025-W27,3,0,0.0,0.0,1,34,2289,,,0,,35,0,1,1
il,2025,27,2025-W27,2,0,0.0,0.0,1,34,2289,,,0,,35,0,1,1
in,2025,27,2025-W27,5,0,0.0,0.0,1,34,2289,,,0,,35,0,1,1
ks,2025,27,2025-W27,5,0,0.0,0.0,1,34,2289,,,0,,35,0,1,1
ky,2025,27,2025-W27,1,0,0.0,0.0,1,34,2289,,,0,,35,0,1,1
la,2025,27,2025-W27,2,0,0.0,0.0,1,34,2289,,,0,,35,0,1,1
ma,2025,27,2025-W27,2,0,0.0,0.0,1,34,2289,,,0,,35,0,1,1
md,2025,27,2025-W27,2,0,0.0,0.0,1,34,2289,,,0,,35,0,1,1
me,2025,27,2025-W27,3,0,0.0,0.0,1,34,2289,,,0,,35,0,1,1
mi,2025,27,2025-W27,6,2,0.11764705882352941,1320.5463499999998,1,34,2289,,,0,,35,1,1,1
mn,2025,27,2025-W27,4,0,0.0,0.0,1,34,2289,,,0,,35,0,1,1
mo,2025,27,2025-W27,7,0,0.0,0.0,1,34,2289,,,0,,35,0,1,1
ms,2025,27,2025-W27,2,0,0.0,0.0,1,34,2289,,,0,,35,0,1,1
mt,2025,27,2025-W27,2,0,0.0,0.0,1,34,2289,,,0,,35,0,1,1
nc,2025,27,2025-W27,24,0,0.0,33.02839172413793,1,34,2289,,,0,,35,0,1,1
ne,2025,27,2025-W27,2,0,0.0,0.0,1,34,2289,,,0,,35,0,1,1
nh,2025,27,2025-W27,1,0,0.0,0.0,1,34,2289,,,0,,35,0,1,1
nj,2025,27,2025-W27,6,0,0.0,0.0,1,34,2289,,,0,,35,0,1,1
nm,2025,27,2025-W27,0,0,0.0,,0,34,2289,,,0,,35,0,1,1
nv,2025,27,2025-W27,1,0,0.0,0.0,1,34,2289,,,0,,35,0,1,1
ny,2025,27,2025-W27,2,0,0.0,0.0,1,34,2289,,,0,,35,0,1,1
oh,2025,27,2025-W27,2,0,0.0,0.0,1,34,2289,,,0,,35,0,1,1
ok,2025,27,2025-W27,0,0,0.0,,0,34,2289,,,0,,35,0,1,1
or,2025,27,2025-W27,0,0,0.0,,0,34,2289,,,0,,35,0,1,1
pa,2025,27,2025-W27,3,0,0.0,0.0,1,34,2289,,,0,,35,0,1,1
ri,2025,27,2025-W27,0,0,0.0,,0,34,2289,,,0,,35,0,1,1
sc,2025,27,2025-W27,0,0,0.0,,0,34,2289,,,0,,35,0,1,1
sd,2025,27,2025-W27,1,0,0.0,0.0,1,34,2289,,,0,,35,0,1,1
tn,2025,27,2025-W27,2,0,0.0,0.0,1,34,2289,,,0,,35,0,1,1
tx,2025,27,2025-W27,18,0,0.0,0.0,1,34,2289,,,0,,35,0,1,1
ut,2025,27,2025-W27,2,0,0.0,0.0,1,34,2289,,,0,,35,0,1,1
va,2025,27,2025-W27,2,0,0.0,0.0,1,34,2289,,,0,,35,0,1,1
vt,2025,27,2025-W27,3,0,0.0,0.0,1,34,2289,,,0,,35,0,1,1
wa,2025,27,2025-W27,1,0,0.0,0.0,1,34,2289,,,0,,35,0,1,1
wi,2025,27,2025-W27,31,0,0.0,0.0,1,34,2289,,,0,,35,0,1,1
wv,2025,27,2025-W27,1,0,0.0,0.0,1,34,2289,,,0,,35,0,1,1
wy,2025,27,2025-W27,0,0,0.0,,0,34,2289,,,0,,35,0,1,1
ak,2025,28,2025-W28,1,0,0.0,0.0,1,32,2289,,,0,,50,0,1,1
al,2025,28,2025-W28,5,0,0.0,0.0,1,32,2289,,,0,,50,0,1,1
ar,2025,28,2025-W28,1,0,0.0,0.0,1,32,2289,,,0,,50,0,1,1
ca,2025,28,2025-W28,28,0,0.0,0.0,1,32,2289,,,0,,50,0,1,1
co,2025,28,2025-W28,2,0,0.0,0.0,1,32,2289,,,0,,50,0,1,1
ct,2025,28,2025-W28,1,0,0.0,0.0,1,32,2289,,,0,,50,0,1,1
dc,2025,28,2025-W28,0,0,0.0,,0,32,2289,,,0,,50,0,1,1
de,2025,28,2025-W28,8,0,0.0,0.0,1,32,2289,,,0,,50,0,1,1
fl,2025,28,2025-W28,11,0,0.0,0.0,1,32,2289,,,0,,50,0,1,1
ga,2025,28,2025-W28,8,0,0.0,0.0,1,32,2289,,,0,,50,0,1,1
gu,2025,28,2025-W28,0,0,0.0,,0,32,2289,,,0,,50,0,1,1
hi,2025,28,2025-W28,2,0,0.0,0.0,1,32,2289,,,0,,50,0,1,1
ia,2025,28,2025-W28,5,0,0.0,0.0,1,32,2289,,,0,,50,0,1,1
id,2025,28,2025-W28,3,0,0.0,0.0,1,32,2289,,,0,,50,0,1,1
il,2025,28,2025-W28,2,0,0.0,0.0,1,32,2289,,,0,,50,0,1,1
in,2025,28,2025-W28,5,0,0.0,0.0,1,32,2289,,,0,,50,0,1,1
ks,2025,28,2025-W28,5,1,0.06666666666666667,546.4740773333334,1,32,2289,,,0,,50,1,1,1
ky,2025,28,2025-W28,1,0,0.0,0.0,1,32,2289,,,0,,50,0,1,1
la,2025,28,2025-W28,2,0,0.0,0.0,1,32,2289,,,0,,50,0,1,1
ma,2025,28,2025-W28,2,0,0.0,0.0,1,32,2289,,,0,,50,0,1,1
md,2025,28,2025-W28,2,0,0.0,0.0,1,32,2289,,,0,,50,0,1,1
me,2025,28,2025-W28,3,0,0.0,0.0,1,32,2289,,,0,,50,0,1,1
mi,2025,28,2025-W28,6,1,0.05555555555555555,2816.939538888889,1,32,2289,,,0,,50,1,1,1
mn,2025,28,2025-W28,4,0,0.0,0.0,1,32,2289,,,0,,50,0,1,1
mo,2025,28,2025-W28,8,0,0.0,0.4725,1,32,2289,,,0,,50,0,1,1
ms,2025,28,2025-W28,2,0,0.0,0.0,1,32,2289,,,0,,50,0,1,1
mt,2025,28,2025-W28,3,0,0.0,71.38257166666666,1,32,2289,,,0,,50,0,1,1
nc,2025,28,2025-W28,28,0,0.0,28.529505142857143,1,32,2289,,,0,,50,0,1,1
ne,2025,28,2025-W28,2,0,0.0,0.0,1,32,2289,,,0,,50,0,1,1
nh,2025,28,2025-W28,1,0,0.0,0.0,1,32,2289,,,0,,50,0,1,1
nj,2025,28,2025-W28,6,0,0.0,0.0,1,32,2289,,,0,,50,0,1,1
nm,2025,28,2025-W28,0,0,0.0,,0,32,2289,,,0,,50,0,1,1
nv,2025,28,2025-W28,1,0,0.0,0.0,1,32,2289,,,0,,50,0,1,1
ny,2025,28,2025-W28,2,0,0.0,0.0,1,32,2289,,,0,,50,0,1,1
oh,2025,28,2025-W28,2,0,0.0,0.0,1,32,2289,,,0,,50,0,1,1
ok,2025,28,2025-W28,0,0,0.0,,0,32,2289,,,0,,50,0,1,1
or,2025,28,2025-W28,0,0,0.0,,0,32,2289,,,0,,50,0,1,1
pa,2025,28,2025-W28,3,0,0.0,0.0,1,32,2289,,,0,,50,0,1,1
ri,2025,28,2025-W28,0,0,0.0,,0,32,2289,,,0,,50,0,1,1
sc,2025,28,2025-W28,0,0,0.0,,0,32,2289,,,0,,50,0,1,1
sd,2025,28,2025-W28,1,0,0.0,0.0,1,32,2289,,,0,,50,0,1,1
tn,2025,28,2025-W28,2,0,0.0,0.0,1,32,2289,,,0,,50,0,1,1
tx,2025,28,2025-W28,36,0,0.0,0.0,1,32,2289,,,0,,50,0,1,1
ut,2025,28,2025-W28,2,1,0.2,424.72863799999993,1,32,2289,,,0,,50,1,1,1
va,2025,28,2025-W28,2,0,0.0,0.0,1,32,2289,,,0,,50,0,1,1
vt,2025,28,2025-W28,3,0,0.0,0.0,1,32,2289,,,0,,50,0,1,1
wa,2025,28,2025-W28,1,0,0.0,0.0,1,32,2289,,,0,,50,0,1,1
wi,2025,28,2025-W28,29,0,0.0,0.0,1,32,2289,,,0,,50,0,1,1
wv,2025,28,2025-W28,1,0,0.0,0.0,1,32,2289,,,0,,50,0,1,1
wy,2025,28,2025-W28,0,0,0.0,,0,32,2289,,,0,,50,0,1,1
ak,2025,29,2025-W29,1,0,0.0,0.0,1,29,2289,,,0,,45,0,1,1
al,2025,29,2025-W29,5,0,0.0,0.0,1,29,2289,,,0,,45,0,1,1
ar,2025,29,2025-W29,1,0,0.0,0.0,1,29,2289,,,0,,45,0,1,1
ca,2025,29,2025-W29,28,0,0.0,0.0,1,29,2289,,,0,,45,0,1,1
co,2025,29,2025-W29,2,0,0.0,0.0,1,29,2289,,,0,,45,0,1,1
ct,2025,29,2025-W29,1,0,0.0,0.0,1,29,2289,,,0,,45,0,1,1
dc,2025,29,2025-W29,0,0,0.0,,0,29,2289,,,0,,45,0,1,1
de,2025,29,2025-W29,8,0,0.0,0.0,1,29,2289,,,0,,45,0,1,1
fl,2025,29,2025-W29,10,0,0.0,0.0,1,29,2289,,,0,,45,0,1,1
ga,2025,29,2025-W29,8,0,0.0,0.0,1,29,2289,,,0,,45,0,1,1
gu,2025,29,2025-W29,0,0,0.0,,0,29,2289,,,0,,45,0,1,1
hi,2025,29,2025-W29,2,0,0.0,0.0,1,29,2289,,,0,,45,0,1,1
ia,2025,29,2025-W29,5,0,0.0,0.0,1,29,2289,,,0,,45,0,1,1
id,2025,29,2025-W29,3,0,0.0,0.0,1,29,2289,,,0,,45,0,1,1
il,2025,29,2025-W29,2,0,0.0,0.0,1,29,2289,,,0,,45,0,1,1
in,2025,29,2025-W29,5,0,0.0,0.0,1,29,2289,,,0,,45,0,1,1
ks,2025,29,2025-W29,5,0,0.0,0.0,1,29,2289,,,0,,45,0,1,1
ky,2025,29,2025-W29,1,0,0.0,0.0,1,29,2289,,,0,,45,0,1,1
la,2025,29,2025-W29,2,0,0.0,0.0,1,29,2289,,,0,,45,0,1,1
ma,2025,29,2025-W29,2,0,0.0,0.0,1,29,2289,,,0,,45,0,1,1
md,2025,29,2025-W29,2,0,0.0,0.0,1,29,2289,,,0,,45,0,1,1
me,2025,29,2025-W29,3,0,0.0,0.0,1,29,2289,,,0,,45,0,1,1
mi,2025,29,2025-W29,6,2,0.1111111111111111,1907.1535766666664,1,29,2289,,,0,,45,1,1,1
mn,2025,29,2025-W29,4,0,0.0,0.0,1,29,2289,,,0,,45,0,1,1
mo,2025,29,2025-W29,8,0,0.0,0.0,1,29,2289,,,0,,45,0,1,1
ms,2025,29,2025-W29,2,0,0.0,0.0,1,29,2289,,,0,,45,0,1,1
mt,2025,29,2025-W29,3,0,0.0,0.0,1,29,2289,,,0,,45,0,1,1
nc,2025,29,2025-W29,29,0,0.0,0.0,1,29,2289,,,0,,45,0,1,1
ne,2025,29,2025-W29,2,0,0.0,0.0,1,29,2289,,,0,,45,0,1,1
nh,2025,29,2025-W29,1,0,0.0,0.0,1,29,2289,,,0,,45,0,1,1
nj,2025,29,2025-W29,6,0,0.0,0.0,1,29,2289,,,0,,45,0,1,1
nm,2025,29,2025-W29,0,0,0.0,,0,29,2289,,,0,,45,0,1,1
nv,2025,29,2025-W29,1,0,0.0,0.0,1,29,2289,,,0,,45,0,1,1
ny,2025,29,2025-W29,2,0,0.0,0.0,1,29,2289,,,0,,45,0,1,1
oh,2025,29,2025-W29,2,0,0.0,0.0,1,29,2289,,,0,,45,0,1,1
ok,2025,29,2025-W29,0,0,0.0,,0,29,2289,,,0,,45,0,1,1
or,2025,29,2025-W29,0,0,0.0,,0,29,2289,,,0,,45,0,1,1
pa,2025,29,2025-W29,3,0,0.0,0.0,1,29,2289,,,0,,45,0,1,1
ri,2025,29,2025-W29,0,0,0.0,,0,29,2289,,,0,,45,0,1,1
sc,2025,29,2025-W29,0,0,0.0,,0,29,2289,,,0,,45,0,1,1
sd,2025,29,2025-W29,1,0,0.0,0.0,1,29,2289,,,0,,45,0,1,1
tn,2025,29,2025-W29,2,0,0.0,0.0,1,29,2289,,,0,,45,0,1,1
tx,2025,29,2025-W29,18,0,0.0,0.0,1,29,2289,,,0,,45,0,1,1
ut,2025,29,2025-W29,2,0,0.0,0.0,1,29,2289,,,0,,45,0,1,1
va,2025,29,2025-W29,2,0,0.0,0.0,1,29,2289,,,0,,45,0,1,1
vt,2025,29,2025-W29,3,0,0.0,0.0,1,29,2289,,,0,,45,0,1,1
wa,2025,29,2025-W29,1,0,0.0,0.0,1,29,2289,,,0,,45,0,1,1
wi,2025,29,2025-W29,34,0,0.0,631.0633703703703,1,29,2289,,,0,,45,0,1,1
wv,2025,29,2025-W29,1,0,0.0,0.0,1,29,2289,,,0,,45,0,1,1
wy,2025,29,2025-W29,0,0,0.0,,0,29,2289,,,0,,45,0,1,1
ak,2025,30,2025-W30,1,0,0.0,0.0,1,29,2289,,,0,,61,0,1,1
al,2025,30,2025-W30,6,0,0.0,0.0,1,29,2289,,,0,,61,0,1,1
ar,2025,30,2025-W30,2,0,0.0,0.0,1,29,2289,,,0,,61,0,1,1
ca,2025,30,2025-W30,33,0,0.0,0.0,1,29,2289,,,0,,61,0,1,1
co,2025,30,2025-W30,2,0,0.0,0.0,1,29,2289,,,0,,61,0,1,1
ct,2025,30,2025-W30,2,0,0.0,0.0,1,29,2289,,,0,,61,0,1,1
dc,2025,30,2025-W30,0,0,0.0,,0,29,2289,,,0,,61,0,1,1
de,2025,30,2025-W30,7,0,0.0,0.0,1,29,2289,,,0,,61,0,1,1
fl,2025,30,2025-W30,11,0,0.0,0.0,1,29,2289,,,0,,61,0,1,1
ga,2025,30,2025-W30,8,0,0.0,0.0,1,29,2289,,,0,,61,0,1,1
gu,2025,30,2025-W30,2,0,0.0,0.0,1,29,2289,,,0,,61,0,1,1
hi,2025,30,2025-W30,5,0,0.0,0.0,1,29,2289,,,0,,61,0,1,1
ia,2025,30,2025-W30,5,0,0.0,0.0,1,29,2289,,,0,,61,0,1,1
id,2025,30,2025-W30,3,0,0.0,0.0,1,29,2289,,,0,,61,0,1,1
il,2025,30,2025-W30,1,0,0.0,0.0,1,29,2289,,,0,,61,0,1,1
in,2025,30,2025-W30,5,0,0.0,0.0,1,29,2289,,,0,,61,0,1,1
ks,2025,30,2025-W30,5,1,0.07142857142857142,197.47669285714284,1,29,2289,,,0,,61,1,1,1
ky,2025,30,2025-W30,1,0,0.0,0.0,1,29,2289,,,0,,61,0,1,1
la,2025,30,2025-W30,2,0,0.0,0.0,1,29,2289,,,0,,61,0,1,1
ma,2025,30,2025-W30,2,0,0.0,0.0,1,29,2289,,,0,,61,0,1,1
md,2025,30,2025-W30,2,0,0.0,0.0,1,29,2289,,,0,,61,0,1,1
me,2025,30,2025-W30,3,0,0.0,0.0,1,29,2289,,,0,,61,0,1,1
mi,2025,30,2025-W30,6,0,0.0,0.0,1,29,2289,,,0,,61,0,1,1
mn,2025,30,2025-W30,4,0,0.0,0.0,1,29,2289,,,0,,61,0,1,1
mo,2025,30,2025-W30,9,0,0.0,0.0,1,29,2289,,,0,,61,0,1,1
ms,2025,30,2025-W30,2,0,0.0,0.0,1,29,2289,,,0,,61,0,1,1
mt,2025,30,2025-W30,3,0,0.0,0.0,1,29,2289,,,0,,61,0,1,1
nc,2025,30,2025-W30,28,0,0.0,0.0,1,29,2289,,,0,,61,0,1,1
ne,2025,30,2025-W30,2,0,0.0,0.0,1,29,2289,,,0,,61,0,1,1
nh,2025,30,2025-W30,2,0,0.0,0.0,1,29,2289,,,0,,61,0,1,1
nj,2025,30,2025-W30,6,0,0.0,0.0,1,29,2289,,,0,,61,0,1,1
nm,2025,30,2025-W30,1,0,0.0,0.0,1,29,2289,,,0,,61,0,1,1
nv,2025,30,2025-W30,2,0,0.0,0.0,1,29,2289,,,0,,61,0,1,1
ny,2025,30,2025-W30,11,0,0.0,0.0,1,29,2289,,,0,,61,0,1,1
oh,2025,30,2025-W30,2,0,0.0,0.0,1,29,2289,,,0,,61,0,1,1
ok,2025,30,2025-W30,0,0,0.0,,0,29,2289,,,0,,61,0,1,1
or,2025,30,2025-W30,0,0,0.0,,0,29,2289,,,0,,61,0,1,1
pa,2025,30,2025-W30,3,0,0.0,0.0,1,29,2289,,,0,,61,0,1,1
ri,2025,30,2025-W30,1,0,0.0,0.0,1,29,2289,,,0,,61,0,1,1
sc,2025,30,2025-W30,0,0,0.0,,0,29,2289,,,0,,61,0,1,1
sd,2025,30,2025-W30,2,0,0.0,0.0,1,29,2289,,,0,,61,0,1,1
tn,2025,30,2025-W30,2,0,0.0,0.0,1,29,2289,,,0,,61,0,1,1
tx,2025,30,2025-W30,37,0,0.0,0.0,1,29,2289,,,0,,61,0,1,1
ut,2025,30,2025-W30,2,0,0.0,0.0,1,29,2289,,,0,,61,0,1,1
va,2025,30,2025-W30,2,0,0.0,0.0,1,29,2289,,,0,,61,0,1,1
vt,2025,30,2025-W30,3,0,0.0,0.0,1,29,2289,,,0,,61,0,1,1
wa,2025,30,2025-W30,1,0,0.0,0.0,1,29,2289,,,0,,61,0,1,1
wi,2025,30,2025-W30,24,0,0.0,557.4193548387096,1,29,2289,,,0,,61,0,1,1
wv,2025,30,2025-W30,1,0,0.0,0.0,1,29,2289,,,0,,61,0,1,1
wy,2025,30,2025-W30,0,0,0.0,,0,29,2289,,,0,,61,0,1,1
ak,2025,31,2025-W31,3,0,0.0,0.0,1,37,2289,,,0,,55,0,1,1
al,2025,31,2025-W31,7,0,0.0,0.0,1,37,2289,,,0,,55,0,1,1
ar,2025,31,2025-W31,6,0,0.0,0.0,1,37,2289,,,0,,55,0,1,1
ca,2025,31,2025-W31,59,0,0.0,0.0,1,37,2289,,,0,,55,0,1,1
co,2025,31,2025-W31,2,0,0.0,0.0,1,37,2289,,,0,,55,0,1,1
ct,2025,31,2025-W31,5,0,0.0,0.0,1,37,2289,,,0,,55,0,1,1
dc,2025,31,2025-W31,1,0,0.0,0.0,1,37,2289,,,0,,55,0,1,1
de,2025,31,2025-W31,8,0,0.0,0.0,1,37,2289,,,0,,55,0,1,1
fl,2025,31,2025-W31,14,0,0.0,0.0,1,37,2289,,,0,,55,0,1,1
ga,2025,31,2025-W31,8,0,0.0,0.0,1,37,2289,,,0,,55,0,1,1
gu,2025,31,2025-W31,3,0,0.0,0.0,1,37,2289,,,0,,55,0,1,1
hi,2025,31,2025-W31,9,0,0.0,0.0,1,37,2289,,,0,,55,0,1,1
ia,2025,31,2025-W31,7,0,0.0,0.0,1,37,2289,,,0,,55,0,1,1
id,2025,31,2025-W31,4,2,0.14285714285714285,778.2163935714286,1,37,2289,,,0,,55,1,1,1
il,2025,31,2025-W31,2,0,0.0,0.0,1,37,2289,,,0,,55,0,1,1
in,2025,31,2025-W31,5,0,0.0,0.0,1,37,2289,,,0,,55,0,1,1
ks,2025,31,2025-W31,7,0,0.0,0.0,1,37,2289,,,0,,55,0,1,1
ky,2025,31,2025-W31,1,0,0.0,0.0,1,37,2289,,,0,,55,0,1,1
la,2025,31,2025-W31,2,0,0.0,0.0,1,37,2289,,,0,,55,0,1,1
ma,2025,31,2025-W31,4,0,0.0,0.0,1,37,2289,,,0,,55,0,1,1
md,2025,31,2025-W31,13,0,0.0,0.0,1,37,2289,,,0,,55,0,1,1
me,2025,31,2025-W31,13,0,0.0,0.0,1,37,2289,,,0,,55,0,1,1
mi,2025,31,2025-W31,6,0,0.0,0.0,1,37,2289,,,0,,55,0,1,1
mn,2025,31,2025-W31,4,0,0.0,0.0,1,37,2289,,,0,,55,0,1,1
mo,2025,31,2025-W31,10,0,0.0,0.0,1,37,2289,,,0,,55,0,1,1
ms,2025,31,2025-W31,2,0,0.0,0.0,1,37,2289,,,0,,55,0,1,1
mt,2025,31,2025-W31,3,0,0.0,0.0,1,37,2289,,,0,,55,0,1,1
nc,2025,31,2025-W31,29,0,0.0,0.0,1,37,2289,,,0,,55,0,1,1
ne,2025,31,2025-W31,2,0,0.0,0.0,1,37,2289,,,0,,55,0,1,1
nh,2025,31,2025-W31,3,0,0.0,0.0,1,37,2289,,,0,,55,0,1,1
nj,2025,31,2025-W31,6,0,0.0,0.0,1,37,2289,,,0,,55,0,1,1
nm,2025,31,2025-W31,2,0,0.0,0.0,1,37,2289,,,0,,55,0,1,1
nv,2025,31,2025-W31,7,1,0.058823529411764705,1065.754764117647,1,37,2289,,,0,,55,1,1,1
ny,2025,31,2025-W31,11,0,0.0,0.0,1,37,2289,,,0,,55,0,1,1
oh,2025,31,2025-W31,2,0,0.0,0.0,1,37,2289,,,0,,55,0,1,1
ok,2025,31,2025-W31,1,0,0.0,0.0,1,37,2289,,,0,,55,0,1,1
or,2025,31,2025-W31,0,0,0.0,,0,37,2289,,,0,,55,0,1,1
pa,2025,31,2025-W31,7,0,0.0,0.0,1,37,2289,,,0,,55,0,1,1
ri,2025,31,2025-W31,4,0,0.0,0.0,1,37,2289,,,0,,55,0,1,1
sc,2025,31,2025-W31,1,0,0.0,0.0,1,37,2289,,,0,,55,0,1,1
sd,2025,31,2025-W31,3,0,0.0,0.0,1,37,2289,,,0,,55,0,1,1
tn,2025,31,2025-W31,2,0,0.0,0.0,1,37,2289,,,0,,55,0,1,1
tx,2025,31,2025-W31,49,0,0.0,0.0,1,37,2289,,,0,,55,0,1,1
ut,2025,31,2025-W31,2,0,0.0,0.0,1,37,2289,,,0,,55,0,1,1
va,2025,31,2025-W31,6,0,0.0,0.0,1,37,2289,,,0,,55,0,1,1
vt,2025,31,2025-W31,5,0,0.0,0.0,1,37,2289,,,0,,55,0,1,1
wa,2025,31,2025-W31,1,0,0.0,0.0,1,37,2289,,,0,,55,0,1,1
wi,2025,31,2025-W31,28,0,0.0,0.0,1,37,2289,,,0,,55,0,1,1
wv,2025,31,2025-W31,1,0,0.0,0.0,1,37,2289,,,0,,55,0,1,1
wy,2025,31,2025-W31,2,0,0.0,0.0,1,37,2289,,,0,,55,0,1,1
ak,2025,32,2025-W32,5,0,0.0,0.0,1,36,2289,,,0,,45,0,1,1
al,2025,32,2025-W32,6,0,0.0,0.0,1,36,2289,,,0,,45,0,1,1
ar,2025,32,2025-W32,6,0,0.0,0.0,1,36,2289,,,0,,45,0,1,1
ca,2025,32,2025-W32,58,0,0.0,0.0,1,36,2289,,,0,,45,0,1,1
co,2025,32,2025-W32,2,0,0.0,0.0,1,36,2289,,,0,,45,0,1,1
ct,2025,32,2025-W32,5,0,0.0,0.0,1,36,2289,,,0,,45,0,1,1
dc,2025,32,2025-W32,1,0,0.0,0.0,1,36,2289,,,0,,45,0,1,1
de,2025,32,2025-W32,7,0,0.0,0.0,1,36,2289,,,0,,45,0,1,1
fl,2025,32,2025-W32,14,0,0.0,0.0,1,36,2289,,,0,,45,0,1,1
ga,2025,32,2025-W32,8,0,0.0,0.0,1,36,2289,,,0,,45,0,1,1
gu,2025,32,2025-W32,3,0,0.0,0.0,1,36,2289,,,0,,45,0,1,1
hi,2025,32,2025-W32,9,0,0.0,0.0,1,36,2289,,,0,,45,0,1,1
ia,2025,32,2025-W32,7,0,0.0,0.0,1,36,2289,,,0,,45,0,1,1
id,2025,32,2025-W32,4,0,0.0,0.0,1,36,2289,,,0,,45,0,1,1
il,2025,32,2025-W32,2,0,0.0,0.0,1,36,2289,,,0,,45,0,1,1
in,2025,32,2025-W32,5,0,0.0,0.0,1,36,2289,,,0,,45,0,1,1
ks,2025,32,2025-W32,7,0,0.0,0.0,1,36,2289,,,0,,45,0,1,1
ky,2025,32,2025-W32,1,0,0.0,0.0,1,36,2289,,,0,,45,0,1,1
la,2025,32,2025-W32,2,0,0.0,0.0,1,36,2289,,,0,,45,0,1,1
ma,2025,32,2025-W32,5,0,0.0,0.0,1,36,2289,,,0,,45,0,1,1
md,2025,32,2025-W32,13,0,0.0,0.0,1,36,2289,,,0,,45,0,1,1
me,2025,32,2025-W32,12,0,0.0,0.0,1,36,2289,,,0,,45,0,1,1
mi,2025,32,2025-W32,6,1,0.05555555555555555,157.45054,1,36,2289,,,0,,45,1,1,1
mn,2025,32,2025-W32,4,0,0.0,0.0,1,36,2289,,,0,,45,0,1,1
mo,2025,32,2025-W32,10,0,0.0,0.0,1,36,2289,,,0,,45,0,1,1
ms,2025,32,2025-W32,2,0,0.0,0.0,1,36,2289,,,0,,45,0,1,1
mt,2025,32,2025-W32,3,0,0.0,0.0,1,36,2289,,,0,,45,0,1,1
nc,2025,32,2025-W32,34,0,0.0,0.0,1,36,2289,,,0,,45,0,1,1
ne,2025,32,2025-W32,2,0,0.0,0.0,1,36,2289,,,0,,45,0,1,1
nh,2025,32,2025-W32,3,0,0.0,0.0,1,36,2289,,,0,,45,0,1,1
nj,2025,32,2025-W32,6,0,0.0,0.0,1,36,2289,,,0,,45,0,1,1
nm,2025,32,2025-W32,2,0,0.0,0.0,1,36,2289,,,0,,45,0,1,1
nv,2025,32,2025-W32,7,0,0.0,0.0,1,36,2289,,,0,,45,0,1,1
ny,2025,32,2025-W32,10,0,0.0,0.0,1,36,2289,,,0,,45,0,1,1
oh,2025,32,2025-W32,2,0,0.0,0.0,1,36,2289,,,0,,45,0,1,1
ok,2025,32,2025-W32,1,0,0.0,0.0,1,36,2289,,,0,,45,0,1,1
or,2025,32,2025-W32,0,0,0.0,,0,36,2289,,,0,,45,0,1,1
pa,2025,32,2025-W32,7,0,0.0,0.0,1,36,2289,,,0,,45,0,1,1
ri,2025,32,2025-W32,4,0,0.0,0.0,1,36,2289,,,0,,45,0,1,1
sc,2025,32,2025-W32,2,0,0.0,0.0,1,36,2289,,,0,,45,0,1,1
sd,2025,32,2025-W32,3,0,0.0,0.0,1,36,2289,,,0,,45,0,1,1
tn,2025,32,2025-W32,2,0,0.0,0.0,1,36,2289,,,0,,45,0,1,1
tx,2025,32,2025-W32,46,0,0.0,1.93438679245283,1,36,2289,,,0,,45,0,1,1
ut,2025,32,2025-W32,2,0,0.0,0.0,1,36,2289,,,0,,45,0,1,1
va,2025,32,2025-W32,6,0,0.0,0.0,1,36,2289,,,0,,45,0,1,1
vt,2025,32,2025-W32,5,0,0.0,0.0,1,36,2289,,,0,,45,0,1,1
wa,2025,32,2025-W32,1,0,0.0,0.0,1,36,2289,,,0,,45,0,1,1
wi,2025,32,2025-W32,25,0,0.0,0.0,1,36,2289,,,0,,45,0,1,1
wv,2025,32,2025-W32,1,0,0.0,0.0,1,36,2289,,,0,,45,0,1,1
wy,2025,32,2025-W32,2,0,0.0,0.0,1,36,2289,,,0,,45,0,1,1
ak,2025,33,2025-W33,5,0,0.0,0.0,1,39,2289,,,0,,52,0,1,1
al,2025,33,2025-W33,6,0,0.0,0.0,1,39,2289,,,0,,52,0,1,1
ar,2025,33,2025-W33,6,0,0.0,0.0,1,39,2289,,,0,,52,0,1,1
ca,2025,33,2025-W33,59,0,0.0,0.0,1,39,2289,,,0,,52,0,1,1
co,2025,33,2025-W33,2,0,0.0,0.0,1,39,2289,,,0,,52,0,1,1
ct,2025,33,2025-W33,5,0,0.0,0.0,1,39,2289,,,0,,52,0,1,1
dc,2025,33,2025-W33,1,0,0.0,0.0,1,39,2289,,,0,,52,0,1,1
de,2025,33,2025-W33,7,0,0.0,0.0,1,39,2289,,,0,,52,0,1,1
fl,2025,33,2025-W33,14,0,0.0,0.0,1,39,2289,,,0,,52,0,1,1
ga,2025,33,2025-W33,8,0,0.0,0.0,1,39,2289,,,0,,52,0,1,1
gu,2025,33,2025-W33,3,0,0.0,0.0,1,39,2289,,,0,,52,0,1,1
hi,2025,33,2025-W33,9,0,0.0,0.0,1,39,2289,,,0,,52,0,1,1
ia,2025,33,2025-W33,7,0,0.0,0.0,1,39,2289,,,0,,52,0,1,1
id,2025,33,2025-W33,4,1,0.06666666666666667,166.50045133333333,1,39,2289,,,0,,52,1,1,1
il,2025,33,2025-W33,2,0,0.0,0.0,1,39,2289,,,0,,52,0,1,1
in,2025,33,2025-W33,5,0,0.0,0.0,1,39,2289,,,0,,52,0,1,1
ks,2025,33,2025-W33,7,0,0.0,0.0,1,39,2289,,,0,,52,0,1,1
ky,2025,33,2025-W33,1,0,0.0,0.0,1,39,2289,,,0,,52,0,1,1
la,2025,33,2025-W33,2,0,0.0,0.0,1,39,2289,,,0,,52,0,1,1
ma,2025,33,2025-W33,5,0,0.0,0.0,1,39,2289,,,0,,52,0,1,1
md,2025,33,2025-W33,13,0,0.0,0.0,1,39,2289,,,0,,52,0,1,1
me,2025,33,2025-W33,13,0,0.0,0.0,1,39,2289,,,0,,52,0,1,1
mi,2025,33,2025-W33,6,1,0.05555555555555555,2623.5081194444447,1,39,2289,,,0,,52,1,1,1
mn,2025,33,2025-W33,4,0,0.0,0.0,1,39,2289,,,0,,52,0,1,1
mo,2025,33,2025-W33,11,0,0.0,0.0,1,39,2289,,,0,,52,0,1,1
ms,2025,33,2025-W33,2,0,0.0,0.0,1,39,2289,,,0,,52,0,1,1
mt,2025,33,2025-W33,2,0,0.0,0.0,1,39,2289,,,0,,52,0,1,1
nc,2025,33,2025-W33,33,0,0.0,0.0,1,39,2289,,,0,,52,0,1,1
ne,2025,33,2025-W33,2,0,0.0,0.0,1,39,2289,,,0,,52,0,1,1
nh,2025,33,2025-W33,3,0,0.0,0.0,1,39,2289,,,0,,52,0,1,1
nj,2025,33,2025-W33,6,0,0.0,0.0,1,39,2289,,,0,,52,0,1,1
nm,2025,33,2025-W33,2,0,0.0,0.0,1,39,2289,,,0,,52,0,1,1
nv,2025,33,2025-W33,7,0,0.0,0.0,1,39,2289,,,0,,52,0,1,1
ny,2025,33,2025-W33,11,0,0.0,0.0,1,39,2289,,,0,,52,0,1,1
oh,2025,33,2025-W33,2,0,0.0,0.0,1,39,2289,,,0,,52,0,1,1
ok,2025,33,2025-W33,1,0,0.0,0.0,1,39,2289,,,0,,52,0,1,1
or,2025,33,2025-W33,0,0,0.0,,0,39,2289,,,0,,52,0,1,1
pa,2025,33,2025-W33,7,0,0.0,0.0,1,39,2289,,,0,,52,0,1,1
ri,2025,33,2025-W33,4,0,0.0,0.0,1,39,2289,,,0,,52,0,1,1
sc,2025,33,2025-W33,3,0,0.0,0.0,1,39,2289,,,0,,52,0,1,1
sd,2025,33,2025-W33,3,0,0.0,0.0,1,39,2289,,,0,,52,0,1,1
tn,2025,33,2025-W33,2,0,0.0,0.0,1,39,2289,,,0,,52,0,1,1
tx,2025,33,2025-W33,47,0,0.0,4.565787169811321,1,39,2289,,,0,,52,0,1,1
ut,2025,33,2025-W33,2,0,0.0,0.0,1,39,2289,,,0,,52,0,1,1
va,2025,33,2025-W33,6,0,0.0,0.0,1,39,2289,,,0,,52,0,1,1
vt,2025,33,2025-W33,5,0,0.0,0.0,1,39,2289,,,0,,52,0,1,1
wa,2025,33,2025-W33,1,0,0.0,0.0,1,39,2289,,,0,,52,0,1,1
wi,2025,33,2025-W33,34,0,0.0,0.0,1,39,2289,,,0,,52,0,1,1
wv,2025,33,2025-W33,1,0,0.0,0.0,1,39,2289,,,0,,52,0,1,1
wy,2025,33,2025-W33,2,0,0.0,0.0,1,39,2289,,,0,,52,0,1,1
ak,2025,34,2025-W34,5,0,0.0,0.0,1,40,2289,,,0,,39,0,1,1
al,2025,34,2025-W34,6,0,0.0,0.0,1,40,2289,,,0,,39,0,1,1
ar,2025,34,2025-W34,6,0,0.0,0.0,1,40,2289,,,0,,39,0,1,1
ca,2025,34,2025-W34,59,0,0.0,0.0,1,40,2289,,,0,,39,0,1,1
co,2025,34,2025-W34,2,0,0.0,0.0,1,40,2289,,,0,,39,0,1,1
ct,2025,34,2025-W34,5,0,0.0,0.0,1,40,2289,,,0,,39,0,1,1
dc,2025,34,2025-W34,1,0,0.0,0.0,1,40,2289,,,0,,39,0,1,1
de,2025,34,2025-W34,8,0,0.0,0.0,1,40,2289,,,0,,39,0,1,1
fl,2025,34,2025-W34,14,0,0.0,0.0,1,40,2289,,,0,,39,0,1,1
ga,2025,34,2025-W34,8,1,0.045454545454545456,435.190655,1,40,2289,,,0,,39,1,1,1
gu,2025,34,2025-W34,3,0,0.0,0.0,1,40,2289,,,0,,39,0,1,1
hi,2025,34,2025-W34,9,0,0.0,0.0,1,40,2289,,,0,,39,0,1,1
ia,2025,34,2025-W34,7,0,0.0,0.0,1,40,2289,,,0,,39,0,1,1
id,2025,34,2025-W34,4,0,0.0,0.0,1,40,2289,,,0,,39,0,1,1
il,2025,34,2025-W34,2,0,0.0,0.0,1,40,2289,,,0,,39,0,1,1
in,2025,34,2025-W34,5,0,0.0,0.0,1,40,2289,,,0,,39,0,1,1
ks,2025,34,2025-W34,7,0,0.0,0.0,1,40,2289,,,0,,39,0,1,1
ky,2025,34,2025-W34,1,0,0.0,0.0,1,40,2289,,,0,,39,0,1,1
la,2025,34,2025-W34,2,0,0.0,0.0,1,40,2289,,,0,,39,0,1,1
ma,2025,34,2025-W34,5,0,0.0,0.0,1,40,2289,,,0,,39,0,1,1
md,2025,34,2025-W34,13,0,0.0,0.0,1,40,2289,,,0,,39,0,1,1
me,2025,34,2025-W34,13,0,0.0,0.0,1,40,2289,,,0,,39,0,1,1
mi,2025,34,2025-W34,6,1,0.05263157894736842,197.6378657894737,1,40,2289,,,0,,39,1,1,1
mn,2025,34,2025-W34,4,0,0.0,0.0,1,40,2289,,,0,,39,0,1,1
mo,2025,34,2025-W34,11,0,0.0,0.0,1,40,2289,,,0,,39,0,1,1
ms,2025,34,2025-W34,2,0,0.0,0.0,1,40,2289,,,0,,39,0,1,1
mt,2025,34,2025-W34,4,0,0.0,0.0,1,40,2289,,,0,,39,0,1,1
nc,2025,34,2025-W34,33,0,0.0,12.603040652173913,1,40,2289,,,0,,39,0,1,1
ne,2025,34,2025-W34,2,0,0.0,0.0,1,40,2289,,,0,,39,0,1,1
nh,2025,34,2025-W34,3,0,0.0,0.0,1,40,2289,,,0,,39,0,1,1
nj,2025,34,2025-W34,6,0,0.0,0.0,1,40,2289,,,0,,39,0,1,1
nm,2025,34,2025-W34,2,0,0.0,0.0,1,40,2289,,,0,,39,0,1,1
nv,2025,34,2025-W34,7,0,0.0,0.0,1,40,2289,,,0,,39,0,1,1
ny,2025,34,2025-W34,11,0,0.0,0.0,1,40,2289,,,0,,39,0,1,1
oh,2025,34,2025-W34,2,0,0.0,0.0,1,40,2289,,,0,,39,0,1,1
ok,2025,34,2025-W34,1,0,0.0,0.0,1,40,2289,,,0,,39,0,1,1
or,2025,34,2025-W34,0,0,0.0,,0,40,2289,,,0,,39,0,1,1
pa,2025,34,2025-W34,7,0,0.0,0.0,1,40,2289,,,0,,39,0,1,1
ri,2025,34,2025-W34,4,0,0.0,0.0,1,40,2289,,,0,,39,0,1,1
sc,2025,34,2025-W34,1,0,0.0,0.0,1,40,2289,,,0,,39,0,1,1
sd,2025,34,2025-W34,3,0,0.0,0.0,1,40,2289,,,0,,39,0,1,1
tn,2025,34,2025-W34,2,0,0.0,0.0,1,40,2289,,,0,,39,0,1,1
tx,2025,34,2025-W34,46,0,0.0,4.128657407407407,1,40,2289,,,0,,39,0,1,1
ut,2025,34,2025-W34,2,0,0.0,0.0,1,40,2289,,,0,,39,0,1,1
va,2025,34,2025-W34,6,0,0.0,0.0,1,40,2289,,,0,,39,0,1,1
vt,2025,34,2025-W34,5,0,0.0,0.0,1,40,2289,,,0,,39,0,1,1
wa,2025,34,2025-W34,1,0,0.0,0.0,1,40,2289,,,0,,39,0,1,1
wi,2025,34,2025-W34,34,0,0.0,332.2216603773585,1,40,2289,,,0,,39,0,1,1
wv,2025,34,2025-W34,1,0,0.0,0.0,1,40,2289,,,0,,39,0,1,1
wy,2025,34,2025-W34,2,0,0.0,0.0,1,40,2289,,,0,,39,0,1,1
ak,2025,35,2025-W35,5,0,0.0,0.0,1,36,2289,,,0,,47,0,1,1
al,2025,35,2025-W35,6,0,0.0,0.0,1,36,2289,,,0,,47,0,1,1
ar,2025,35,2025-W35,6,0,0.0,0.0,1,36,2289,,,0,,47,0,1,1
ca,2025,35,2025-W35,59,0,0.0,0.0,1,36,2289,,,0,,47,0,1,1
co,2025,35,2025-W35,2,0,0.0,0.0,1,36,2289,,,0,,47,0,1,1
ct,2025,35,2025-W35,5,0,0.0,0.0,1,36,2289,,,0,,47,0,1,1
dc,2025,35,2025-W35,1,0,0.0,0.0,1,36,2289,,,0,,47,0,1,1
de,2025,35,2025-W35,3,0,0.0,0.0,1,36,2289,,,0,,47,0,1,1
fl,2025,35,2025-W35,14,0,0.0,0.0,1,36,2289,,,0,,47,0,1,1
ga,2025,35,2025-W35,8,1,0.05,111.300497,1,36,2289,,,0,,47,1,1,1
gu,2025,35,2025-W35,3,0,0.0,0.0,1,36,2289,,,0,,47,0,1,1
hi,2025,35,2025-W35,9,0,0.0,0.0,1,36,2289,,,0,,47,0,1,1
ia,2025,35,2025-W35,7,0,0.0,0.0,1,36,2289,,,0,,47,0,1,1
id,2025,35,2025-W35,4,0,0.0,0.0,1,36,2289,,,0,,47,0,1,1
il,2025,35,2025-W35,2,0,0.0,0.0,1,36,2289,,,0,,47,0,1,1
in,2025,35,2025-W35,5,0,0.0,0.0,1,36,2289,,,0,,47,0,1,1
ks,2025,35,2025-W35,6,0,0.0,0.0,1,36,2289,,,0,,47,0,1,1
ky,2025,35,2025-W35,1,0,0.0,0.0,1,36,2289,,,0,,47,0,1,1
la,2025,35,2025-W35,2,0,0.0,0.0,1,36,2289,,,0,,47,0,1,1
ma,2025,35,2025-W35,5,0,0.0,0.0,1,36,2289,,,0,,47,0,1,1
md,2025,35,2025-W35,13,0,0.0,0.0,1,36,2289,,,0,,47,0,1,1
me,2025,35,2025-W35,13,0,0.0,0.0,1,36,2289,,,0,,47,0,1,1
mi,2025,35,2025-W35,6,0,0.0,0.0,1,36,2289,,,0,,47,0,1,1
mn,2025,35,2025-W35,4,0,0.0,0.0,1,36,2289,,,0,,47,0,1,1
mo,2025,35,2025-W35,5,0,0.0,0.0,1,36,2289,,,0,,47,0,1,1
ms,2025,35,2025-W35,2,0,0.0,0.0,1,36,2289,,,0,,47,0,1,1
mt,2025,35,2025-W35,4,0,0.0,0.0,1,36,2289,,,0,,47,0,1,1
nc,2025,35,2025-W35,33,0,0.0,0.0,1,36,2289,,,0,,47,0,1,1
ne,2025,35,2025-W35,2,0,0.0,0.0,1,36,2289,,,0,,47,0,1,1
nh,2025,35,2025-W35,3,0,0.0,0.0,1,36,2289,,,0,,47,0,1,1
nj,2025,35,2025-W35,6,0,0.0,0.0,1,36,2289,,,0,,47,0,1,1
nm,2025,35,2025-W35,2,0,0.0,0.0,1,36,2289,,,0,,47,0,1,1
nv,2025,35,2025-W35,7,0,0.0,0.0,1,36,2289,,,0,,47,0,1,1
ny,2025,35,2025-W35,2,0,0.0,0.0,1,36,2289,,,0,,47,0,1,1
oh,2025,35,2025-W35,2,0,0.0,0.0,1,36,2289,,,0,,47,0,1,1
ok,2025,35,2025-W35,1,0,0.0,0.0,1,36,2289,,,0,,47,0,1,1
or,2025,35,2025-W35,0,0,0.0,,0,36,2289,,,0,,47,0,1,1
pa,2025,35,2025-W35,7,0,0.0,0.0,1,36,2289,,,0,,47,0,1,1
ri,2025,35,2025-W35,4,0,0.0,0.0,1,36,2289,,,0,,47,0,1,1
sc,2025,35,2025-W35,3,0,0.0,0.0,1,36,2289,,,0,,47,0,1,1
sd,2025,35,2025-W35,3,0,0.0,0.0,1,36,2289,,,0,,47,0,1,1
tn,2025,35,2025-W35,2,0,0.0,0.0,1,36,2289,,,0,,47,0,1,1
tx,2025,35,2025-W35,47,0,0.0,1.9888425925925926,1,36,2289,,,0,,47,0,1,1
ut,2025,35,2025-W35,2,0,0.0,0.0,1,36,2289,,,0,,47,0,1,1
va,2025,35,2025-W35,6,0,0.0,0.0,1,36,2289,,,0,,47,0,1,1
vt,2025,35,2025-W35,6,0,0.0,0.0,1,36,2289,,,0,,47,0,1,1
wa,2025,35,2025-W35,1,0,0.0,0.0,1,36,2289,,,0,,47,0,1,1
wi,2025,35,2025-W35,24,0,0.0,0.0,1,36,2289,,,0,,47,0,1,1
wv,2025,35,2025-W35,1,0,0.0,0.0,1,36,2289,,,0,,47,0,1,1
wy,2025,35,2025-W35,2,0,0.0,0.0,1,36,2289,,,0,,47,0,1,1
ak,2025,36,2025-W36,5,0,0.0,0.0,1,23,2289,,,0,,59,0,1,1
al,2025,36,2025-W36,6,0,0.0,0.0,1,23,2289,,,0,,59,0,1,1
ar,2025,36,2025-W36,6,0,0.0,0.0,1,23,2289,,,0,,59,0,1,1
ca,2025,36,2025-W36,59,0,0.0,0.0,1,23,2289,,,0,,59,0,1,1
co,2025,36,2025-W36,2,0,0.0,0.0,1,23,2289,,,0,,59,0,1,1
ct,2025,36,2025-W36,5,0,0.0,0.0,1,23,2289,,,0,,59,0,1,1
dc,2025,36,2025-W36,1,0,0.0,0.0,1,23,2289,,,0,,59,0,1,1
de,2025,36,2025-W36,7,0,0.0,0.0,1,23,2289,,,0,,59,0,1,1
fl,2025,36,2025-W36,14,0,0.0,0.0,1,23,2289,,,0,,59,0,1,1
ga,2025,36,2025-W36,8,0,0.0,0.0,1,23,2289,,,0,,59,0,1,1
gu,2025,36,2025-W36,3,0,0.0,0.0,1,23,2289,,,0,,59,0,1,1
hi,2025,36,2025-W36,9,0,0.0,0.0,1,23,2289,,,0,,59,0,1,1
ia,2025,36,2025-W36,7,0,0.0,0.0,1,23,2289,,,0,,59,0,1,1
id,2025,36,2025-W36,4,0,0.0,0.0,1,23,2289,,,0,,59,0,1,1
il,2025,36,2025-W36,2,0,0.0,0.0,1,23,2289,,,0,,59,0,1,1
in,2025,36,2025-W36,5,0,0.0,0.0,1,23,2289,,,0,,59,0,1,1
ks,2025,36,2025-W36,7,0,0.0,0.0,1,23,2289,,,0,,59,0,1,1
ky,2025,36,2025-W36,1,0,0.0,0.0,1,23,2289,,,0,,59,0,1,1
la,2025,36,2025-W36,2,0,0.0,0.0,1,23,2289,,,0,,59,0,1,1
ma,2025,36,2025-W36,4,0,0.0,0.0,1,23,2289,,,0,,59,0,1,1
md,2025,36,2025-W36,13,0,0.0,0.0,1,23,2289,,,0,,59,0,1,1
me,2025,36,2025-W36,13,0,0.0,0.0,1,23,2289,,,0,,59,0,1,1
mi,2025,36,2025-W36,6,0,0.0,0.0,1,23,2289,,,0,,59,0,1,1
mn,2025,36,2025-W36,4,0,0.0,0.0,1,23,2289,,,0,,59,0,1,1
mo,2025,36,2025-W36,11,0,0.0,0.0,1,23,2289,,,0,,59,0,1,1
ms,2025,36,2025-W36,2,0,0.0,0.0,1,23,2289,,,0,,59,0,1,1
mt,2025,36,2025-W36,4,0,0.0,0.0,1,23,2289,,,0,,59,0,1,1
nc,2025,36,2025-W36,31,0,0.0,0.0,1,23,2289,,,0,,59,0,1,1
ne,2025,36,2025-W36,2,0,0.0,0.0,1,23,2289,,,0,,59,0,1,1
nh,2025,36,2025-W36,3,0,0.0,0.0,1,23,2289,,,0,,59,0,1,1
nj,2025,36,2025-W36,6,0,0.0,0.0,1,23,2289,,,0,,59,0,1,1
nm,2025,36,2025-W36,2,0,0.0,0.0,1,23,2289,,,0,,59,0,1,1
nv,2025,36,2025-W36,7,0,0.0,0.0,1,23,2289,,,0,,59,0,1,1
ny,2025,36,2025-W36,11,0,0.0,0.0,1,23,2289,,,0,,59,0,1,1
oh,2025,36,2025-W36,2,0,0.0,0.0,1,23,2289,,,0,,59,0,1,1
ok,2025,36,2025-W36,1,0,0.0,0.0,1,23,2289,,,0,,59,0,1,1
or,2025,36,2025-W36,0,0,0.0,,0,23,2289,,,0,,59,0,1,1
pa,2025,36,2025-W36,7,0,0.0,0.0,1,23,2289,,,0,,59,0,1,1
ri,2025,36,2025-W36,4,0,0.0,0.0,1,23,2289,,,0,,59,0,1,1
sc,2025,36,2025-W36,3,0,0.0,0.0,1,23,2289,,,0,,59,0,1,1
sd,2025,36,2025-W36,3,0,0.0,0.0,1,23,2289,,,0,,59,0,1,1
tn,2025,36,2025-W36,2,0,0.0,0.0,1,23,2289,,,0,,59,0,1,1
tx,2025,36,2025-W36,47,0,0.0,2.6133928571428573,1,23,2289,,,0,,59,0,1,1
ut,2025,36,2025-W36,2,0,0.0,0.0,1,23,2289,,,0,,59,0,1,1
va,2025,36,2025-W36,6,0,0.0,0.0,1,23,2289,,,0,,59,0,1,1
vt,2025,36,2025-W36,6,0,0.0,0.0,1,23,2289,,,0,,59,0,1,1
wa,2025,36,2025-W36,1,0,0.0,0.0,1,23,2289,,,0,,59,0,1,1
wi,2025,36,2025-W36,35,0,0.0,1154.0983606557377,1,23,2289,,,0,,59,0,1,1
wv,2025,36,2025-W36,1,0,0.0,0.0,1,23,2289,,,0,,59,0,1,1
wy,2025,36,2025-W36,2,0,0.0,0.0,1,23,2289,,,0,,59,0,1,1
ak,2025,37,2025-W37,5,0,0.0,0.0,1,29,2289,,,0,,46,0,1,1
al,2025,37,2025-W37,6,0,0.0,0.0,1,29,2289,,,0,,46,0,1,1
ar,2025,37,2025-W37,6,0,0.0,0.0,1,29,2289,,,0,,46,0,1,1
ca,2025,37,2025-W37,57,1,0.005714285714285714,16.66940417142857,1,29,2289,,,0,,46,1,1,1
co,2025,37,2025-W37,2,0,0.0,0.0,1,29,2289,,,0,,46,0,1,1
ct,2025,37,2025-W37,5,0,0.0,0.0,1,29,2289,,,0,,46,0,1,1
dc,2025,37,2025-W37,1,0,0.0,0.0,1,29,2289,,,0,,46,0,1,1
de,2025,37,2025-W37,8,0,0.0,0.0,1,29,2289,,,0,,46,0,1,1
fl,2025,37,2025-W37,14,0,0.0,0.0,1,29,2289,,,0,,46,0,1,1
ga,2025,37,2025-W37,8,0,0.0,0.0,1,29,2289,,,0,,46,0,1,1
gu,2025,37,2025-W37,3,0,0.0,0.0,1,29,2289,,,0,,46,0,1,1
hi,2025,37,2025-W37,9,0,0.0,0.0,1,29,2289,,,0,,46,0,1,1
ia,2025,37,2025-W37,7,0,0.0,0.0,1,29,2289,,,0,,46,0,1,1
id,2025,37,2025-W37,4,0,0.0,0.0,1,29,2289,,,0,,46,0,1,1
il,2025,37,2025-W37,2,0,0.0,0.0,1,29,2289,,,0,,46,0,1,1
in,2025,37,2025-W37,5,0,0.0,0.0,1,29,2289,,,0,,46,0,1,1
ks,2025,37,2025-W37,7,0,0.0,0.0,1,29,2289,,,0,,46,0,1,1
ky,2025,37,2025-W37,1,0,0.0,0.0,1,29,2289,,,0,,46,0,1,1
la,2025,37,2025-W37,2,0,0.0,0.0,1,29,2289,,,0,,46,0,1,1
ma,2025,37,2025-W37,5,0,0.0,0.0,1,29,2289,,,0,,46,0,1,1
md,2025,37,2025-W37,13,0,0.0,0.0,1,29,2289,,,0,,46,0,1,1
me,2025,37,2025-W37,13,0,0.0,0.0,1,29,2289,,,0,,46,0,1,1
mi,2025,37,2025-W37,6,0,0.0,0.0,1,29,2289,,,0,,46,0,1,1
mn,2025,37,2025-W37,4,0,0.0,0.0,1,29,2289,,,0,,46,0,1,1
mo,2025,37,2025-W37,10,0,0.0,0.0,1,29,2289,,,0,,46,0,1,1
ms,2025,37,2025-W37,2,0,0.0,0.0,1,29,2289,,,0,,46,0,1,1
mt,2025,37,2025-W37,4,0,0.0,0.0,1,29,2289,,,0,,46,0,1,1
nc,2025,37,2025-W37,30,0,0.0,0.0,1,29,2289,,,0,,46,0,1,1
ne,2025,37,2025-W37,2,0,0.0,0.0,1,29,2289,,,0,,46,0,1,1
nh,2025,37,2025-W37,3,0,0.0,0.0,1,29,2289,,,0,,46,0,1,1
nj,2025,37,2025-W37,6,0,0.0,0.0,1,29,2289,,,0,,46,0,1,1
nm,2025,37,2025-W37,1,0,0.0,0.0,1,29,2289,,,0,,46,0,1,1
nv,2025,37,2025-W37,7,0,0.0,0.0,1,29,2289,,,0,,46,0,1,1
ny,2025,37,2025-W37,11,0,0.0,0.0,1,29,2289,,,0,,46,0,1,1
oh,2025,37,2025-W37,2,0,0.0,0.0,1,29,2289,,,0,,46,0,1,1
ok,2025,37,2025-W37,1,0,0.0,0.0,1,29,2289,,,0,,46,0,1,1
or,2025,37,2025-W37,0,0,0.0,,0,29,2289,,,0,,46,0,1,1
pa,2025,37,2025-W37,7,0,0.0,0.0,1,29,2289,,,0,,46,0,1,1
ri,2025,37,2025-W37,4,0,0.0,0.0,1,29,2289,,,0,,46,0,1,1
sc,2025,37,2025-W37,3,0,0.0,0.0,1,29,2289,,,0,,46,0,1,1
sd,2025,37,2025-W37,3,0,0.0,0.0,1,29,2289,,,0,,46,0,1,1
tn,2025,37,2025-W37,2,0,0.0,0.0,1,29,2289,,,0,,46,0,1,1
tx,2025,37,2025-W37,47,0,0.0,0.0,1,29,2289,,,0,,46,0,1,1
ut,2025,37,2025-W37,2,0,0.0,0.0,1,29,2289,,,0,,46,0,1,1
va,2025,37,2025-W37,6,0,0.0,0.0,1,29,2289,,,0,,46,0,1,1
vt,2025,37,2025-W37,6,0,0.0,0.0,1,29,2289,,,0,,46,0,1,1
wa,2025,37,2025-W37,1,0,0.0,0.0,1,29,2289,,,0,,46,0,1,1
wi,2025,37,2025-W37,42,0,0.0,607.1610588235294,1,29,2289,,,0,,46,0,1,1
wv,2025,37,2025-W37,1,0,0.0,0.0,1,29,2289,,,0,,46,0,1,1
wy,2025,37,2025-W37,2,0,0.0,0.0,1,29,2289,,,0,,46,0,1,1
ak,2025,38,2025-W38,5,0,0.0,0.0,1,29,2289,,,0,,60,0,1,1
al,2025,38,2025-W38,6,0,0.0,0.0,1,29,2289,,,0,,60,0,1,1
ar,2025,38,2025-W38,6,0,0.0,0.0,1,29,2289,,,0,,60,0,1,1
ca,2025,38,2025-W38,58,0,0.0,0.0,1,29,2289,,,0,,60,0,1,1
co,2025,38,2025-W38,2,0,0.0,0.0,1,29,2289,,,0,,60,0,1,1
ct,2025,38,2025-W38,5,0,0.0,0.0,1,29,2289,,,0,,60,0,1,1
dc,2025,38,2025-W38,1,0,0.0,0.0,1,29,2289,,,0,,60,0,1,1
de,2025,38,2025-W38,8,0,0.0,0.0,1,29,2289,,,0,,60,0,1,1
fl,2025,38,2025-W38,14,0,0.0,0.0,1,29,2289,,,0,,60,0,1,1
ga,2025,38,2025-W38,8,1,0.043478260869565216,510.4744439130435,1,29,2289,,,0,,60,1,1,1
gu,2025,38,2025-W38,3,0,0.0,0.0,1,29,2289,,,0,,60,0,1,1
hi,2025,38,2025-W38,9,0,0.0,0.0,1,29,2289,,,0,,60,0,1,1
ia,2025,38,2025-W38,7,0,0.0,0.0,1,29,2289,,,0,,60,0,1,1
id,2025,38,2025-W38,4,0,0.0,0.0,1,29,2289,,,0,,60,0,1,1
il,2025,38,2025-W38,1,0,0.0,0.0,1,29,2289,,,0,,60,0,1,1
in,2025,38,2025-W38,5,0,0.0,0.0,1,29,2289,,,0,,60,0,1,1
ks,2025,38,2025-W38,7,0,0.0,0.0,1,29,2289,,,0,,60,0,1,1
ky,2025,38,2025-W38,1,0,0.0,0.0,1,29,2289,,,0,,60,0,1,1
la,2025,38,2025-W38,2,0,0.0,0.0,1,29,2289,,,0,,60,0,1,1
ma,2025,38,2025-W38,5,0,0.0,0.0,1,29,2289,,,0,,60,0,1,1
md,2025,38,2025-W38,13,0,0.0,0.0,1,29,2289,,,0,,60,0,1,1
me,2025,38,2025-W38,13,0,0.0,0.0,1,29,2289,,,0,,60,0,1,1
mi,2025,38,2025-W38,6,0,0.0,0.0,1,29,2289,,,0,,60,0,1,1
mn,2025,38,2025-W38,4,0,0.0,0.0,1,29,2289,,,0,,60,0,1,1
mo,2025,38,2025-W38,6,0,0.0,0.0,1,29,2289,,,0,,60,0,1,1
ms,2025,38,2025-W38,2,0,0.0,0.0,1,29,2289,,,0,,60,0,1,1
mt,2025,38,2025-W38,4,0,0.0,0.0,1,29,2289,,,0,,60,0,1,1
nc,2025,38,2025-W38,31,0,0.0,0.0,1,29,2289,,,0,,60,0,1,1
ne,2025,38,2025-W38,2,0,0.0,0.0,1,29,2289,,,0,,60,0,1,1
nh,2025,38,2025-W38,3,0,0.0,0.0,1,29,2289,,,0,,60,0,1,1
nj,2025,38,2025-W38,6,0,0.0,0.0,1,29,2289,,,0,,60,0,1,1
nm,2025,38,2025-W38,2,0,0.0,0.0,1,29,2289,,,0,,60,0,1,1
nv,2025,38,2025-W38,6,0,0.0,0.0,1,29,2289,,,0,,60,0,1,1
ny,2025,38,2025-W38,11,0,0.0,0.0,1,29,2289,,,0,,60,0,1,1
oh,2025,38,2025-W38,2,0,0.0,0.0,1,29,2289,,,0,,60,0,1,1
ok,2025,38,2025-W38,1,0,0.0,0.0,1,29,2289,,,0,,60,0,1,1
or,2025,38,2025-W38,0,0,0.0,,0,29,2289,,,0,,60,0,1,1
pa,2025,38,2025-W38,7,0,0.0,0.0,1,29,2289,,,0,,60,0,1,1
ri,2025,38,2025-W38,4,0,0.0,0.0,1,29,2289,,,0,,60,0,1,1
sc,2025,38,2025-W38,3,0,0.0,0.0,1,29,2289,,,0,,60,0,1,1
sd,2025,38,2025-W38,3,0,0.0,0.0,1,29,2289,,,0,,60,0,1,1
tn,2025,38,2025-W38,2,0,0.0,0.0,1,29,2289,,,0,,60,0,1,1
tx,2025,38,2025-W38,47,0,0.0,0.0,1,29,2289,,,0,,60,0,1,1
ut,2025,38,2025-W38,2,0,0.0,0.0,1,29,2289,,,0,,60,0,1,1
va,2025,38,2025-W38,5,0,0.0,0.0,1,29,2289,,,0,,60,0,1,1
vt,2025,38,2025-W38,5,0,0.0,0.0,1,29,2289,,,0,,60,0,1,1
wa,2025,38,2025-W38,1,0,0.0,0.0,1,29,2289,,,0,,60,0,1,1
wi,2025,38,2025-W38,41,0,0.0,609.8823529411765,1,29,2289,,,0,,60,0,1,1
wv,2025,38,2025-W38,1,0,0.0,0.0,1,29,2289,,,0,,60,0,1,1
wy,2025,38,2025-W38,2,0,0.0,0.0,1,29,2289,,,0,,60,0,1,1
ak,2025,39,2025-W39,5,0,0.0,0.0,1,37,2289,,,0,,58,0,1,1
al,2025,39,2025-W39,6,0,0.0,0.0,1,37,2289,,,0,,58,0,1,1
ar,2025,39,2025-W39,6,0,0.0,0.0,1,37,2289,,,0,,58,0,1,1
ca,2025,39,2025-W39,58,0,0.0,0.0,1,37,2289,,,0,,58,0,1,1
co,2025,39,2025-W39,2,0,0.0,0.0,1,37,2289,,,0,,58,0,1,1
ct,2025,39,2025-W39,5,0,0.0,0.0,1,37,2289,,,0,,58,0,1,1
dc,2025,39,2025-W39,1,0,0.0,0.0,1,37,2289,,,0,,58,0,1,1
de,2025,39,2025-W39,8,0,0.0,0.0,1,37,2289,,,0,,58,0,1,1
fl,2025,39,2025-W39,14,0,0.0,0.0,1,37,2289,,,0,,58,0,1,1
ga,2025,39,2025-W39,8,1,0.043478260869565216,133.33047217391305,1,37,2289,,,0,,58,1,1,1
gu,2025,39,2025-W39,3,0,0.0,0.0,1,37,2289,,,0,,58,0,1,1
hi,2025,39,2025-W39,9,0,0.0,0.0,1,37,2289,,,0,,58,0,1,1
ia,2025,39,2025-W39,7,0,0.0,0.0,1,37,2289,,,0,,58,0,1,1
id,2025,39,2025-W39,4,0,0.0,0.0,1,37,2289,,,0,,58,0,1,1
il,2025,39,2025-W39,2,0,0.0,0.0,1,37,2289,,,0,,58,0,1,1
in,2025,39,2025-W39,5,0,0.0,0.0,1,37,2289,,,0,,58,0,1,1
ks,2025,39,2025-W39,7,0,0.0,0.0,1,37,2289,,,0,,58,0,1,1
ky,2025,39,2025-W39,1,0,0.0,0.0,1,37,2289,,,0,,58,0,1,1
la,2025,39,2025-W39,2,0,0.0,0.0,1,37,2289,,,0,,58,0,1,1
ma,2025,39,2025-W39,5,0,0.0,0.0,1,37,2289,,,0,,58,0,1,1
md,2025,39,2025-W39,13,0,0.0,0.0,1,37,2289,,,0,,58,0,1,1
me,2025,39,2025-W39,12,0,0.0,0.0,1,37,2289,,,0,,58,0,1,1
mi,2025,39,2025-W39,6,0,0.0,0.0,1,37,2289,,,0,,58,0,1,1
mn,2025,39,2025-W39,4,0,0.0,0.0,1,37,2289,,,0,,58,0,1,1
mo,2025,39,2025-W39,1,0,0.0,0.0,1,37,2289,,,0,,58,0,1,1
ms,2025,39,2025-W39,2,0,0.0,0.0,1,37,2289,,,0,,58,0,1,1
mt,2025,39,2025-W39,4,0,0.0,0.0,1,37,2289,,,0,,58,0,1,1
nc,2025,39,2025-W39,33,0,0.0,10.344952765957448,1,37,2289,,,0,,58,0,1,1
ne,2025,39,2025-W39,2,0,0.0,0.0,1,37,2289,,,0,,58,0,1,1
nh,2025,39,2025-W39,3,0,0.0,0.0,1,37,2289,,,0,,58,0,1,1
nj,2025,39,2025-W39,6,0,0.0,0.0,1,37,2289,,,0,,58,0,1,1
nm,2025,39,2025-W39,2,0,0.0,0.0,1,37,2289,,,0,,58,0,1,1
nv,2025,39,2025-W39,6,0,0.0,0.0,1,37,2289,,,0,,58,0,1,1
ny,2025,39,2025-W39,11,1,0.07142857142857142,228.74955642857142,1,37,2289,,,0,,58,1,1,1
oh,2025,39,2025-W39,2,0,0.0,0.0,1,37,2289,,,0,,58,0,1,1
ok,2025,39,2025-W39,1,0,0.0,0.0,1,37,2289,,,0,,58,0,1,1
or,2025,39,2025-W39,0,0,0.0,,0,37,2289,,,0,,58,0,1,1
pa,2025,39,2025-W39,7,0,0.0,0.0,1,37,2289,,,0,,58,0,1,1
ri,2025,39,2025-W39,4,0,0.0,0.0,1,37,2289,,,0,,58,0,1,1
sc,2025,39,2025-W39,2,0,0.0,0.0,1,37,2289,,,0,,58,0,1,1
sd,2025,39,2025-W39,3,0,0.0,0.0,1,37,2289,,,0,,58,0,1,1
tn,2025,39,2025-W39,2,0,0.0,0.0,1,37,2289,,,0,,58,0,1,1
tx,2025,39,2025-W39,46,0,0.0,0.0,1,37,2289,,,0,,58,0,1,1
ut,2025,39,2025-W39,2,0,0.0,0.0,1,37,2289,,,0,,58,0,1,1
va,2025,39,2025-W39,6,0,0.0,0.0,1,37,2289,,,0,,58,0,1,1
vt,2025,39,2025-W39,6,0,0.0,0.0,1,37,2289,,,0,,58,0,1,1
wa,2025,39,2025-W39,1,0,0.0,0.0,1,37,2289,,,0,,58,0,1,1
wi,2025,39,2025-W39,41,0,0.0,1501.2345679012346,1,37,2289,,,0,,58,0,1,1
wv,2025,39,2025-W39,1,0,0.0,0.0,1,37,2289,,,0,,58,0,1,1
wy,2025,39,2025-W39,2,0,0.0,0.0,1,37,2289,,,0,,58,0,1,1
ak,2025,40,2025-W40,5,0,0.0,0.0,1,41,2289,,,0,,52,0,1,1
al,2025,40,2025-W40,6,0,0.0,0.0,1,41,2289,,,0,,52,0,1,1
ar,2025,40,2025-W40,7,0,0.0,0.0,1,41,2289,,,0,,52,0,1,1
ca,2025,40,2025-W40,58,0,0.0,0.0,1,41,2289,,,0,,52,0,1,1
co,2025,40,2025-W40,19,0,0.0,450.0,1,41,2289,,,0,,52,0,1,1
ct,2025,40,2025-W40,5,0,0.0,0.0,1,41,2289,,,0,,52,0,1,1
dc,2025,40,2025-W40,1,0,0.0,0.0,1,41,2289,,,0,,52,0,1,1
de,2025,40,2025-W40,8,0,0.0,0.0,1,41,2289,,,0,,52,0,1,1
fl,2025,40,2025-W40,14,0,0.0,0.0,1,41,2289,,,0,,52,0,1,1
ga,2025,40,2025-W40,8,0,0.0,0.0,1,41,2289,,,0,,52,0,1,1
gu,2025,40,2025-W40,3,0,0.0,0.0,1,41,2289,,,0,,52,0,1,1
hi,2025,40,2025-W40,9,0,0.0,0.0,1,41,2289,,,0,,52,0,1,1
ia,2025,40,2025-W40,7,0,0.0,0.0,1,41,2289,,,0,,52,0,1,1
id,2025,40,2025-W40,4,0,0.0,0.0,1,41,2289,,,0,,52,0,1,1
il,2025,40,2025-W40,1,0,0.0,0.0,1,41,2289,,,0,,52,0,1,1
in,2025,40,2025-W40,5,0,0.0,0.0,1,41,2289,,,0,,52,0,1,1
ks,2025,40,2025-W40,7,0,0.0,0.0,1,41,2289,,,0,,52,0,1,1
ky,2025,40,2025-W40,1,0,0.0,0.0,1,41,2289,,,0,,52,0,1,1
la,2025,40,2025-W40,2,0,0.0,0.0,1,41,2289,,,0,,52,0,1,1
ma,2025,40,2025-W40,5,0,0.0,0.0,1,41,2289,,,0,,52,0,1,1
md,2025,40,2025-W40,11,0,0.0,0.0,1,41,2289,,,0,,52,0,1,1
me,2025,40,2025-W40,11,0,0.0,0.0,1,41,2289,,,0,,52,0,1,1
mi,2025,40,2025-W40,6,0,0.0,0.0,1,41,2289,,,0,,52,0,1,1
mn,2025,40,2025-W40,4,0,0.0,0.0,1,41,2289,,,0,,52,0,1,1
mo,2025,40,2025-W40,1,0,0.0,0.0,1,41,2289,,,0,,52,0,1,1
ms,2025,40,2025-W40,2,0,0.0,0.0,1,41,2289,,,0,,52,0,1,1
mt,2025,40,2025-W40,4,0,0.0,0.0,1,41,2289,,,0,,52,0,1,1
nc,2025,40,2025-W40,35,0,0.0,0.0,1,41,2289,,,0,,52,0,1,1
ne,2025,40,2025-W40,2,0,0.0,0.0,1,41,2289,,,0,,52,0,1,1
nh,2025,40,2025-W40,3,0,0.0,0.0,1,41,2289,,,0,,52,0,1,1
nj,2025,40,2025-W40,6,0,0.0,0.0,1,41,2289,,,0,,52,0,1,1
nm,2025,40,2025-W40,2,0,0.0,0.0,1,41,2289,,,0,,52,0,1,1
nv,2025,40,2025-W40,6,0,0.0,0.0,1,41,2289,,,0,,52,0,1,1
ny,2025,40,2025-W40,11,0,0.0,0.0,1,41,2289,,,0,,52,0,1,1
oh,2025,40,2025-W40,2,0,0.0,0.0,1,41,2289,,,0,,52,0,1,1
ok,2025,40,2025-W40,1,0,0.0,0.0,1,41,2289,,,0,,52,0,1,1
or,2025,40,2025-W40,10,0,0.0,0.0,1,41,2289,,,0,,52,0,1,1
pa,2025,40,2025-W40,7,0,0.0,0.0,1,41,2289,,,0,,52,0,1,1
ri,2025,40,2025-W40,4,0,0.0,0.0,1,41,2289,,,0,,52,0,1,1
sc,2025,40,2025-W40,3,0,0.0,0.0,1,41,2289,,,0,,52,0,1,1
sd,2025,40,2025-W40,3,0,0.0,0.0,1,41,2289,,,0,,52,0,1,1
tn,2025,40,2025-W40,2,0,0.0,0.0,1,41,2289,,,0,,52,0,1,1
tx,2025,40,2025-W40,46,0,0.0,0.0,1,41,2289,,,0,,52,0,1,1
ut,2025,40,2025-W40,2,0,0.0,0.0,1,41,2289,,,0,,52,0,1,1
va,2025,40,2025-W40,6,0,0.0,0.0,1,41,2289,,,0,,52,0,1,1
vt,2025,40,2025-W40,5,0,0.0,0.0,1,41,2289,,,0,,52,0,1,1
wa,2025,40,2025-W40,1,0,0.0,0.0,1,41,2289,,,0,,52,0,1,1
wi,2025,40,2025-W40,42,0,0.0,1264.3902439024391,1,41,2289,,,0,,52,0,1,1
wv,2025,40,2025-W40,1,0,0.0,0.0,1,41,2289,,,0,,52,0,1,1
wy,2025,40,2025-W40,2,0,0.0,0.0,1,41,2289,,,0,,52,0,1,1
ak,2025,41,2025-W41,5,0,0.0,0.0,1,35,2289,,,0,,53,0,1,1
al,2025,41,2025-W41,6,0,0.0,0.0,1,35,2289,,,0,,53,0,1,1
ar,2025,41,2025-W41,6,0,0.0,0.0,1,35,2289,,,0,,53,0,1,1
ca,2025,41,2025-W41,57,0,0.0,0.0,1,35,2289,,,0,,53,0,1,1
co,2025,41,2025-W41,23,0,0.0,525.0,1,35,2289,,,0,,53,0,1,1
ct,2025,41,2025-W41,5,0,0.0,0.0,1,35,2289,,,0,,53,0,1,1
dc,2025,41,2025-W41,1,0,0.0,0.0,1,35,2289,,,0,,53,0,1,1
de,2025,41,2025-W41,8,0,0.0,0.0,1,35,2289,,,0,,53,0,1,1
fl,2025,41,2025-W41,14,0,0.0,0.0,1,35,2289,,,0,,53,0,1,1
ga,2025,41,2025-W41,8,0,0.0,0.0,1,35,2289,,,0,,53,0,1,1
gu,2025,41,2025-W41,3,0,0.0,0.0,1,35,2289,,,0,,53,0,1,1
hi,2025,41,2025-W41,9,0,0.0,0.0,1,35,2289,,,0,,53,0,1,1
ia,2025,41,2025-W41,7,0,0.0,0.0,1,35,2289,,,0,,53,0,1,1
id,2025,41,2025-W41,4,0,0.0,0.0,1,35,2289,,,0,,53,0,1,1
il,2025,41,2025-W41,2,0,0.0,0.0,1,35,2289,,,0,,53,0,1,1
in,2025,41,2025-W41,5,0,0.0,0.0,1,35,2289,,,0,,53,0,1,1
ks,2025,41,2025-W41,7,0,0.0,0.0,1,35,2289,,,0,,53,0,1,1
ky,2025,41,2025-W41,1,0,0.0,0.0,1,35,2289,,,0,,53,0,1,1
la,2025,41,2025-W41,2,0,0.0,0.0,1,35,2289,,,0,,53,0,1,1
ma,2025,41,2025-W41,4,0,0.0,0.0,1,35,2289,,,0,,53,0,1,1
md,2025,41,2025-W41,13,0,0.0,0.0,1,35,2289,,,0,,53,0,1,1
me,2025,41,2025-W41,11,0,0.0,0.0,1,35,2289,,,0,,53,0,1,1
mi,2025,41,2025-W41,6,0,0.0,0.0,1,35,2289,,,0,,53,0,1,1
mn,2025,41,2025-W41,4,0,0.0,0.0,1,35,2289,,,0,,53,0,1,1
mo,2025,41,2025-W41,1,0,0.0,0.0,1,35,2289,,,0,,53,0,1,1
ms,2025,41,2025-W41,2,0,0.0,0.0,1,35,2289,,,0,,53,0,1,1
mt,2025,41,2025-W41,4,0,0.0,0.0,1,35,2289,,,0,,53,0,1,1
nc,2025,41,2025-W41,34,0,0.0,0.0,1,35,2289,,,0,,53,0,1,1
ne,2025,41,2025-W41,2,0,0.0,0.0,1,35,2289,,,0,,53,0,1,1
nh,2025,41,2025-W41,3,0,0.0,0.0,1,35,2289,,,0,,53,0,1,1
nj,2025,41,2025-W41,6,0,0.0,0.0,1,35,2289,,,0,,53,0,1,1
nm,2025,41,2025-W41,2,0,0.0,0.0,1,35,2289,,,0,,53,0,1,1
nv,2025,41,2025-W41,7,0,0.0,0.0,1,35,2289,,,0,,53,0,1,1
ny,2025,41,2025-W41,2,0,0.0,0.0,1,35,2289,,,0,,53,0,1,1
oh,2025,41,2025-W41,2,0,0.0,0.0,1,35,2289,,,0,,53,0,1,1
ok,2025,41,2025-W41,1,0,0.0,0.0,1,35,2289,,,0,,53,0,1,1
or,2025,41,2025-W41,21,1,0.045454545454545456,63.179665,1,35,2289,,,0,,53,1,1,1
pa,2025,41,2025-W41,7,0,0.0,0.0,1,35,2289,,,0,,53,0,1,1
ri,2025,41,2025-W41,4,0,0.0,0.0,1,35,2289,,,0,,53,0,1,1
sc,2025,41,2025-W41,2,0,0.0,0.0,1,35,2289,,,0,,53,0,1,1
sd,2025,41,2025-W41,3,0,0.0,0.0,1,35,2289,,,0,,53,0,1,1
tn,2025,41,2025-W41,2,0,0.0,0.0,1,35,2289,,,0,,53,0,1,1
tx,2025,41,2025-W41,47,0,0.0,0.0,1,35,2289,,,0,,53,0,1,1
ut,2025,41,2025-W41,2,0,0.0,0.0,1,35,2289,,,0,,53,0,1,1
va,2025,41,2025-W41,6,0,0.0,0.0,1,35,2289,,,0,,53,0,1,1
vt,2025,41,2025-W41,6,0,0.0,0.0,1,35,2289,,,0,,53,0,1,1
wa,2025,41,2025-W41,1,0,0.0,0.0,1,35,2289,,,0,,53,0,1,1
wi,2025,41,2025-W41,41,0,0.0,1020.2352941176471,1,35,2289,,,0,,53,0,1,1
wv,2025,41,2025-W41,1,0,0.0,0.0,1,35,2289,,,0,,53,0,1,1
wy,2025,41,2025-W41,2,0,0.0,0.0,1,35,2289,,,0,,53,0,1,1
ak,2025,42,2025-W42,5,3,0.2,2636.460536,1,41,2289,,,0,,46,1,1,1
al,2025,42,2025-W42,6,0,0.0,0.0,1,41,2289,,,0,,46,0,1,1
ar,2025,42,2025-W42,6,0,0.0,0.0,1,41,2289,,,0,,46,0,1,1
ca,2025,42,2025-W42,57,0,0.0,0.0,1,41,2289,,,0,,46,0,1,1
co,2025,42,2025-W42,23,3,0.0625,710.0208333333334,1,41,2289,,,0,,46,1,1,1
ct,2025,42,2025-W42,5,0,0.0,0.0,1,41,2289,,,0,,46,0,1,1
dc,2025,42,2025-W42,1,0,0.0,0.0,1,41,2289,,,0,,46,0,1,1
de,2025,42,2025-W42,8,0,0.0,0.0,1,41,2289,,,0,,46,0,1,1
fl,2025,42,2025-W42,14,0,0.0,0.0,1,41,2289,,,0,,46,0,1,1
ga,2025,42,2025-W42,8,0,0.0,0.0,1,41,2289,,,0,,46,0,1,1
gu,2025,42,2025-W42,3,0,0.0,0.0,1,41,2289,,,0,,46,0,1,1
hi,2025,42,2025-W42,9,0,0.0,0.0,1,41,2289,,,0,,46,0,1,1
ia,2025,42,2025-W42,7,0,0.0,0.0,1,41,2289,,,0,,46,0,1,1
id,2025,42,2025-W42,4,0,0.0,0.0,1,41,2289,,,0,,46,0,1,1
il,2025,42,2025-W42,2,0,0.0,0.0,1,41,2289,,,0,,46,0,1,1
in,2025,42,2025-W42,5,0,0.0,0.0,1,41,2289,,,0,,46,0,1,1
ks,2025,42,2025-W42,7,0,0.0,0.0,1,41,2289,,,0,,46,0,1,1
ky,2025,42,2025-W42,1,0,0.0,0.0,1,41,2289,,,0,,46,0,1,1
la,2025,42,2025-W42,2,0,0.0,0.0,1,41,2289,,,0,,46,0,1,1
ma,2025,42,2025-W42,4,0,0.0,0.0,1,41,2289,,,0,,46,0,1,1
md,2025,42,2025-W42,13,0,0.0,0.0,1,41,2289,,,0,,46,0,1,1
me,2025,42,2025-W42,12,0,0.0,0.0,1,41,2289,,,0,,46,0,1,1
mi,2025,42,2025-W42,6,0,0.0,0.0,1,41,2289,,,0,,46,0,1,1
mn,2025,42,2025-W42,4,3,0.25,11432.001685833333,1,41,2289,,,0,,46,1,1,1
mo,2025,42,2025-W42,1,0,0.0,0.0,1,41,2289,,,0,,46,0,1,1
ms,2025,42,2025-W42,2,0,0.0,0.0,1,41,2289,,,0,,46,0,1,1
mt,2025,42,2025-W42,4,0,0.0,0.0,1,41,2289,,,0,,46,0,1,1
nc,2025,42,2025-W42,34,0,0.0,0.0,1,41,2289,,,0,,46,0,1,1
ne,2025,42,2025-W42,2,0,0.0,0.0,1,41,2289,,,0,,46,0,1,1
nh,2025,42,2025-W42,3,0,0.0,0.0,1,41,2289,,,0,,46,0,1,1
nj,2025,42,2025-W42,6,0,0.0,0.0,1,41,2289,,,0,,46,0,1,1
nm,2025,42,2025-W42,1,0,0.0,0.0,1,41,2289,,,0,,46,0,1,1
nv,2025,42,2025-W42,7,0,0.0,0.0,1,41,2289,,,0,,46,0,1,1
ny,2025,42,2025-W42,11,0,0.0,0.0,1,41,2289,,,0,,46,0,1,1
oh,2025,42,2025-W42,2,0,0.0,0.0,1,41,2289,,,0,,46,0,1,1
ok,2025,42,2025-W42,1,0,0.0,0.0,1,41,2289,,,0,,46,0,1,1
or,2025,42,2025-W42,20,0,0.0,0.0,1,41,2289,,,0,,46,0,1,1
pa,2025,42,2025-W42,7,0,0.0,0.0,1,41,2289,,,0,,46,0,1,1
ri,2025,42,2025-W42,4,0,0.0,0.0,1,41,2289,,,0,,46,0,1,1
sc,2025,42,2025-W42,3,0,0.0,0.0,1,41,2289,,,0,,46,0,1,1
sd,2025,42,2025-W42,3,0,0.0,0.0,1,41,2289,,,0,,46,0,1,1
tn,2025,42,2025-W42,2,0,0.0,0.0,1,41,2289,,,0,,46,0,1,1
tx,2025,42,2025-W42,47,0,0.0,0.0,1,41,2289,,,0,,46,0,1,1
ut,2025,42,2025-W42,2,0,0.0,0.0,1,41,2289,,,0,,46,0,1,1
va,2025,42,2025-W42,6,0,0.0,0.0,1,41,2289,,,0,,46,0,1,1
vt,2025,42,2025-W42,6,0,0.0,0.0,1,41,2289,,,0,,46,0,1,1
wa,2025,42,2025-W42,1,0,0.0,0.0,1,41,2289,,,0,,46,0,1,1
wi,2025,42,2025-W42,40,0,0.0,1050.392792682927,1,41,2289,,,0,,46,0,1,1
wv,2025,42,2025-W42,1,0,0.0,0.0,1,41,2289,,,0,,46,0,1,1
wy,2025,42,2025-W42,2,0,0.0,0.0,1,41,2289,,,0,,46,0,1,1
ak,2025,43,2025-W43,5,0,0.0,0.0,1,22,2289,,,0,,45,0,1,1
al,2025,43,2025-W43,6,0,0.0,0.0,1,22,2289,,,0,,45,0,1,1
ar,2025,43,2025-W43,6,0,0.0,0.0,1,22,2289,,,0,,45,0,1,1
ca,2025,43,2025-W43,57,0,0.0,0.0,1,22,2289,,,0,,45,0,1,1
co,2025,43,2025-W43,23,0,0.0,525.0,1,22,2289,,,0,,45,0,1,1
ct,2025,43,2025-W43,5,0,0.0,0.0,1,22,2289,,,0,,45,0,1,1
dc,2025,43,2025-W43,1,0,0.0,0.0,1,22,2289,,,0,,45,0,1,1
de,2025,43,2025-W43,8,0,0.0,0.0,1,22,2289,,,0,,45,0,1,1
fl,2025,43,2025-W43,14,0,0.0,0.0,1,22,2289,,,0,,45,0,1,1
ga,2025,43,2025-W43,8,0,0.0,0.0,1,22,2289,,,0,,45,0,1,1
gu,2025,43,2025-W43,3,0,0.0,0.0,1,22,2289,,,0,,45,0,1,1
hi,2025,43,2025-W43,9,0,0.0,0.0,1,22,2289,,,0,,45,0,1,1
ia,2025,43,2025-W43,7,0,0.0,0.0,1,22,2289,,,0,,45,0,1,1
id,2025,43,2025-W43,4,0,0.0,0.0,1,22,2289,,,0,,45,0,1,1
il,2025,43,2025-W43,2,1,0.16666666666666666,548.5278999999999,1,22,2289,,,0,,45,1,1,1
in,2025,43,2025-W43,5,0,0.0,0.0,1,22,2289,,,0,,45,0,1,1
ks,2025,43,2025-W43,7,0,0.0,0.0,1,22,2289,,,0,,45,0,1,1
ky,2025,43,2025-W43,1,0,0.0,0.0,1,22,2289,,,0,,45,0,1,1
la,2025,43,2025-W43,2,0,0.0,0.0,1,22,2289,,,0,,45,0,1,1
ma,2025,43,2025-W43,4,0,0.0,0.0,1,22,2289,,,0,,45,0,1,1
md,2025,43,2025-W43,13,0,0.0,0.0,1,22,2289,,,0,,45,0,1,1
me,2025,43,2025-W43,11,0,0.0,0.0,1,22,2289,,,0,,45,0,1,1
mi,2025,43,2025-W43,6,0,0.0,0.0,1,22,2289,,,0,,45,0,1,1
mn,2025,43,2025-W43,4,3,0.2727272727272727,1519.4545736363636,1,22,2289,,,0,,45,1,1,1
mo,2025,43,2025-W43,1,0,0.0,0.0,1,22,2289,,,0,,45,0,1,1
ms,2025,43,2025-W43,2,0,0.0,0.0,1,22,2289,,,0,,45,0,1,1
mt,2025,43,2025-W43,4,0,0.0,0.0,1,22,2289,,,0,,45,0,1,1
nc,2025,43,2025-W43,33,0,0.0,0.0,1,22,2289,,,0,,45,0,1,1
ne,2025,43,2025-W43,2,0,0.0,0.0,1,22,2289,,,0,,45,0,1,1
nh,2025,43,2025-W43,3,0,0.0,0.0,1,22,2289,,,0,,45,0,1,1
nj,2025,43,2025-W43,6,0,0.0,0.0,1,22,2289,,,0,,45,0,1,1
nm,2025,43,2025-W43,2,0,0.0,0.0,1,22,2289,,,0,,45,0,1,1
nv,2025,43,2025-W43,7,0,0.0,0.0,1,22,2289,,,0,,45,0,1,1
ny,2025,43,2025-W43,11,0,0.0,0.0,1,22,2289,,,0,,45,0,1,1
oh,2025,43,2025-W43,2,0,0.0,0.0,1,22,2289,,,0,,45,0,1,1
ok,2025,43,2025-W43,1,0,0.0,0.0,1,22,2289,,,0,,45,0,1,1
or,2025,43,2025-W43,30,1,0.03125,44.040275,1,22,2289,,,0,,45,1,1,1
pa,2025,43,2025-W43,7,0,0.0,0.0,1,22,2289,,,0,,45,0,1,1
ri,2025,43,2025-W43,5,0,0.0,0.0,1,22,2289,,,0,,45,0,1,1
sc,2025,43,2025-W43,3,0,0.0,0.0,1,22,2289,,,0,,45,0,1,1
sd,2025,43,2025-W43,3,0,0.0,0.0,1,22,2289,,,0,,45,0,1,1
tn,2025,43,2025-W43,2,0,0.0,0.0,1,22,2289,,,0,,45,0,1,1
tx,2025,43,2025-W43,47,0,0.0,4.409459459459459,1,22,2289,,,0,,45,0,1,1
ut,2025,43,2025-W43,2,0,0.0,0.0,1,22,2289,,,0,,45,0,1,1
va,2025,43,2025-W43,6,0,0.0,0.0,1,22,2289,,,0,,45,0,1,1
vt,2025,43,2025-W43,6,0,0.0,0.0,1,22,2289,,,0,,45,0,1,1
wa,2025,43,2025-W43,1,0,0.0,0.0,1,22,2289,,,0,,45,0,1,1
wi,2025,43,2025-W43,41,0,0.0,186.66666666666666,1,22,2289,,,0,,45,0,1,1
wv,2025,43,2025-W43,1,0,0.0,0.0,1,22,2289,,,0,,45,0,1,1
wy,2025,43,2025-W43,2,0,0.0,0.0,1,22,2289,,,0,,45,0,1,1
ak,2025,44,2025-W44,5,0,0.0,0.0,1,38,2289,,,0,,45,0,1,1
al,2025,44,2025-W44,6,0,0.0,0.0,1,38,2289,,,0,,45,0,1,1
ar,2025,44,2025-W44,6,0,0.0,0.0,1,38,2289,,,0,,45,0,1,1
ca,2025,44,2025-W44,57,0,0.0,0.0,1,38,2289,,,0,,45,0,1,1
co,2025,44,2025-W44,22,0,0.0,570.7317073170732,1,38,2289,,,0,,45,0,1,1
ct,2025,44,2025-W44,5,0,0.0,0.0,1,38,2289,,,0,,45,0,1,1
dc,2025,44,2025-W44,1,0,0.0,0.0,1,38,2289,,,0,,45,0,1,1
de,2025,44,2025-W44,8,0,0.0,0.0,1,38,2289,,,0,,45,0,1,1
fl,2025,44,2025-W44,14,0,0.0,0.0,1,38,2289,,,0,,45,0,1,1
ga,2025,44,2025-W44,8,1,0.043478260869565216,164.96646260869565,1,38,2289,,,0,,45,1,1,1
gu,2025,44,2025-W44,2,0,0.0,0.0,1,38,2289,,,0,,45,0,1,1
hi,2025,44,2025-W44,9,0,0.0,0.0,1,38,2289,,,0,,45,0,1,1
ia,2025,44,2025-W44,7,0,0.0,0.0,1,38,2289,,,0,,45,0,1,1
id,2025,44,2025-W44,4,0,0.0,0.0,1,38,2289,,,0,,45,0,1,1
il,2025,44,2025-W44,2,0,0.0,0.0,1,38,2289,,,0,,45,0,1,1
in,2025,44,2025-W44,5,0,0.0,0.0,1,38,2289,,,0,,45,0,1,1
ks,2025,44,2025-W44,7,0,0.0,0.0,1,38,2289,,,0,,45,0,1,1
ky,2025,44,2025-W44,1,0,0.0,0.0,1,38,2289,,,0,,45,0,1,1
la,2025,44,2025-W44,2,0,0.0,0.0,1,38,2289,,,0,,45,0,1,1
ma,2025,44,2025-W44,4,0,0.0,0.0,1,38,2289,,,0,,45,0,1,1
md,2025,44,2025-W44,12,0,0.0,0.0,1,38,2289,,,0,,45,0,1,1
me,2025,44,2025-W44,12,0,0.0,0.0,1,38,2289,,,0,,45,0,1,1
mi,2025,44,2025-W44,6,0,0.0,0.0,1,38,2289,,,0,,45,0,1,1
mn,2025,44,2025-W44,4,3,0.25,1336.5174533333332,1,38,2289,,,0,,45,1,1,1
mo,2025,44,2025-W44,3,0,0.0,0.0,1,38,2289,,,0,,45,0,1,1
ms,2025,44,2025-W44,2,0,0.0,0.0,1,38,2289,,,0,,45,0,1,1
mt,2025,44,2025-W44,4,0,0.0,0.0,1,38,2289,,,0,,45,0,1,1
nc,2025,44,2025-W44,35,0,0.0,0.0,1,38,2289,,,0,,45,0,1,1
ne,2025,44,2025-W44,2,0,0.0,0.0,1,38,2289,,,0,,45,0,1,1
nh,2025,44,2025-W44,3,0,0.0,0.0,1,38,2289,,,0,,45,0,1,1
nj,2025,44,2025-W44,6,0,0.0,0.0,1,38,2289,,,0,,45,0,1,1
nm,2025,44,2025-W44,2,0,0.0,0.0,1,38,2289,,,0,,45,0,1,1
nv,2025,44,2025-W44,7,0,0.0,0.0,1,38,2289,,,0,,45,0,1,1
ny,2025,44,2025-W44,11,0,0.0,0.0,1,38,2289,,,0,,45,0,1,1
oh,2025,44,2025-W44,2,0,0.0,0.0,1,38,2289,,,0,,45,0,1,1
ok,2025,44,2025-W44,1,0,0.0,0.0,1,38,2289,,,0,,45,0,1,1
or,2025,44,2025-W44,31,1,0.03125,43.4360196875,1,38,2289,,,0,,45,1,1,1
pa,2025,44,2025-W44,7,0,0.0,0.0,1,38,2289,,,0,,45,0,1,1
ri,2025,44,2025-W44,5,0,0.0,0.0,1,38,2289,,,0,,45,0,1,1
sc,2025,44,2025-W44,3,0,0.0,0.0,1,38,2289,,,0,,45,0,1,1
sd,2025,44,2025-W44,3,0,0.0,0.0,1,38,2289,,,0,,45,0,1,1
tn,2025,44,2025-W44,2,0,0.0,0.0,1,38,2289,,,0,,45,0,1,1
tx,2025,44,2025-W44,50,0,0.0,1.9834090909090911,1,38,2289,,,0,,45,0,1,1
ut,2025,44,2025-W44,2,0,0.0,0.0,1,38,2289,,,0,,45,0,1,1
va,2025,44,2025-W44,6,0,0.0,0.0,1,38,2289,,,0,,45,0,1,1
vt,2025,44,2025-W44,6,0,0.0,0.0,1,38,2289,,,0,,45,0,1,1
wa,2025,44,2025-W44,1,0,0.0,0.0,1,38,2289,,,0,,45,0,1,1
wi,2025,44,2025-W44,41,0,0.0,399.30540963855424,1,38,2289,,,0,,45,0,1,1
wv,2025,44,2025-W44,1,0,0.0,0.0,1,38,2289,,,0,,45,0,1,1
wy,2025,44,2025-W44,2,0,0.0,0.0,1,38,2289,,,0,,45,0,1,1
ak,2025,45,2025-W45,5,0,0.0,0.0,1,39,2289,,,0,,69,0,1,1
al,2025,45,2025-W45,6,0,0.0,0.0,1,39,2289,,,0,,69,0,1,1
ar,2025,45,2025-W45,6,0,0.0,0.0,1,39,2289,,,0,,69,0,1,1
ca,2025,45,2025-W45,59,0,0.0,0.0,1,39,2289,,,0,,69,0,1,1
co,2025,45,2025-W45,23,0,0.0,520.0,1,39,2289,,,0,,69,0,1,1
ct,2025,45,2025-W45,5,0,0.0,0.0,1,39,2289,,,0,,69,0,1,1
dc,2025,45,2025-W45,1,0,0.0,0.0,1,39,2289,,,0,,69,0,1,1
de,2025,45,2025-W45,8,0,0.0,0.0,1,39,2289,,,0,,69,0,1,1
fl,2025,45,2025-W45,14,1,0.020833333333333332,56.54523666666666,1,39,2289,,,0,,69,1,1,1
ga,2025,45,2025-W45,8,0,0.0,0.0,1,39,2289,,,0,,69,0,1,1
gu,2025,45,2025-W45,3,0,0.0,0.0,1,39,2289,,,0,,69,0,1,1
hi,2025,45,2025-W45,9,0,0.0,0.0,1,39,2289,,,0,,69,0,1,1
ia,2025,45,2025-W45,7,0,0.0,0.0,1,39,2289,,,0,,69,0,1,1
id,2025,45,2025-W45,4,0,0.0,0.0,1,39,2289,,,0,,69,0,1,1
il,2025,45,2025-W45,2,0,0.0,0.0,1,39,2289,,,0,,69,0,1,1
in,2025,45,2025-W45,5,0,0.0,0.0,1,39,2289,,,0,,69,0,1,1
ks,2025,45,2025-W45,7,0,0.0,0.0,1,39,2289,,,0,,69,0,1,1
ky,2025,45,2025-W45,1,0,0.0,0.0,1,39,2289,,,0,,69,0,1,1
la,2025,45,2025-W45,2,0,0.0,0.0,1,39,2289,,,0,,69,0,1,1
ma,2025,45,2025-W45,4,0,0.0,0.0,1,39,2289,,,0,,69,0,1,1
md,2025,45,2025-W45,11,0,0.0,0.0,1,39,2289,,,0,,69,0,1,1
me,2025,45,2025-W45,13,0,0.0,0.0,1,39,2289,,,0,,69,0,1,1
mi,2025,45,2025-W45,6,0,0.0,0.0,1,39,2289,,,0,,69,0,1,1
mn,2025,45,2025-W45,4,1,0.08333333333333333,273.32086583333336,1,39,2289,,,0,,69,1,1,1
mo,2025,45,2025-W45,7,0,0.0,0.0,1,39,2289,,,0,,69,0,1,1
ms,2025,45,2025-W45,2,0,0.0,0.0,1,39,2289,,,0,,69,0,1,1
mt,2025,45,2025-W45,4,0,0.0,0.0,1,39,2289,,,0,,69,0,1,1
nc,2025,45,2025-W45,35,0,0.0,0.0,1,39,2289,,,0,,69,0,1,1
ne,2025,45,2025-W45,2,0,0.0,0.0,1,39,2289,,,0,,69,0,1,1
nh,2025,45,2025-W45,3,0,0.0,0.0,1,39,2289,,,0,,69,0,1,1
nj,2025,45,2025-W45,6,0,0.0,0.0,1,39,2289,,,0,,69,0,1,1
nm,2025,45,2025-W45,2,0,0.0,0.0,1,39,2289,,,0,,69,0,1,1
nv,2025,45,2025-W45,7,0,0.0,0.0,1,39,2289,,,0,,69,0,1,1
ny,2025,45,2025-W45,11,0,0.0,0.0,1,39,2289,,,0,,69,0,1,1
oh,2025,45,2025-W45,2,0,0.0,0.0,1,39,2289,,,0,,69,0,1,1
ok,2025,45,2025-W45,1,0,0.0,0.0,1,39,2289,,,0,,69,0,1,1
or,2025,45,2025-W45,33,0,0.0,0.0,1,39,2289,,,0,,69,0,1,1
pa,2025,45,2025-W45,7,0,0.0,0.0,1,39,2289,,,0,,69,0,1,1
ri,2025,45,2025-W45,5,0,0.0,0.0,1,39,2289,,,0,,69,0,1,1
sc,2025,45,2025-W45,9,0,0.0,21.037791818181816,1,39,2289,,,0,,69,0,1,1
sd,2025,45,2025-W45,3,0,0.0,0.0,1,39,2289,,,0,,69,0,1,1
tn,2025,45,2025-W45,2,0,0.0,0.0,1,39,2289,,,0,,69,0,1,1
tx,2025,45,2025-W45,47,0,0.0,2.424861111111111,1,39,2289,,,0,,69,0,1,1
ut,2025,45,2025-W45,2,0,0.0,0.0,1,39,2289,,,0,,69,0,1,1
va,2025,45,2025-W45,6,0,0.0,0.0,1,39,2289,,,0,,69,0,1,1
vt,2025,45,2025-W45,6,0,0.0,0.0,1,39,2289,,,0,,69,0,1,1
wa,2025,45,2025-W45,1,0,0.0,0.0,1,39,2289,,,0,,69,0,1,1
wi,2025,45,2025-W45,41,0,0.0,192.7710843373494,1,39,2289,,,0,,69,0,1,1
wv,2025,45,2025-W45,1,0,0.0,0.0,1,39,2289,,,0,,69,0,1,1
wy,2025,45,2025-W45,2,0,0.0,0.0,1,39,2289,,,0,,69,0,1,1
ak,2025,46,2025-W46,5,0,0.0,0.0,1,34,2289,,,0,,56,0,1,1
al,2025,46,2025-W46,6,0,0.0,0.0,1,34,2289,,,0,,56,0,1,1
ar,2025,46,2025-W46,4,0,0.0,0.0,1,34,2289,,,0,,56,0,1,1
ca,2025,46,2025-W46,61,0,0.0,0.0,1,34,2289,,,0,,56,0,1,1
co,2025,46,2025-W46,22,0,0.0,511.1111111111111,1,34,2289,,,0,,56,0,1,1
ct,2025,46,2025-W46,5,0,0.0,0.0,1,34,2289,,,0,,56,0,1,1
dc,2025,46,2025-W46,1,0,0.0,0.0,1,34,2289,,,0,,56,0,1,1
de,2025,46,2025-W46,7,0,0.0,0.0,1,34,2289,,,0,,56,0,1,1
fl,2025,46,2025-W46,14,0,0.0,0.0,1,34,2289,,,0,,56,0,1,1
ga,2025,46,2025-W46,8,0,0.0,0.0,1,34,2289,,,0,,56,0,1,1
gu,2025,46,2025-W46,3,0,0.0,0.0,1,34,2289,,,0,,56,0,1,1
hi,2025,46,2025-W46,9,0,0.0,0.0,1,34,2289,,,0,,56,0,1,1
ia,2025,46,2025-W46,7,0,0.0,0.0,1,34,2289,,,0,,56,0,1,1
id,2025,46,2025-W46,4,0,0.0,0.0,1,34,2289,,,0,,56,0,1,1
il,2025,46,2025-W46,2,0,0.0,0.0,1,34,2289,,,0,,56,0,1,1
in,2025,46,2025-W46,5,0,0.0,0.0,1,34,2289,,,0,,56,0,1,1
ks,2025,46,2025-W46,7,0,0.0,0.0,1,34,2289,,,0,,56,0,1,1
ky,2025,46,2025-W46,1,0,0.0,0.0,1,34,2289,,,0,,56,0,1,1
la,2025,46,2025-W46,2,0,0.0,0.0,1,34,2289,,,0,,56,0,1,1
ma,2025,46,2025-W46,4,0,0.0,0.0,1,34,2289,,,0,,56,0,1,1
md,2025,46,2025-W46,12,0,0.0,0.0,1,34,2289,,,0,,56,0,1,1
me,2025,46,2025-W46,13,0,0.0,0.0,1,34,2289,,,0,,56,0,1,1
mi,2025,46,2025-W46,6,0,0.0,0.0,1,34,2289,,,0,,56,0,1,1
mn,2025,46,2025-W46,4,0,0.0,0.0,1,34,2289,,,0,,56,0,1,1
mo,2025,46,2025-W46,6,0,0.0,0.0,1,34,2289,,,0,,56,0,1,1
ms,2025,46,2025-W46,2,0,0.0,0.0,1,34,2289,,,0,,56,0,1,1
mt,2025,46,2025-W46,4,0,0.0,0.0,1,34,2289,,,0,,56,0,1,1
nc,2025,46,2025-W46,28,0,0.0,0.0,1,34,2289,,,0,,56,0,1,1
ne,2025,46,2025-W46,2,0,0.0,0.0,1,34,2289,,,0,,56,0,1,1
nh,2025,46,2025-W46,3,0,0.0,0.0,1,34,2289,,,0,,56,0,1,1
nj,2025,46,2025-W46,6,0,0.0,0.0,1,34,2289,,,0,,56,0,1,1
nm,2025,46,2025-W46,2,0,0.0,0.0,1,34,2289,,,0,,56,0,1,1
nv,2025,46,2025-W46,7,0,0.0,0.0,1,34,2289,,,0,,56,0,1,1
ny,2025,46,2025-W46,2,0,0.0,0.0,1,34,2289,,,0,,56,0,1,1
oh,2025,46,2025-W46,2,0,0.0,0.0,1,34,2289,,,0,,56,0,1,1
ok,2025,46,2025-W46,1,0,0.0,0.0,1,34,2289,,,0,,56,0,1,1
or,2025,46,2025-W46,31,3,0.0967741935483871,749.325605483871,1,34,2289,,,0,,56,1,1,1
pa,2025,46,2025-W46,7,0,0.0,0.0,1,34,2289,,,0,,56,0,1,1
ri,2025,46,2025-W46,5,0,0.0,0.0,1,34,2289,,,0,,56,0,1,1
sc,2025,46,2025-W46,10,1,0.09090909090909091,922.1762336363637,1,34,2289,,,0,,56,1,1,1
sd,2025,46,2025-W46,3,0,0.0,0.0,1,34,2289,,,0,,56,0,1,1
tn,2025,46,2025-W46,2,0,0.0,0.0,1,34,2289,,,0,,56,0,1,1
tx,2025,46,2025-W46,43,0,0.0,0.0,1,34,2289,,,0,,56,0,1,1
ut,2025,46,2025-W46,2,1,0.2,1995.6672640000002,1,34,2289,,,0,,56,1,1,1
va,2025,46,2025-W46,6,0,0.0,0.0,1,34,2289,,,0,,56,0,1,1
vt,2025,46,2025-W46,5,0,0.0,0.0,1,34,2289,,,0,,56,0,1,1
wa,2025,46,2025-W46,1,0,0.0,0.0,1,34,2289,,,0,,56,0,1,1
wi,2025,46,2025-W46,41,0,0.0,598.5882352941177,1,34,2289,,,0,,56,0,1,1
wv,2025,46,2025-W46,1,0,0.0,0.0,1,34,2289,,,0,,56,0,1,1
wy,2025,46,2025-W46,3,0,0.0,0.0,1,34,2289,,,0,,56,0,1,1
ak,2025,47,2025-W47,5,0,0.0,0.0,1,35,2289,,,0,,45,0,1,1
al,2025,47,2025-W47,6,0,0.0,0.0,1,35,2289,,,0,,45,0,1,1
ar,2025,47,2025-W47,6,0,0.0,0.0,1,35,2289,,,0,,45,0,1,1
ca,2025,47,2025-W47,62,0,0.0,0.0,1,35,2289,,,0,,45,0,1,1
co,2025,47,2025-W47,23,0,0.0,521.7391304347826,1,35,2289,,,0,,45,0,1,1
ct,2025,47,2025-W47,5,0,0.0,0.0,1,35,2289,,,0,,45,0,1,1
dc,2025,47,2025-W47,1,0,0.0,0.0,1,35,2289,,,0,,45,0,1,1
de,2025,47,2025-W47,8,0,0.0,0.0,1,35,2289,,,0,,45,0,1,1
fl,2025,47,2025-W47,13,0,0.0,0.0,1,35,2289,,,0,,45,0,1,1
ga,2025,47,2025-W47,8,0,0.0,0.0,1,35,2289,,,0,,45,0,1,1
gu,2025,47,2025-W47,3,0,0.0,0.0,1,35,2289,,,0,,45,0,1,1
hi,2025,47,2025-W47,9,2,0.08695652173913043,4311.937391304347,1,35,2289,,,0,,45,1,1,1
ia,2025,47,2025-W47,7,0,0.0,0.0,1,35,2289,,,0,,45,0,1,1
id,2025,47,2025-W47,4,0,0.0,0.0,1,35,2289,,,0,,45,0,1,1
il,2025,47,2025-W47,2,0,0.0,0.0,1,35,2289,,,0,,45,0,1,1
in,2025,47,2025-W47,5,0,0.0,0.0,1,35,2289,,,0,,45,0,1,1
ks,2025,47,2025-W47,7,0,0.0,0.0,1,35,2289,,,0,,45,0,1,1
ky,2025,47,2025-W47,1,0,0.0,0.0,1,35,2289,,,0,,45,0,1,1
la,2025,47,2025-W47,2,0,0.0,0.0,1,35,2289,,,0,,45,0,1,1
ma,2025,47,2025-W47,4,0,0.0,0.0,1,35,2289,,,0,,45,0,1,1
md,2025,47,2025-W47,12,0,0.0,0.0,1,35,2289,,,0,,45,0,1,1
me,2025,47,2025-W47,13,0,0.0,0.0,1,35,2289,,,0,,45,0,1,1
mi,2025,47,2025-W47,6,0,0.0,0.0,1,35,2289,,,0,,45,0,1,1
mn,2025,47,2025-W47,4,0,0.0,0.0,1,35,2289,,,0,,45,0,1,1
mo,2025,47,2025-W47,7,0,0.0,0.0,1,35,2289,,,0,,45,0,1,1
ms,2025,47,2025-W47,2,0,0.0,0.0,1,35,2289,,,0,,45,0,1,1
mt,2025,47,2025-W47,4,0,0.0,0.0,1,35,2289,,,0,,45,0,1,1
nc,2025,47,2025-W47,35,0,0.0,0.0,1,35,2289,,,0,,45,0,1,1
ne,2025,47,2025-W47,2,0,0.0,0.0,1,35,2289,,,0,,45,0,1,1
nh,2025,47,2025-W47,3,0,0.0,0.0,1,35,2289,,,0,,45,0,1,1
nj,2025,47,2025-W47,6,0,0.0,0.0,1,35,2289,,,0,,45,0,1,1
nm,2025,47,2025-W47,2,0,0.0,0.0,1,35,2289,,,0,,45,0,1,1
nv,2025,47,2025-W47,7,0,0.0,0.0,1,35,2289,,,0,,45,0,1,1
ny,2025,47,2025-W47,2,0,0.0,0.0,1,35,2289,,,0,,45,0,1,1
oh,2025,47,2025-W47,2,0,0.0,0.0,1,35,2289,,,0,,45,0,1,1
ok,2025,47,2025-W47,1,0,0.0,0.0,1,35,2289,,,0,,45,0,1,1
or,2025,47,2025-W47,27,0,0.0,0.0,1,35,2289,,,0,,45,0,1,1
pa,2025,47,2025-W47,7,0,0.0,0.0,1,35,2289,,,0,,45,0,1,1
ri,2025,47,2025-W47,5,0,0.0,0.0,1,35,2289,,,0,,45,0,1,1
sc,2025,47,2025-W47,10,0,0.0,120.30809363636364,1,35,2289,,,0,,45,0,1,1
sd,2025,47,2025-W47,3,0,0.0,0.0,1,35,2289,,,0,,45,0,1,1
tn,2025,47,2025-W47,2,0,0.0,0.0,1,35,2289,,,0,,45,0,1,1
tx,2025,47,2025-W47,50,0,0.0,0.0,1,35,2289,,,0,,45,0,1,1
ut,2025,47,2025-W47,2,0,0.0,0.0,1,35,2289,,,0,,45,0,1,1
va,2025,47,2025-W47,6,0,0.0,0.0,1,35,2289,,,0,,45,0,1,1
vt,2025,47,2025-W47,6,0,0.0,0.0,1,35,2289,,,0,,45,0,1,1
wa,2025,47,2025-W47,1,0,0.0,0.0,1,35,2289,,,0,,45,0,1,1
wi,2025,47,2025-W47,42,0,0.0,189.7674418604651,1,35,2289,,,0,,45,0,1,1
wv,2025,47,2025-W47,1,0,0.0,0.0,1,35,2289,,,0,,45,0,1,1
wy,2025,47,2025-W47,5,0,0.0,0.0,1,35,2289,,,0,,45,0,1,1
ak,2025,48,2025-W48,5,0,0.0,0.0,1,40,2289,,,0,,59,0,1,1
al,2025,48,2025-W48,6,0,0.0,0.0,1,40,2289,,,0,,59,0,1,1
ar,2025,48,2025-W48,5,0,0.0,0.0,1,40,2289,,,0,,59,0,1,1
ca,2025,48,2025-W48,61,0,0.0,0.0,1,40,2289,,,0,,59,0,1,1
co,2025,48,2025-W48,22,0,0.0,500.0,1,40,2289,,,0,,59,0,1,1
ct,2025,48,2025-W48,5,0,0.0,0.0,1,40,2289,,,0,,59,0,1,1
dc,2025,48,2025-W48,1,0,0.0,0.0,1,40,2289,,,0,,59,0,1,1
de,2025,48,2025-W48,7,0,0.0,0.0,1,40,2289,,,0,,59,0,1,1
fl,2025,48,2025-W48,13,0,0.0,0.0,1,40,2289,,,0,,59,0,1,1
ga,2025,48,2025-W48,8,0,0.0,0.0,1,40,2289,,,0,,59,0,1,1
gu,2025,48,2025-W48,3,0,0.0,0.0,1,40,2289,,,0,,59,0,1,1
hi,2025,48,2025-W48,9,1,0.04,5704.697008,1,40,2289,,,0,,59,1,1,1
ia,2025,48,2025-W48,7,0,0.0,0.0,1,40,2289,,,0,,59,0,1,1
id,2025,48,2025-W48,4,0,0.0,0.0,1,40,2289,,,0,,59,0,1,1
il,2025,48,2025-W48,2,0,0.0,0.0,1,40,2289,,,0,,59,0,1,1
in,2025,48,2025-W48,5,0,0.0,0.0,1,40,2289,,,0,,59,0,1,1
ks,2025,48,2025-W48,4,0,0.0,0.0,1,40,2289,,,0,,59,0,1,1
ky,2025,48,2025-W48,1,0,0.0,0.0,1,40,2289,,,0,,59,0,1,1
la,2025,48,2025-W48,2,0,0.0,0.0,1,40,2289,,,0,,59,0,1,1
ma,2025,48,2025-W48,3,0,0.0,0.0,1,40,2289,,,0,,59,0,1,1
md,2025,48,2025-W48,12,0,0.0,0.0,1,40,2289,,,0,,59,0,1,1
me,2025,48,2025-W48,13,0,0.0,0.0,1,40,2289,,,0,,59,0,1,1
mi,2025,48,2025-W48,6,0,0.0,0.0,1,40,2289,,,0,,59,0,1,1
mn,2025,48,2025-W48,4,0,0.0,0.0,1,40,2289,,,0,,59,0,1,1
mo,2025,48,2025-W48,5,0,0.0,0.0,1,40,2289,,,0,,59,0,1,1
ms,2025,48,2025-W48,2,0,0.0,0.0,1,40,2289,,,0,,59,0,1,1
mt,2025,48,2025-W48,3,0,0.0,0.0,1,40,2289,,,0,,59,0,1,1
nc,2025,48,2025-W48,34,0,0.0,0.0,1,40,2289,,,0,,59,0,1,1
ne,2025,48,2025-W48,2,0,0.0,0.0,1,40,2289,,,0,,59,0,1,1
nh,2025,48,2025-W48,3,0,0.0,0.0,1,40,2289,,,0,,59,0,1,1
nj,2025,48,2025-W48,6,0,0.0,0.0,1,40,2289,,,0,,59,0,1,1
nm,2025,48,2025-W48,2,0,0.0,0.0,1,40,2289,,,0,,59,0,1,1
nv,2025,48,2025-W48,7,0,0.0,0.0,1,40,2289,,,0,,59,0,1,1
ny,2025,48,2025-W48,2,0,0.0,0.0,1,40,2289,,,0,,59,0,1,1
oh,2025,48,2025-W48,2,0,0.0,0.0,1,40,2289,,,0,,59,0,1,1
ok,2025,48,2025-W48,1,0,0.0,0.0,1,40,2289,,,0,,59,0,1,1
or,2025,48,2025-W48,31,0,0.0,0.0,1,40,2289,,,0,,59,0,1,1
pa,2025,48,2025-W48,12,0,0.0,0.0,1,40,2289,,,0,,59,0,1,1
ri,2025,48,2025-W48,5,0,0.0,0.0,1,40,2289,,,0,,59,0,1,1
sc,2025,48,2025-W48,6,0,0.0,61.69224428571429,1,40,2289,,,0,,59,0,1,1
sd,2025,48,2025-W48,3,0,0.0,0.0,1,40,2289,,,0,,59,0,1,1
tn,2025,48,2025-W48,2,0,0.0,0.0,1,40,2289,,,0,,59,0,1,1
tx,2025,48,2025-W48,31,0,0.0,0.0,1,40,2289,,,0,,59,0,1,1
ut,2025,48,2025-W48,2,1,0.2,1140.07451,1,40,2289,,,0,,59,1,1,1
va,2025,48,2025-W48,6,0,0.0,0.0,1,40,2289,,,0,,59,0,1,1
vt,2025,48,2025-W48,5,0,0.0,0.0,1,40,2289,,,0,,59,0,1,1
wa,2025,48,2025-W48,1,0,0.0,0.0,1,40,2289,,,0,,59,0,1,1
wi,2025,48,2025-W48,40,0,0.0,453.3333333333333,1,40,2289,,,0,,59,0,1,1
wv,2025,48,2025-W48,1,0,0.0,0.0,1,40,2289,,,0,,59,0,1,1
wy,2025,48,2025-W48,5,0,0.0,0.0,1,40,2289,,,0,,59,0,1,1
ak,2025,49,2025-W49,5,0,0.0,0.0,1,33,2289,,,0,,61,0,1,1
al,2025,49,2025-W49,6,0,0.0,0.0,1,33,2289,,,0,,61,0,1,1
ar,2025,49,2025-W49,6,0,0.0,0.0,1,33,2289,,,0,,61,0,1,1
ca,2025,49,2025-W49,61,0,0.0,0.0,1,33,2289,,,0,,61,0,1,1
co,2025,49,2025-W49,23,0,0.0,533.3333333333334,1,33,2289,,,0,,61,0,1,1
ct,2025,49,2025-W49,5,0,0.0,0.0,1,33,2289,,,0,,61,0,1,1
dc,2025,49,2025-W49,1,0,0.0,0.0,1,33,2289,,,0,,61,0,1,1
de,2025,49,2025-W49,8,0,0.0,0.0,1,33,2289,,,0,,61,0,1,1
fl,2025,49,2025-W49,14,0,0.0,0.0,1,33,2289,,,0,,61,0,1,1
ga,2025,49,2025-W49,8,0,0.0,0.0,1,33,2289,,,0,,61,0,1,1
gu,2025,49,2025-W49,3,0,0.0,0.0,1,33,2289,,,0,,61,0,1,1
hi,2025,49,2025-W49,9,0,0.0,0.0,1,33,2289,,,0,,61,0,1,1
ia,2025,49,2025-W49,7,0,0.0,0.0,1,33,2289,,,0,,61,0,1,1
id,2025,49,2025-W49,4,0,0.0,0.0,1,33,2289,,,0,,61,0,1,1
il,2025,49,2025-W49,2,0,0.0,0.0,1,33,2289,,,0,,61,0,1,1
in,2025,49,2025-W49,5,0,0.0,0.0,1,33,2289,,,0,,61,0,1,1
ks,2025,49,2025-W49,7,0,0.0,0.0,1,33,2289,,,0,,61,0,1,1
ky,2025,49,2025-W49,1,0,0.0,0.0,1,33,2289,,,0,,61,0,1,1
la,2025,49,2025-W49,2,0,0.0,0.0,1,33,2289,,,0,,61,0,1,1
ma,2025,49,2025-W49,4,0,0.0,0.0,1,33,2289,,,0,,61,0,1,1
md,2025,49,2025-W49,12,0,0.0,0.0,1,33,2289,,,0,,61,0,1,1
me,2025,49,2025-W49,13,0,0.0,0.0,1,33,2289,,,0,,61,0,1,1
mi,2025,49,2025-W49,6,0,0.0,0.0,1,33,2289,,,0,,61,0,1,1
mn,2025,49,2025-W49,4,0,0.0,0.0,1,33,2289,,,0,,61,0,1,1
mo,2025,49,2025-W49,5,0,0.0,0.0,1,33,2289,,,0,,61,0,1,1
ms,2025,49,2025-W49,2,0,0.0,0.0,1,33,2289,,,0,,61,0,1,1
mt,2025,49,2025-W49,4,0,0.0,0.0,1,33,2289,,,0,,61,0,1,1
nc,2025,49,2025-W49,33,0,0.0,0.0,1,33,2289,,,0,,61,0,1,1
ne,2025,49,2025-W49,2,0,0.0,0.0,1,33,2289,,,0,,61,0,1,1
nh,2025,49,2025-W49,3,0,0.0,0.0,1,33,2289,,,0,,61,0,1,1
nj,2025,49,2025-W49,6,0,0.0,0.0,1,33,2289,,,0,,61,0,1,1
nm,2025,49,2025-W49,2,0,0.0,0.0,1,33,2289,,,0,,61,0,1,1
nv,2025,49,2025-W49,7,0,0.0,0.0,1,33,2289,,,0,,61,0,1,1
ny,2025,49,2025-W49,2,0,0.0,0.0,1,33,2289,,,0,,61,0,1,1
oh,2025,49,2025-W49,2,0,0.0,0.0,1,33,2289,,,0,,61,0,1,1
ok,2025,49,2025-W49,1,0,0.0,0.0,1,33,2289,,,0,,61,0,1,1
or,2025,49,2025-W49,32,0,0.0,0.0,1,33,2289,,,0,,61,0,1,1
pa,2025,49,2025-W49,12,0,0.0,0.0,1,33,2289,,,0,,61,0,1,1
ri,2025,49,2025-W49,5,0,0.0,0.0,1,33,2289,,,0,,61,0,1,1
sc,2025,49,2025-W49,15,0,0.0,27.620356875,1,33,2289,,,0,,61,0,1,1
sd,2025,49,2025-W49,3,0,0.0,0.0,1,33,2289,,,0,,61,0,1,1
tn,2025,49,2025-W49,2,0,0.0,0.0,1,33,2289,,,0,,61,0,1,1
tx,2025,49,2025-W49,43,0,0.0,0.0,1,33,2289,,,0,,61,0,1,1
ut,2025,49,2025-W49,2,1,0.2,3922.70824,1,33,2289,,,0,,61,1,1,1
va,2025,49,2025-W49,6,0,0.0,0.0,1,33,2289,,,0,,61,0,1,1
vt,2025,49,2025-W49,6,0,0.0,0.0,1,33,2289,,,0,,61,0,1,1
wa,2025,49,2025-W49,1,0,0.0,0.0,1,33,2289,,,0,,61,0,1,1
wi,2025,49,2025-W49,38,0,0.0,386.9767441860465,1,33,2289,,,0,,61,0,1,1
wv,2025,49,2025-W49,1,0,0.0,0.0,1,33,2289,,,0,,61,0,1,1
wy,2025,49,2025-W49,5,0,0.0,0.0,1,33,2289,,,0,,61,0,1,1
ak,2025,50,2025-W50,5,0,0.0,0.0,1,29,2289,,,0,,52,0,1,1
al,2025,50,2025-W50,6,0,0.0,0.0,1,29,2289,,,0,,52,0,1,1
ar,2025,50,2025-W50,6,0,0.0,0.0,1,29,2289,,,0,,52,0,1,1
ca,2025,50,2025-W50,61,0,0.0,0.0,1,29,2289,,,0,,52,0,1,1
co,2025,50,2025-W50,23,0,0.0,521.7391304347826,1,29,2289,,,0,,52,0,1,1
ct,2025,50,2025-W50,5,0,0.0,0.0,1,29,2289,,,0,,52,0,1,1
dc,2025,50,2025-W50,1,0,0.0,0.0,1,29,2289,,,0,,52,0,1,1
de,2025,50,2025-W50,8,0,0.0,0.0,1,29,2289,,,0,,52,0,1,1
fl,2025,50,2025-W50,14,0,0.0,0.0,1,29,2289,,,0,,52,0,1,1
ga,2025,50,2025-W50,8,0,0.0,0.0,1,29,2289,,,0,,52,0,1,1
gu,2025,50,2025-W50,3,0,0.0,0.0,1,29,2289,,,0,,52,0,1,1
hi,2025,50,2025-W50,9,0,0.0,0.0,1,29,2289,,,0,,52,0,1,1
ia,2025,50,2025-W50,7,0,0.0,0.0,1,29,2289,,,0,,52,0,1,1
id,2025,50,2025-W50,4,0,0.0,0.0,1,29,2289,,,0,,52,0,1,1
il,2025,50,2025-W50,2,0,0.0,0.0,1,29,2289,,,0,,52,0,1,1
in,2025,50,2025-W50,5,0,0.0,0.0,1,29,2289,,,0,,52,0,1,1
ks,2025,50,2025-W50,7,0,0.0,0.0,1,29,2289,,,0,,52,0,1,1
ky,2025,50,2025-W50,1,0,0.0,0.0,1,29,2289,,,0,,52,0,1,1
la,2025,50,2025-W50,2,0,0.0,0.0,1,29,2289,,,0,,52,0,1,1
ma,2025,50,2025-W50,4,0,0.0,0.0,1,29,2289,,,0,,52,0,1,1
md,2025,50,2025-W50,12,0,0.0,0.0,1,29,2289,,,0,,52,0,1,1
me,2025,50,2025-W50,12,0,0.0,0.0,1,29,2289,,,0,,52,0,1,1
mi,2025,50,2025-W50,6,0,0.0,0.0,1,29,2289,,,0,,52,0,1,1
mn,2025,50,2025-W50,4,0,0.0,0.0,1,29,2289,,,0,,52,0,1,1
mo,2025,50,2025-W50,1,0,0.0,0.0,1,29,2289,,,0,,52,0,1,1
ms,2025,50,2025-W50,2,0,0.0,0.0,1,29,2289,,,0,,52,0,1,1
mt,2025,50,2025-W50,4,0,0.0,0.0,1,29,2289,,,0,,52,0,1,1
nc,2025,50,2025-W50,35,1,0.012987012987012988,29.539909610389614,1,29,2289,,,0,,52,1,1,1
ne,2025,50,2025-W50,2,0,0.0,0.0,1,29,2289,,,0,,52,0,1,1
nh,2025,50,2025-W50,3,0,0.0,0.0,1,29,2289,,,0,,52,0,1,1
nj,2025,50,2025-W50,6,0,0.0,0.0,1,29,2289,,,0,,52,0,1,1
nm,2025,50,2025-W50,1,0,0.0,0.0,1,29,2289,,,0,,52,0,1,1
nv,2025,50,2025-W50,7,0,0.0,0.0,1,29,2289,,,0,,52,0,1,1
ny,2025,50,2025-W50,2,0,0.0,0.0,1,29,2289,,,0,,52,0,1,1
oh,2025,50,2025-W50,2,0,0.0,0.0,1,29,2289,,,0,,52,0,1,1
ok,2025,50,2025-W50,1,0,0.0,0.0,1,29,2289,,,0,,52,0,1,1
or,2025,50,2025-W50,32,0,0.0,0.0,1,29,2289,,,0,,52,0,1,1
pa,2025,50,2025-W50,12,0,0.0,0.0,1,29,2289,,,0,,52,0,1,1
ri,2025,50,2025-W50,5,0,0.0,0.0,1,29,2289,,,0,,52,0,1,1
sc,2025,50,2025-W50,16,2,0.10526315789473684,515.2763915789474,1,29,2289,,,0,,52,1,1,1
sd,2025,50,2025-W50,3,0,0.0,0.0,1,29,2289,,,0,,52,0,1,1
tn,2025,50,2025-W50,2,0,0.0,0.0,1,29,2289,,,0,,52,0,1,1
tx,2025,50,2025-W50,51,0,0.0,0.0,1,29,2289,,,0,,52,0,1,1
ut,2025,50,2025-W50,2,2,0.4,23741.779105999998,1,29,2289,,,0,,52,1,1,1
va,2025,50,2025-W50,6,0,0.0,0.0,1,29,2289,,,0,,52,0,1,1
vt,2025,50,2025-W50,6,0,0.0,0.0,1,29,2289,,,0,,52,0,1,1
wa,2025,50,2025-W50,1,0,0.0,0.0,1,29,2289,,,0,,52,0,1,1
wi,2025,50,2025-W50,41,0,0.0,774.9397590361446,1,29,2289,,,0,,52,0,1,1
wv,2025,50,2025-W50,1,0,0.0,0.0,1,29,2289,,,0,,52,0,1,1
wy,2025,50,2025-W50,5,0,0.0,0.0,1,29,2289,,,0,,52,0,1,1
ak,2025,51,2025-W51,5,0,0.0,0.0,1,37,2289,,,0,,61,0,1,1
al,2025,51,2025-W51,6,0,0.0,0.0,1,37,2289,,,0,,61,0,1,1
ar,2025,51,2025-W51,6,0,0.0,0.0,1,37,2289,,,0,,61,0,1,1
ca,2025,51,2025-W51,61,2,0.0111731843575419,36.118948882681565,1,37,2289,,,0,,61,1,1,1
co,2025,51,2025-W51,23,0,0.0,525.0,1,37,2289,,,0,,61,0,1,1
ct,2025,51,2025-W51,5,0,0.0,0.0,1,37,2289,,,0,,61,0,1,1
dc,2025,51,2025-W51,1,0,0.0,0.0,1,37,2289,,,0,,61,0,1,1
de,2025,51,2025-W51,8,0,0.0,0.0,1,37,2289,,,0,,61,0,1,1
fl,2025,51,2025-W51,14,0,0.0,0.0,1,37,2289,,,0,,61,0,1,1
ga,2025,51,2025-W51,8,0,0.0,0.0,1,37,2289,,,0,,61,0,1,1
gu,2025,51,2025-W51,3,0,0.0,0.0,1,37,2289,,,0,,61,0,1,1
hi,2025,51,2025-W51,9,0,0.0,0.0,1,37,2289,,,0,,61,0,1,1
ia,2025,51,2025-W51,7,0,0.0,0.0,1,37,2289,,,0,,61,0,1,1
id,2025,51,2025-W51,4,0,0.0,0.0,1,37,2289,,,0,,61,0,1,1
il,2025,51,2025-W51,2,0,0.0,0.0,1,37,2289,,,0,,61,0,1,1
in,2025,51,2025-W51,5,0,0.0,0.0,1,37,2289,,,0,,61,0,1,1
ks,2025,51,2025-W51,7,0,0.0,0.0,1,37,2289,,,0,,61,0,1,1
ky,2025,51,2025-W51,1,0,0.0,0.0,1,37,2289,,,0,,61,0,1,1
la,2025,51,2025-W51,2,0,0.0,0.0,1,37,2289,,,0,,61,0,1,1
ma,2025,51,2025-W51,4,0,0.0,0.0,1,37,2289,,,0,,61,0,1,1
md,2025,51,2025-W51,12,0,0.0,0.0,1,37,2289,,,0,,61,0,1,1
me,2025,51,2025-W51,12,0,0.0,0.0,1,37,2289,,,0,,61,0,1,1
mi,2025,51,2025-W51,6,0,0.0,0.0,1,37,2289,,,0,,61,0,1,1
mn,2025,51,2025-W51,4,0,0.0,0.0,1,37,2289,,,0,,61,0,1,1
mo,2025,51,2025-W51,5,0,0.0,0.0,1,37,2289,,,0,,61,0,1,1
ms,2025,51,2025-W51,2,0,0.0,0.0,1,37,2289,,,0,,61,0,1,1
mt,2025,51,2025-W51,4,0,0.0,0.0,1,37,2289,,,0,,61,0,1,1
nc,2025,51,2025-W51,33,0,0.0,0.0,1,37,2289,,,0,,61,0,1,1
ne,2025,51,2025-W51,2,0,0.0,0.0,1,37,2289,,,0,,61,0,1,1
nh,2025,51,2025-W51,3,0,0.0,0.0,1,37,2289,,,0,,61,0,1,1
nj,2025,51,2025-W51,6,0,0.0,0.0,1,37,2289,,,0,,61,0,1,1
nm,2025,51,2025-W51,2,0,0.0,0.0,1,37,2289,,,0,,61,0,1,1
nv,2025,51,2025-W51,7,0,0.0,0.0,1,37,2289,,,0,,61,0,1,1
ny,2025,51,2025-W51,2,0,0.0,0.0,1,37,2289,,,0,,61,0,1,1
oh,2025,51,2025-W51,2,0,0.0,0.0,1,37,2289,,,0,,61,0,1,1
ok,2025,51,2025-W51,1,0,0.0,0.0,1,37,2289,,,0,,61,0,1,1
or,2025,51,2025-W51,32,0,0.0,0.0,1,37,2289,,,0,,61,0,1,1
pa,2025,51,2025-W51,13,0,0.0,0.0,1,37,2289,,,0,,61,0,1,1
ri,2025,51,2025-W51,5,0,0.0,0.0,1,37,2289,,,0,,61,0,1,1
sc,2025,51,2025-W51,16,0,0.0,105.37348869565217,1,37,2289,,,0,,61,0,1,1
sd,2025,51,2025-W51,3,0,0.0,0.0,1,37,2289,,,0,,61,0,1,1
tn,2025,51,2025-W51,2,0,0.0,0.0,1,37,2289,,,0,,61,0,1,1
tx,2025,51,2025-W51,47,0,0.0,0.0,1,37,2289,,,0,,61,0,1,1
ut,2025,51,2025-W51,2,1,0.2,395.764998,1,37,2289,,,0,,61,1,1,1
va,2025,51,2025-W51,6,0,0.0,0.0,1,37,2289,,,0,,61,0,1,1
vt,2025,51,2025-W51,6,0,0.0,0.0,1,37,2289,,,0,,61,0,1,1
wa,2025,51,2025-W51,1,0,0.0,0.0,1,37,2289,,,0,,61,0,1,1
wi,2025,51,2025-W51,42,0,0.0,171.78947368421052,1,37,2289,,,0,,61,0,1,1
wv,2025,51,2025-W51,1,0,0.0,0.0,1,37,2289,,,0,,61,0,1,1
wy,2025,51,2025-W51,5,0,0.0,0.0,1,37,2289,,,0,,61,0,1,1
ak,2025,52,2025-W52,5,0,0.0,0.0,1,41,2289,,,0,,64,0,1,1
al,2025,52,2025-W52,6,0,0.0,0.0,1,41,2289,,,0,,64,0,1,1
ar,2025,52,2025-W52,5,0,0.0,0.0,1,41,2289,,,0,,64,0,1,1
ca,2025,52,2025-W52,59,0,0.0,0.0,1,41,2289,,,0,,64,0,1,1
co,2025,52,2025-W52,22,0,0.0,500.0,1,41,2289,,,0,,64,0,1,1
ct,2025,52,2025-W52,5,0,0.0,0.0,1,41,2289,,,0,,64,0,1,1
dc,2025,52,2025-W52,1,0,0.0,0.0,1,41,2289,,,0,,64,0,1,1
de,2025,52,2025-W52,8,0,0.0,0.0,1,41,2289,,,0,,64,0,1,1
fl,2025,52,2025-W52,14,0,0.0,0.0,1,41,2289,,,0,,64,0,1,1
ga,2025,52,2025-W52,8,0,0.0,0.0,1,41,2289,,,0,,64,0,1,1
gu,2025,52,2025-W52,3,0,0.0,0.0,1,41,2289,,,0,,64,0,1,1
hi,2025,52,2025-W52,9,0,0.0,0.0,1,41,2289,,,0,,64,0,1,1
ia,2025,52,2025-W52,7,0,0.0,0.0,1,41,2289,,,0,,64,0,1,1
id,2025,52,2025-W52,4,0,0.0,0.0,1,41,2289,,,0,,64,0,1,1
il,2025,52,2025-W52,2,0,0.0,0.0,1,41,2289,,,0,,64,0,1,1
in,2025,52,2025-W52,5,0,0.0,0.0,1,41,2289,,,0,,64,0,1,1
ks,2025,52,2025-W52,4,0,0.0,0.0,1,41,2289,,,0,,64,0,1,1
ky,2025,52,2025-W52,1,0,0.0,0.0,1,41,2289,,,0,,64,0,1,1
la,2025,52,2025-W52,2,0,0.0,0.0,1,41,2289,,,0,,64,0,1,1
ma,2025,52,2025-W52,3,0,0.0,0.0,1,41,2289,,,0,,64,0,1,1
md,2025,52,2025-W52,12,0,0.0,0.0,1,41,2289,,,0,,64,0,1,1
me,2025,52,2025-W52,9,0,0.0,0.0,1,41,2289,,,0,,64,0,1,1
mi,2025,52,2025-W52,6,0,0.0,0.0,1,41,2289,,,0,,64,0,1,1
mn,2025,52,2025-W52,4,0,0.0,0.0,1,41,2289,,,0,,64,0,1,1
mo,2025,52,2025-W52,8,0,0.0,0.0,1,41,2289,,,0,,64,0,1,1
ms,2025,52,2025-W52,2,0,0.0,0.0,1,41,2289,,,0,,64,0,1,1
mt,2025,52,2025-W52,4,0,0.0,0.0,1,41,2289,,,0,,64,0,1,1
nc,2025,52,2025-W52,21,0,0.0,0.0,1,41,2289,,,0,,64,0,1,1
ne,2025,52,2025-W52,2,0,0.0,0.0,1,41,2289,,,0,,64,0,1,1
nh,2025,52,2025-W52,3,0,0.0,0.0,1,41,2289,,,0,,64,0,1,1
nj,2025,52,2025-W52,5,0,0.0,0.0,1,41,2289,,,0,,64,0,1,1
nm,2025,52,2025-W52,2,0,0.0,0.0,1,41,2289,,,0,,64,0,1,1
nv,2025,52,2025-W52,7,0,0.0,0.0,1,41,2289,,,0,,64,0,1,1
ny,2025,52,2025-W52,2,0,0.0,0.0,1,41,2289,,,0,,64,0,1,1
oh,2025,52,2025-W52,2,0,0.0,0.0,1,41,2289,,,0,,64,0,1,1
ok,2025,52,2025-W52,1,0,0.0,0.0,1,41,2289,,,0,,64,0,1,1
or,2025,52,2025-W52,28,1,0.034482758620689655,79.36006206896552,1,41,2289,,,0,,64,1,1,1
pa,2025,52,2025-W52,12,0,0.0,17.42105263157895,1,41,2289,,,0,,64,0,1,1
ri,2025,52,2025-W52,5,0,0.0,0.0,1,41,2289,,,0,,64,0,1,1
sc,2025,52,2025-W52,6,0,0.0,61.57191857142857,1,41,2289,,,0,,64,0,1,1
sd,2025,52,2025-W52,3,0,0.0,0.0,1,41,2289,,,0,,64,0,1,1
tn,2025,52,2025-W52,2,0,0.0,0.0,1,41,2289,,,0,,64,0,1,1
tx,2025,52,2025-W52,25,0,0.0,0.0,1,41,2289,,,0,,64,0,1,1
ut,2025,52,2025-W52,2,2,0.4,1596.1271540000002,1,41,2289,,,0,,64,1,1,1
va,2025,52,2025-W52,6,0,0.0,0.0,1,41,2289,,,0,,64,0,1,1
vt,2025,52,2025-W52,6,0,0.0,0.0,1,41,2289,,,0,,64,0,1,1
wa,2025,52,2025-W52,1,0,0.0,0.0,1,41,2289,,,0,,64,0,1,1
wi,2025,52,2025-W52,37,0,0.0,455.8904109589041,1,41,2289,,,0,,64,0,1,1
wv,2025,52,2025-W52,1,0,0.0,0.0,1,41,2289,,,0,,64,0,1,1
wy,2025,52,2025-W52,5,0,0.0,0.0,1,41,2289,,,0,,64,0,1,1
ak,2026,1,2026-W01,1,0,0.0,0.0,1,37,2318,,,0,,57,0,1,1
al,2026,1,2026-W01,5,0,0.0,0.0,1,37,2318,,,0,,57,0,1,1
ar,2026,1,2026-W01,1,0,0.0,0.0,1,37,2318,,,0,,57,0,1,1
ca,2026,1,2026-W01,35,1,0.01639344262295082,214.49637672131146,1,37,2318,,,0,,57,1,1,1
co,2026,1,2026-W01,2,0,0.0,600.0,1,37,2318,,,0,,57,0,1,1
ct,2026,1,2026-W01,4,0,0.0,0.0,1,37,2318,,,0,,57,0,1,1
dc,2026,1,2026-W01,1,0,0.0,0.0,1,37,2318,,,0,,57,0,1,1
de,2026,1,2026-W01,6,0,0.0,0.0,1,37,2318,,,0,,57,0,1,1
fl,2026,1,2026-W01,11,0,0.0,0.0,1,37,2318,,,0,,57,0,1,1
ga,2026,1,2026-W01,3,0,0.0,0.0,1,37,2318,,,0,,57,0,1,1
gu,2026,1,2026-W01,2,0,0.0,0.0,1,37,2318,,,0,,57,0,1,1
hi,2026,1,2026-W01,4,0,0.0,0.0,1,37,2318,,,0,,57,0,1,1
ia,2026,1,2026-W01,5,0,0.0,0.0,1,37,2318,,,0,,57,0,1,1
id,2026,1,2026-W01,3,0,0.0,0.0,1,37,2318,,,0,,57,0,1,1
il,2026,1,2026-W01,8,0,0.0,0.0,1,37,2318,,,0,,57,0,1,1
in,2026,1,2026-W01,4,0,0.0,0.0,1,37,2318,,,0,,57,0,1,1
ks,2026,1,2026-W01,2,0,0.0,0.0,1,37,2318,,,0,,57,0,1,1
ky,2026,1,2026-W01,0,0,0.0,,0,37,2318,,,0,,57,0,1,1
la,2026,1,2026-W01,2,0,0.0,0.0,1,37,2318,,,0,,57,0,1,1
ma,2026,1,2026-W01,3,0,0.0,0.0,1,37,2318,,,0,,57,0,1,1
md,2026,1,2026-W01,5,0,0.0,0.0,1,37,2318,,,0,,57,0,1,1
me,2026,1,2026-W01,4,0,0.0,0.0,1,37,2318,,,0,,57,0,1,1
mi,2026,1,2026-W01,6,0,0.0,0.0,1,37,2318,,,0,,57,0,1,1
mn,2026,1,2026-W01,3,0,0.0,0.0,1,37,2318,,,0,,57,0,1,1
mo,2026,1,2026-W01,0,0,0.0,,0,37,2318,,,0,,57,0,1,1
ms,2026,1,2026-W01,1,0,0.0,0.0,1,37,2318,,,0,,57,0,1,1
mt,2026,1,2026-W01,0,0,0.0,,0,37,2318,,,0,,57,0,1,1
nc,2026,1,2026-W01,25,1,0.03571428571428571,450.6601217857143,1,37,2318,,,0,,57,1,1,1
ne,2026,1,2026-W01,2,0,0.0,0.0,1,37,2318,,,0,,57,0,1,1
nh,2026,1,2026-W01,1,0,0.0,0.0,1,37,2318,,,0,,57,0,1,1
nj,2026,1,2026-W01,5,0,0.0,0.0,1,37,2318,,,0,,57,0,1,1
nm,2026,1,2026-W01,1,0,0.0,0.0,1,37,2318,,,0,,57,0,1,1
nv,2026,1,2026-W01,4,0,0.0,0.0,1,37,2318,,,0,,57,0,1,1
ny,2026,1,2026-W01,1,0,0.0,0.0,1,37,2318,,,0,,57,0,1,1
oh,2026,1,2026-W01,2,0,0.0,0.0,1,37,2318,,,0,,57,0,1,1
ok,2026,1,2026-W01,1,0,0.0,0.0,1,37,2318,,,0,,57,0,1,1
or,2026,1,2026-W01,3,0,0.0,0.0,1,37,2318,,,0,,57,0,1,1
pa,2026,1,2026-W01,8,0,0.0,28.90909090909091,1,37,2318,,,0,,57,0,1,1
ri,2026,1,2026-W01,2,0,0.0,0.0,1,37,2318,,,0,,57,0,1,1
sc,2026,1,2026-W01,0,0,0.0,,0,37,2318,,,0,,57,0,1,1
sd,2026,1,2026-W01,1,0,0.0,0.0,1,37,2318,,,0,,57,0,1,1
tn,2026,1,2026-W01,2,0,0.0,0.0,1,37,2318,,,0,,57,0,1,1
tx,2026,1,2026-W01,18,0,0.0,0.0,1,37,2318,,,0,,57,0,1,1
ut,2026,1,2026-W01,1,0,0.0,0.0,1,37,2318,,,0,,57,0,1,1
va,2026,1,2026-W01,1,0,0.0,0.0,1,37,2318,,,0,,57,0,1,1
vt,2026,1,2026-W01,1,0,0.0,0.0,1,37,2318,,,0,,57,0,1,1
wa,2026,1,2026-W01,1,0,0.0,0.0,1,37,2318,,,0,,57,0,1,1
wi,2026,1,2026-W01,21,0,0.0,0.0,1,37,2318,,,0,,57,0,1,1
wv,2026,1,2026-W01,1,0,0.0,0.0,1,37,2318,,,0,,57,0,1,1
wy,2026,1,2026-W01,0,0,0.0,,0,37,2318,,,0,,57,0,1,1
ak,2026,2,2026-W02,5,0,0.0,0.0,1,39,2318,,,0,,60,0,1,1
al,2026,2,2026-W02,6,0,0.0,0.0,1,39,2318,,,0,,60,0,1,1
ar,2026,2,2026-W02,6,0,0.0,0.0,1,39,2318,,,0,,60,0,1,1
ca,2026,2,2026-W02,62,4,0.021164021164021163,282.30602846560845,1,39,2318,,,0,,60,1,1,1
co,2026,2,2026-W02,23,0,0.0,521.7391304347826,1,39,2318,,,0,,60,0,1,1
ct,2026,2,2026-W02,5,0,0.0,0.0,1,39,2318,,,0,,60,0,1,1
dc,2026,2,2026-W02,1,0,0.0,0.0,1,39,2318,,,0,,60,0,1,1
de,2026,2,2026-W02,8,0,0.0,0.0,1,39,2318,,,0,,60,0,1,1
fl,2026,2,2026-W02,14,0,0.0,0.0,1,39,2318,,,0,,60,0,1,1
ga,2026,2,2026-W02,8,0,0.0,0.0,1,39,2318,,,0,,60,0,1,1
gu,2026,2,2026-W02,3,0,0.0,0.0,1,39,2318,,,0,,60,0,1,1
hi,2026,2,2026-W02,10,0,0.0,0.0,1,39,2318,,,0,,60,0,1,1
ia,2026,2,2026-W02,7,0,0.0,0.0,1,39,2318,,,0,,60,0,1,1
id,2026,2,2026-W02,4,0,0.0,0.0,1,39,2318,,,0,,60,0,1,1
il,2026,2,2026-W02,9,0,0.0,64.895516,1,39,2318,,,0,,60,0,1,1
in,2026,2,2026-W02,5,0,0.0,0.0,1,39,2318,,,0,,60,0,1,1
ks,2026,2,2026-W02,7,0,0.0,0.0,1,39,2318,,,0,,60,0,1,1
ky,2026,2,2026-W02,1,0,0.0,0.0,1,39,2318,,,0,,60,0,1,1
la,2026,2,2026-W02,2,0,0.0,0.0,1,39,2318,,,0,,60,0,1,1
ma,2026,2,2026-W02,4,0,0.0,0.0,1,39,2318,,,0,,60,0,1,1
md,2026,2,2026-W02,12,0,0.0,0.0,1,39,2318,,,0,,60,0,1,1
me,2026,2,2026-W02,11,0,0.0,0.0,1,39,2318,,,0,,60,0,1,1
mi,2026,2,2026-W02,6,0,0.0,0.0,1,39,2318,,,0,,60,0,1,1
mn,2026,2,2026-W02,4,0,0.0,0.0,1,39,2318,,,0,,60,0,1,1
mo,2026,2,2026-W02,7,0,0.0,0.0,1,39,2318,,,0,,60,0,1,1
ms,2026,2,2026-W02,2,0,0.0,0.0,1,39,2318,,,0,,60,0,1,1
mt,2026,2,2026-W02,4,0,0.0,0.0,1,39,2318,,,0,,60,0,1,1
nc,2026,2,2026-W02,34,2,0.02666666666666667,167.5242582666667,1,39,2318,,,0,,60,1,1,1
ne,2026,2,2026-W02,2,0,0.0,0.0,1,39,2318,,,0,,60,0,1,1
nh,2026,2,2026-W02,3,0,0.0,0.0,1,39,2318,,,0,,60,0,1,1
nj,2026,2,2026-W02,6,0,0.0,0.0,1,39,2318,,,0,,60,0,1,1
nm,2026,2,2026-W02,2,0,0.0,0.0,1,39,2318,,,0,,60,0,1,1
nv,2026,2,2026-W02,7,0,0.0,0.0,1,39,2318,,,0,,60,0,1,1
ny,2026,2,2026-W02,2,0,0.0,0.0,1,39,2318,,,0,,60,0,1,1
oh,2026,2,2026-W02,2,0,0.0,0.0,1,39,2318,,,0,,60,0,1,1
ok,2026,2,2026-W02,1,0,0.0,0.0,1,39,2318,,,0,,60,0,1,1
or,2026,2,2026-W02,32,0,0.0,0.0,1,39,2318,,,0,,60,0,1,1
pa,2026,2,2026-W02,13,0,0.0,0.0,1,39,2318,,,0,,60,0,1,1
ri,2026,2,2026-W02,5,0,0.0,0.0,1,39,2318,,,0,,60,0,1,1
sc,2026,2,2026-W02,11,8,0.4444444444444444,2507.972857777778,1,39,2318,,,0,,60,1,1,1
sd,2026,2,2026-W02,3,0,0.0,0.0,1,39,2318,,,0,,60,0,1,1
tn,2026,2,2026-W02,2,0,0.0,0.0,1,39,2318,,,0,,60,0,1,1
tx,2026,2,2026-W02,49,1,0.010869565217391304,335.53235739130434,1,39,2318,,,0,,60,1,1,1
ut,2026,2,2026-W02,2,1,0.2,690.023406,1,39,2318,,,0,,60,1,1,1
va,2026,2,2026-W02,5,0,0.0,0.0,1,39,2318,,,0,,60,0,1,1
vt,2026,2,2026-W02,6,0,0.0,0.0,1,39,2318,,,0,,60,0,1,1
wa,2026,2,2026-W02,1,0,0.0,0.0,1,39,2318,,,0,,60,0,1,1
wi,2026,2,2026-W02,41,0,0.0,182.32558139534885,1,39,2318,,,0,,60,0,1,1
wv,2026,2,2026-W02,1,0,0.0,0.0,1,39,2318,,,0,,60,0,1,1
wy,2026,2,2026-W02,5,0,0.0,0.0,1,39,2318,,,0,,60,0,1,1
ak,2026,3,2026-W03,5,0,0.0,0.0,1,34,2318,,,0,,62,0,1,1
al,2026,3,2026-W03,6,0,0.0,0.0,1,34,2318,,,0,,62,0,1,1
ar,2026,3,2026-W03,6,0,0.0,0.0,1,34,2318,,,0,,62,0,1,1
ca,2026,3,2026-W03,63,3,0.016483516483516484,345.3055213186813,1,34,2318,,,0,,62,1,1,1
co,2026,3,2026-W03,23,0,0.0,525.0,1,34,2318,,,0,,62,0,1,1
ct,2026,3,2026-W03,5,0,0.0,0.0,1,34,2318,,,0,,62,0,1,1
dc,2026,3,2026-W03,1,0,0.0,0.0,1,34,2318,,,0,,62,0,1,1
de,2026,3,2026-W03,3,0,0.0,0.0,1,34,2318,,,0,,62,0,1,1
fl,2026,3,2026-W03,14,0,0.0,0.0,1,34,2318,,,0,,62,0,1,1
ga,2026,3,2026-W03,8,0,0.0,0.0,1,34,2318,,,0,,62,0,1,1
gu,2026,3,2026-W03,3,0,0.0,0.0,1,34,2318,,,0,,62,0,1,1
hi,2026,3,2026-W03,10,0,0.0,0.0,1,34,2318,,,0,,62,0,1,1
ia,2026,3,2026-W03,7,0,0.0,0.0,1,34,2318,,,0,,62,0,1,1
id,2026,3,2026-W03,4,0,0.0,0.0,1,34,2318,,,0,,62,0,1,1
il,2026,3,2026-W03,9,0,0.0,0.0,1,34,2318,,,0,,62,0,1,1
in,2026,3,2026-W03,5,0,0.0,0.0,1,34,2318,,,0,,62,0,1,1
ks,2026,3,2026-W03,7,0,0.0,0.0,1,34,2318,,,0,,62,0,1,1
ky,2026,3,2026-W03,1,0,0.0,0.0,1,34,2318,,,0,,62,0,1,1
la,2026,3,2026-W03,2,0,0.0,0.0,1,34,2318,,,0,,62,0,1,1
ma,2026,3,2026-W03,4,0,0.0,0.0,1,34,2318,,,0,,62,0,1,1
md,2026,3,2026-W03,11,0,0.0,0.0,1,34,2318,,,0,,62,0,1,1
me,2026,3,2026-W03,12,0,0.0,0.0,1,34,2318,,,0,,62,0,1,1
mi,2026,3,2026-W03,6,0,0.0,0.0,1,34,2318,,,0,,62,0,1,1
mn,2026,3,2026-W03,4,0,0.0,0.0,1,34,2318,,,0,,62,0,1,1
mo,2026,3,2026-W03,4,0,0.0,0.770914,1,34,2318,,,0,,62,0,1,1
ms,2026,3,2026-W03,2,0,0.0,0.0,1,34,2318,,,0,,62,0,1,1
mt,2026,3,2026-W03,4,0,0.0,0.0,1,34,2318,,,0,,62,0,1,1
nc,2026,3,2026-W03,34,0,0.0,7.507506666666667,1,34,2318,,,0,,62,0,1,1
ne,2026,3,2026-W03,2,1,0.16666666666666666,5470.448961666666,1,34,2318,,,0,,62,1,1,1
nh,2026,3,2026-W03,3,0,0.0,0.0,1,34,2318,,,0,,62,0,1,1
nj,2026,3,2026-W03,6,0,0.0,0.0,1,34,2318,,,0,,62,0,1,1
nm,2026,3,2026-W03,2,0,0.0,0.0,1,34,2318,,,0,,62,0,1,1
nv,2026,3,2026-W03,7,0,0.0,0.0,1,34,2318,,,0,,62,0,1,1
ny,2026,3,2026-W03,2,0,0.0,0.0,1,34,2318,,,0,,62,0,1,1
oh,2026,3,2026-W03,2,0,0.0,0.0,1,34,2318,,,0,,62,0,1,1
ok,2026,3,2026-W03,1,0,0.0,0.0,1,34,2318,,,0,,62,0,1,1
or,2026,3,2026-W03,32,1,0.030303030303030304,1067.790518181818,1,34,2318,,,0,,62,1,1,1
pa,2026,3,2026-W03,12,0,0.0,0.0,1,34,2318,,,0,,62,0,1,1
ri,2026,3,2026-W03,5,0,0.0,0.0,1,34,2318,,,0,,62,0,1,1
sc,2026,3,2026-W03,16,8,0.2962962962962963,7055.851906296296,1,34,2318,,,0,,62,1,1,1
sd,2026,3,2026-W03,3,0,0.0,0.0,1,34,2318,,,0,,62,0,1,1
tn,2026,3,2026-W03,2,0,0.0,0.0,1,34,2318,,,0,,62,0,1,1
tx,2026,3,2026-W03,54,2,0.021739130434782608,35.085410217391306,1,34,2318,,,0,,62,1,1,1
ut,2026,3,2026-W03,2,2,0.4,1496.305432,1,34,2318,,,0,,62,1,1,1
va,2026,3,2026-W03,6,0,0.0,0.0,1,34,2318,,,0,,62,0,1,1
vt,2026,3,2026-W03,6,0,0.0,0.0,1,34,2318,,,0,,62,0,1,1
wa,2026,3,2026-W03,1,0,0.0,0.0,1,34,2318,,,0,,62,0,1,1
wi,2026,3,2026-W03,41,0,0.0,199.02439024390245,1,34,2318,,,0,,62,0,1,1
wv,2026,3,2026-W03,1,0,0.0,0.0,1,34,2318,,,0,,62,0,1,1
wy,2026,3,2026-W03,5,0,0.0,0.0,1,34,2318,,,0,,62,0,1,1
ak,2026,4,2026-W04,5,0,0.0,0.0,1,33,2318,,,0,,42,0,1,1
al,2026,4,2026-W04,6,0,0.0,0.0,1,33,2318,,,0,,42,0,1,1
ar,2026,4,2026-W04,6,0,0.0,0.0,1,33,2318,,,0,,42,0,1,1
ca,2026,4,2026-W04,72,5,0.024630541871921183,213.4605572906404,1,33,2318,,,0,,42,1,1,1
co,2026,4,2026-W04,23,0,0.0,521.7391304347826,1,33,2318,,,0,,42,0,1,1
ct,2026,4,2026-W04,5,0,0.0,0.0,1,33,2318,,,0,,42,0,1,1
dc,2026,4,2026-W04,1,0,0.0,0.0,1,33,2318,,,0,,42,0,1,1
de,2026,4,2026-W04,6,0,0.0,0.0,1,33,2318,,,0,,42,0,1,1
fl,2026,4,2026-W04,14,0,0.0,0.0,1,33,2318,,,0,,42,0,1,1
ga,2026,4,2026-W04,8,0,0.0,0.0,1,33,2318,,,0,,42,0,1,1
gu,2026,4,2026-W04,3,0,0.0,0.0,1,33,2318,,,0,,42,0,1,1
hi,2026,4,2026-W04,10,0,0.0,0.0,1,33,2318,,,0,,42,0,1,1
ia,2026,4,2026-W04,7,0,0.0,0.0,1,33,2318,,,0,,42,0,1,1
id,2026,4,2026-W04,4,0,0.0,0.0,1,33,2318,,,0,,42,0,1,1
il,2026,4,2026-W04,9,0,0.0,0.0,1,33,2318,,,0,,42,0,1,1
in,2026,4,2026-W04,5,0,0.0,0.0,1,33,2318,,,0,,42,0,1,1
ks,2026,4,2026-W04,7,0,0.0,0.0,1,33,2318,,,0,,42,0,1,1
ky,2026,4,2026-W04,1,0,0.0,0.0,1,33,2318,,,0,,42,0,1,1
la,2026,4,2026-W04,2,0,0.0,0.0,1,33,2318,,,0,,42,0,1,1
ma,2026,4,2026-W04,5,0,0.0,0.0,1,33,2318,,,0,,42,0,1,1
md,2026,4,2026-W04,12,0,0.0,0.0,1,33,2318,,,0,,42,0,1,1
me,2026,4,2026-W04,12,0,0.0,0.0,1,33,2318,,,0,,42,0,1,1
mi,2026,4,2026-W04,6,0,0.0,0.0,1,33,2318,,,0,,42,0,1,1
mn,2026,4,2026-W04,4,0,0.0,0.0,1,33,2318,,,0,,42,0,1,1
mo,2026,4,2026-W04,8,0,0.0,0.0,1,33,2318,,,0,,42,0,1,1
ms,2026,4,2026-W04,2,0,0.0,0.0,1,33,2318,,,0,,42,0,1,1
mt,2026,4,2026-W04,4,0,0.0,0.0,1,33,2318,,,0,,42,0,1,1
nc,2026,4,2026-W04,23,0,0.0,0.0,1,33,2318,,,0,,42,0,1,1
ne,2026,4,2026-W04,9,0,0.0,0.0,1,33,2318,,,0,,42,0,1,1
nh,2026,4,2026-W04,3,0,0.0,0.0,1,33,2318,,,0,,42,0,1,1
nj,2026,4,2026-W04,6,0,0.0,0.0,1,33,2318,,,0,,42,0,1,1
nm,2026,4,2026-W04,2,0,0.0,0.0,1,33,2318,,,0,,42,0,1,1
nv,2026,4,2026-W04,7,0,0.0,0.0,1,33,2318,,,0,,42,0,1,1
ny,2026,4,2026-W04,2,0,0.0,0.0,1,33,2318,,,0,,42,0,1,1
oh,2026,4,2026-W04,2,0,0.0,0.0,1,33,2318,,,0,,42,0,1,1
ok,2026,4,2026-W04,1,0,0.0,0.0,1,33,2318,,,0,,42,0,1,1
or,2026,4,2026-W04,23,2,0.08333333333333333,577.2086850000001,1,33,2318,,,0,,42,1,1,1
pa,2026,4,2026-W04,29,0,0.0,0.0,1,33,2318,,,0,,42,0,1,1
ri,2026,4,2026-W04,5,0,0.0,0.0,1,33,2318,,,0,,42,0,1,1
sc,2026,4,2026-W04,19,5,0.1724137931034483,1426.886600689655,1,33,2318,,,0,,42,1,1,1
sd,2026,4,2026-W04,3,0,0.0,0.0,1,33,2318,,,0,,42,0,1,1
tn,2026,4,2026-W04,2,0,0.0,0.0,1,33,2318,,,0,,42,0,1,1
tx,2026,4,2026-W04,52,0,0.0,16.44933734939759,1,33,2318,,,0,,42,0,1,1
ut,2026,4,2026-W04,2,1,0.2,802.568402,1,33,2318,,,0,,42,1,1,1
va,2026,4,2026-W04,6,0,0.0,0.0,1,33,2318,,,0,,42,0,1,1
vt,2026,4,2026-W04,6,0,0.0,0.0,1,33,2318,,,0,,42,0,1,1
wa,2026,4,2026-W04,1,0,0.0,0.0,1,33,2318,,,0,,42,0,1,1
wi,2026,4,2026-W04,41,0,0.0,574.395380952381,1,33,2318,,,0,,42,0,1,1
wv,2026,4,2026-W04,1,0,0.0,0.0,1,33,2318,,,0,,42,0,1,1
wy,2026,4,2026-W04,5,0,0.0,0.0,1,33,2318,,,0,,42,0,1,1
ak,2026,5,2026-W05,5,0,0.0,0.0,1,46,2318,,,0,,45,0,1,1
al,2026,5,2026-W05,6,0,0.0,0.0,1,46,2318,,,0,,45,0,1,1
ar,2026,5,2026-W05,3,0,0.0,0.0,1,46,2318,,,0,,45,0,1,1
ca,2026,5,2026-W05,88,4,0.01509433962264151,141.30528464150945,1,46,2318,,,0,,45,1,1,1
co,2026,5,2026-W05,23,0,0.0,523.4042553191489,1,46,2318,,,0,,45,0,1,1
ct,2026,5,2026-W05,5,2,0.2,10466.877404,1,46,2318,,,0,,45,1,1,1
dc,2026,5,2026-W05,1,0,0.0,0.0,1,46,2318,,,0,,45,0,1,1
de,2026,5,2026-W05,8,0,0.0,0.0,1,46,2318,,,0,,45,0,1,1
fl,2026,5,2026-W05,14,0,0.0,0.0,1,46,2318,,,0,,45,0,1,1
ga,2026,5,2026-W05,8,0,0.0,0.0,1,46,2318,,,0,,45,0,1,1
gu,2026,5,2026-W05,3,0,0.0,0.0,1,46,2318,,,0,,45,0,1,1
hi,2026,5,2026-W05,10,0,0.0,0.0,1,46,2318,,,0,,45,0,1,1
ia,2026,5,2026-W05,7,0,0.0,0.0,1,46,2318,,,0,,45,0,1,1
id,2026,5,2026-W05,4,0,0.0,0.0,1,46,2318,,,0,,45,0,1,1
il,2026,5,2026-W05,9,0,0.0,0.0,1,46,2318,,,0,,45,0,1,1
in,2026,5,2026-W05,5,0,0.0,0.0,1,46,2318,,,0,,45,0,1,1
ks,2026,5,2026-W05,7,0,0.0,0.0,1,46,2318,,,0,,45,0,1,1
ky,2026,5,2026-W05,1,0,0.0,0.0,1,46,2318,,,0,,45,0,1,1
la,2026,5,2026-W05,2,0,0.0,0.0,1,46,2318,,,0,,45,0,1,1
ma,2026,5,2026-W05,5,0,0.0,0.0,1,46,2318,,,0,,45,0,1,1
md,2026,5,2026-W05,10,0,0.0,0.0,1,46,2318,,,0,,45,0,1,1
me,2026,5,2026-W05,11,0,0.0,0.0,1,46,2318,,,0,,45,0,1,1
mi,2026,5,2026-W05,6,0,0.0,0.0,1,46,2318,,,0,,45,0,1,1
mn,2026,5,2026-W05,4,0,0.0,0.0,1,46,2318,,,0,,45,0,1,1
mo,2026,5,2026-W05,10,0,0.0,0.0,1,46,2318,,,0,,45,0,1,1
ms,2026,5,2026-W05,2,0,0.0,0.0,1,46,2318,,,0,,45,0,1,1
mt,2026,5,2026-W05,4,0,0.0,0.0,1,46,2318,,,0,,45,0,1,1
nc,2026,5,2026-W05,29,0,0.0,12.893194285714284,1,46,2318,,,0,,45,0,1,1
ne,2026,5,2026-W05,12,3,0.125,822.6629579166666,1,46,2318,,,0,,45,1,1,1
nh,2026,5,2026-W05,3,0,0.0,0.0,1,46,2318,,,0,,45,0,1,1
nj,2026,5,2026-W05,6,0,0.0,0.0,1,46,2318,,,0,,45,0,1,1
nm,2026,5,2026-W05,2,0,0.0,0.0,1,46,2318,,,0,,45,0,1,1
nv,2026,5,2026-W05,7,0,0.0,0.0,1,46,2318,,,0,,45,0,1,1
ny,2026,5,2026-W05,2,0,0.0,0.0,1,46,2318,,,0,,45,0,1,1
oh,2026,5,2026-W05,2,0,0.0,0.0,1,46,2318,,,0,,45,0,1,1
ok,2026,5,2026-W05,1,0,0.0,0.0,1,46,2318,,,0,,45,0,1,1
or,2026,5,2026-W05,23,1,0.043478260869565216,1164.8557934782607,1,46,2318,,,0,,45,1,1,1
pa,2026,5,2026-W05,28,0,0.0,0.0,1,46,2318,,,0,,45,0,1,1
ri,2026,5,2026-W05,5,0,0.0,0.0,1,46,2318,,,0,,45,0,1,1
sc,2026,5,2026-W05,16,1,0.043478260869565216,104.59397565217391,1,46,2318,,,0,,45,1,1,1
sd,2026,5,2026-W05,3,0,0.0,0.0,1,46,2318,,,0,,45,0,1,1
tn,2026,5,2026-W05,2,0,0.0,0.0,1,46,2318,,,0,,45,0,1,1
tx,2026,5,2026-W05,61,0,0.0,0.0,1,46,2318,,,0,,45,0,1,1
ut,2026,5,2026-W05,2,2,0.4,1615.231102,1,46,2318,,,0,,45,1,1,1
va,2026,5,2026-W05,3,0,0.0,0.0,1,46,2318,,,0,,45,0,1,1
vt,2026,5,2026-W05,6,0,0.0,0.0,1,46,2318,,,0,,45,0,1,1
wa,2026,5,2026-W05,1,0,0.0,0.0,1,46,2318,,,0,,45,0,1,1
wi,2026,5,2026-W05,42,0,0.0,675.1649518072289,1,46,2318,,,0,,45,0,1,1
wv,2026,5,2026-W05,1,0,0.0,0.0,1,46,2318,,,0,,45,0,1,1
wy,2026,5,2026-W05,5,0,0.0,0.0,1,46,2318,,,0,,45,0,1,1
ak,2026,6,2026-W06,5,0,0.0,0.0,1,67,2318,,,0,,78,0,1,1
al,2026,6,2026-W06,6,0,0.0,0.0,1,67,2318,,,0,,78,0,1,1
ar,2026,6,2026-W06,5,0,0.0,0.0,1,67,2318,,,0,,78,0,1,1
ca,2026,6,2026-W06,87,1,0.00423728813559322,282.59276805084744,1,67,2318,,,0,,78,1,1,1
co,2026,6,2026-W06,23,0,0.0,537.5,1,67,2318,,,0,,78,0,1,1
ct,2026,6,2026-W06,5,3,0.2727272727272727,3265.3081836363635,1,67,2318,,,0,,78,1,1,1
dc,2026,6,2026-W06,1,0,0.0,0.0,1,67,2318,,,0,,78,0,1,1
de,2026,6,2026-W06,8,0,0.0,0.0,1,67,2318,,,0,,78,0,1,1
fl,2026,6,2026-W06,14,1,0.018867924528301886,73.67926641509433,1,67,2318,,,0,,78,1,1,1
ga,2026,6,2026-W06,8,0,0.0,0.0,1,67,2318,,,0,,78,0,1,1
gu,2026,6,2026-W06,3,0,0.0,0.0,1,67,2318,,,0,,78,0,1,1
hi,2026,6,2026-W06,10,0,0.0,0.0,1,67,2318,,,0,,78,0,1,1
ia,2026,6,2026-W06,7,0,0.0,0.0,1,67,2318,,,0,,78,0,1,1
id,2026,6,2026-W06,4,0,0.0,0.0,1,67,2318,,,0,,78,0,1,1
il,2026,6,2026-W06,9,1,0.05263157894736842,190.1020852631579,1,67,2318,,,0,,78,1,1,1
in,2026,6,2026-W06,5,0,0.0,0.0,1,67,2318,,,0,,78,0,1,1
ks,2026,6,2026-W06,7,0,0.0,0.0,1,67,2318,,,0,,78,0,1,1
ky,2026,6,2026-W06,1,0,0.0,0.0,1,67,2318,,,0,,78,0,1,1
la,2026,6,2026-W06,2,0,0.0,0.0,1,67,2318,,,0,,78,0,1,1
ma,2026,6,2026-W06,4,0,0.0,0.0,1,67,2318,,,0,,78,0,1,1
md,2026,6,2026-W06,10,0,0.0,0.0,1,67,2318,,,0,,78,0,1,1
me,2026,6,2026-W06,12,0,0.0,0.0,1,67,2318,,,0,,78,0,1,1
mi,2026,6,2026-W06,6,0,0.0,0.0,1,67,2318,,,0,,78,0,1,1
mn,2026,6,2026-W06,4,0,0.0,0.0,1,67,2318,,,0,,78,0,1,1
mo,2026,6,2026-W06,8,0,0.0,0.0,1,67,2318,,,0,,78,0,1,1
ms,2026,6,2026-W06,2,0,0.0,0.0,1,67,2318,,,0,,78,0,1,1
mt,2026,6,2026-W06,4,0,0.0,26.28720125,1,67,2318,,,0,,78,0,1,1
nc,2026,6,2026-W06,34,0,0.0,0.0,1,67,2318,,,0,,78,0,1,1
ne,2026,6,2026-W06,2,0,0.0,0.0,1,67,2318,,,0,,78,0,1,1
nh,2026,6,2026-W06,3,0,0.0,0.0,1,67,2318,,,0,,78,0,1,1
nj,2026,6,2026-W06,6,0,0.0,0.0,1,67,2318,,,0,,78,0,1,1
nm,2026,6,2026-W06,2,0,0.0,0.0,1,67,2318,,,0,,78,0,1,1
nv,2026,6,2026-W06,7,0,0.0,0.0,1,67,2318,,,0,,78,0,1,1
ny,2026,6,2026-W06,17,0,0.0,0.0,1,67,2318,,,0,,78,0,1,1
oh,2026,6,2026-W06,2,0,0.0,0.0,1,67,2318,,,0,,78,0,1,1
ok,2026,6,2026-W06,1,0,0.0,0.0,1,67,2318,,,0,,78,0,1,1
or,2026,6,2026-W06,23,0,0.0,0.0,1,67,2318,,,0,,78,0,1,1
pa,2026,6,2026-W06,29,0,0.0,41.05263157894737,1,67,2318,,,0,,78,0,1,1
ri,2026,6,2026-W06,5,0,0.0,0.0,1,67,2318,,,0,,78,0,1,1
sc,2026,6,2026-W06,18,1,0.037037037037037035,562.5144207407407,1,67,2318,,,0,,78,1,1,1
sd,2026,6,2026-W06,3,0,0.0,0.0,1,67,2318,,,0,,78,0,1,1
tn,2026,6,2026-W06,2,0,0.0,0.0,1,67,2318,,,0,,78,0,1,1
tx,2026,6,2026-W06,72,0,0.0,0.0,1,67,2318,,,0,,78,0,1,1
ut,2026,6,2026-W06,2,4,0.8,4298.260614000001,1,67,2318,,,0,,78,1,1,1
va,2026,6,2026-W06,6,0,0.0,0.0,1,67,2318,,,0,,78,0,1,1
vt,2026,6,2026-W06,6,3,0.23076923076923078,693.5288192307692,1,67,2318,,,0,,78,1,1,1
wa,2026,6,2026-W06,1,0,0.0,0.0,1,67,2318,,,0,,78,0,1,1
wi,2026,6,2026-W06,43,1,0.011494252873563218,1698.9928045977013,1,67,2318,,,0,,78,1,1,1
wv,2026,6,2026-W06,1,0,0.0,0.0,1,67,2318,,,0,,78,0,1,1
wy,2026,6,2026-W06,5,0,0.0,0.0,1,67,2318,,,0,,78,0,1,1
ak,2026,7,2026-W07,5,0,0.0,0.0,1,62,2318,,,0,,83,0,1,1
al,2026,7,2026-W07,6,0,0.0,0.0,1,62,2318,,,0,,83,0,1,1
ar,2026,7,2026-W07,6,0,0.0,0.0,1,62,2318,,,0,,83,0,1,1
ca,2026,7,2026-W07,87,2,0.00784313725490196,179.8514580784314,1,62,2318,,,0,,83,1,1,1
co,2026,7,2026-W07,23,0,0.0,520.0,1,62,2318,,,0,,83,0,1,1
ct,2026,7,2026-W07,5,1,0.09090909090909091,240.38420636363637,1,62,2318,,,0,,83,1,1,1
dc,2026,7,2026-W07,1,0,0.0,0.0,1,62,2318,,,0,,83,0,1,1
de,2026,7,2026-W07,5,0,0.0,0.0,1,62,2318,,,0,,83,0,1,1
fl,2026,7,2026-W07,14,2,0.041666666666666664,254.98800895833335,1,62,2318,,,0,,83,1,1,1
ga,2026,7,2026-W07,8,0,0.0,0.0,1,62,2318,,,0,,83,0,1,1
gu,2026,7,2026-W07,3,0,0.0,0.0,1,62,2318,,,0,,83,0,1,1
hi,2026,7,2026-W07,10,0,0.0,0.0,1,62,2318,,,0,,83,0,1,1
ia,2026,7,2026-W07,7,0,0.0,0.0,1,62,2318,,,0,,83,0,1,1
id,2026,7,2026-W07,4,0,0.0,0.0,1,62,2318,,,0,,83,0,1,1
il,2026,7,2026-W07,9,0,0.0,250.39927055555557,1,62,2318,,,0,,83,0,1,1
in,2026,7,2026-W07,5,0,0.0,0.0,1,62,2318,,,0,,83,0,1,1
ks,2026,7,2026-W07,7,0,0.0,0.0,1,62,2318,,,0,,83,0,1,1
ky,2026,7,2026-W07,1,0,0.0,0.0,1,62,2318,,,0,,83,0,1,1
la,2026,7,2026-W07,2,0,0.0,0.0,1,62,2318,,,0,,83,0,1,1
ma,2026,7,2026-W07,5,0,0.0,0.0,1,62,2318,,,0,,83,0,1,1
md,2026,7,2026-W07,10,0,0.0,0.0,1,62,2318,,,0,,83,0,1,1
me,2026,7,2026-W07,12,0,0.0,0.0,1,62,2318,,,0,,83,0,1,1
mi,2026,7,2026-W07,6,0,0.0,0.0,1,62,2318,,,0,,83,0,1,1
mn,2026,7,2026-W07,4,0,0.0,0.0,1,62,2318,,,0,,83,0,1,1
mo,2026,7,2026-W07,8,0,0.0,0.0,1,62,2318,,,0,,83,0,1,1
ms,2026,7,2026-W07,2,0,0.0,0.0,1,62,2318,,,0,,83,0,1,1
mt,2026,7,2026-W07,4,0,0.0,0.0,1,62,2318,,,0,,83,0,1,1
nc,2026,7,2026-W07,36,0,0.0,7.245888513513513,1,62,2318,,,0,,83,0,1,1
ne,2026,7,2026-W07,2,0,0.0,0.0,1,62,2318,,,0,,83,0,1,1
nh,2026,7,2026-W07,3,0,0.0,0.0,1,62,2318,,,0,,83,0,1,1
nj,2026,7,2026-W07,6,0,0.0,0.0,1,62,2318,,,0,,83,0,1,1
nm,2026,7,2026-W07,2,0,0.0,0.0,1,62,2318,,,0,,83,0,1,1
nv,2026,7,2026-W07,7,0,0.0,0.0,1,62,2318,,,0,,83,0,1,1
ny,2026,7,2026-W07,21,0,0.0,0.0,1,62,2318,,,0,,83,0,1,1
oh,2026,7,2026-W07,2,0,0.0,0.0,1,62,2318,,,0,,83,0,1,1
ok,2026,7,2026-W07,1,0,0.0,0.0,1,62,2318,,,0,,83,0,1,1
or,2026,7,2026-W07,21,0,0.0,0.0,1,62,2318,,,0,,83,0,1,1
pa,2026,7,2026-W07,29,0,0.0,0.0,1,62,2318,,,0,,83,0,1,1
ri,2026,7,2026-W07,5,0,0.0,0.0,1,62,2318,,,0,,83,0,1,1
sc,2026,7,2026-W07,20,1,0.03571428571428571,210.97678285714284,1,62,2318,,,0,,83,1,1,1
sd,2026,7,2026-W07,3,0,0.0,0.0,1,62,2318,,,0,,83,0,1,1
tn,2026,7,2026-W07,2,0,0.0,0.0,1,62,2318,,,0,,83,0,1,1
tx,2026,7,2026-W07,44,0,0.0,0.0,1,62,2318,,,0,,83,0,1,1
ut,2026,7,2026-W07,2,2,0.3333333333333333,632.1310633333334,1,62,2318,,,0,,83,1,1,1
va,2026,7,2026-W07,6,0,0.0,0.0,1,62,2318,,,0,,83,0,1,1
vt,2026,7,2026-W07,6,1,0.07692307692307693,179.33472846153848,1,62,2318,,,0,,83,1,1,1
wa,2026,7,2026-W07,1,0,0.0,0.0,1,62,2318,,,0,,83,0,1,1
wi,2026,7,2026-W07,44,0,0.0,727.1150898876405,1,62,2318,,,0,,83,0,1,1
wv,2026,7,2026-W07,1,0,0.0,0.0,1,62,2318,,,0,,83,0,1,1
wy,2026,7,2026-W07,5,0,0.0,0.0,1,62,2318,,,0,,83,0,1,1
ak,2026,8,2026-W08,5,0,0.0,0.0,1,66,2318,,,0,,69,0,1,1
al,2026,8,2026-W08,6,0,0.0,0.0,1,66,2318,,,0,,69,0,1,1
ar,2026,8,2026-W08,6,0,0.0,0.0,1,66,2318,,,0,,69,0,1,1
ca,2026,8,2026-W08,87,1,0.0037735849056603774,20.53433962264151,1,66,2318,,,0,,69,1,1,1
co,2026,8,2026-W08,23,0,0.0,537.5,1,66,2318,,,0,,69,0,1,1
ct,2026,8,2026-W08,5,0,0.0,0.0,1,66,2318,,,0,,69,0,1,1
dc,2026,8,2026-W08,1,0,0.0,0.0,1,66,2318,,,0,,69,0,1,1
de,2026,8,2026-W08,2,0,0.0,0.0,1,66,2318,,,0,,69,0,1,1
fl,2026,8,2026-W08,14,0,0.0,0.0,1,66,2318,,,0,,69,0,1,1
ga,2026,8,2026-W08,8,0,0.0,0.0,1,66,2318,,,0,,69,0,1,1
gu,2026,8,2026-W08,3,0,0.0,0.0,1,66,2318,,,0,,69,0,1,1
hi,2026,8,2026-W08,10,0,0.0,0.0,1,66,2318,,,0,,69,0,1,1
ia,2026,8,2026-W08,7,0,0.0,0.0,1,66,2318,,,0,,69,0,1,1
id,2026,8,2026-W08,4,0,0.0,0.0,1,66,2318,,,0,,69,0,1,1
il,2026,8,2026-W08,9,0,0.0,0.0,1,66,2318,,,0,,69,0,1,1
in,2026,8,2026-W08,5,0,0.0,0.0,1,66,2318,,,0,,69,0,1,1
ks,2026,8,2026-W08,7,0,0.0,0.0,1,66,2318,,,0,,69,0,1,1
ky,2026,8,2026-W08,1,0,0.0,0.0,1,66,2318,,,0,,69,0,1,1
la,2026,8,2026-W08,2,0,0.0,0.0,1,66,2318,,,0,,69,0,1,1
ma,2026,8,2026-W08,4,0,0.0,0.0,1,66,2318,,,0,,69,0,1,1
md,2026,8,2026-W08,12,0,0.0,0.0,1,66,2318,,,0,,69,0,1,1
me,2026,8,2026-W08,11,0,0.0,0.0,1,66,2318,,,0,,69,0,1,1
mi,2026,8,2026-W08,6,0,0.0,0.0,1,66,2318,,,0,,69,0,1,1
mn,2026,8,2026-W08,4,0,0.0,0.0,1,66,2318,,,0,,69,0,1,1
mo,2026,8,2026-W08,10,0,0.0,0.0,1,66,2318,,,0,,69,0,1,1
ms,2026,8,2026-W08,2,0,0.0,0.0,1,66,2318,,,0,,69,0,1,1
mt,2026,8,2026-W08,4,0,0.0,0.0,1,66,2318,,,0,,69,0,1,1
nc,2026,8,2026-W08,36,0,0.0,6.848557922077923,1,66,2318,,,0,,69,0,1,1
ne,2026,8,2026-W08,2,0,0.0,0.0,1,66,2318,,,0,,69,0,1,1
nh,2026,8,2026-W08,3,0,0.0,0.0,1,66,2318,,,0,,69,0,1,1
nj,2026,8,2026-W08,6,0,0.0,0.0,1,66,2318,,,0,,69,0,1,1
nm,2026,8,2026-W08,2,0,0.0,0.0,1,66,2318,,,0,,69,0,1,1
nv,2026,8,2026-W08,7,0,0.0,0.0,1,66,2318,,,0,,69,0,1,1
ny,2026,8,2026-W08,21,0,0.0,0.0,1,66,2318,,,0,,69,0,1,1
oh,2026,8,2026-W08,2,0,0.0,0.0,1,66,2318,,,0,,69,0,1,1
ok,2026,8,2026-W08,1,0,0.0,0.0,1,66,2318,,,0,,69,0,1,1
or,2026,8,2026-W08,26,0,0.0,0.0,1,66,2318,,,0,,69,0,1,1
pa,2026,8,2026-W08,24,0,0.0,30.306122448979593,1,66,2318,,,0,,69,0,1,1
ri,2026,8,2026-W08,5,0,0.0,0.0,1,66,2318,,,0,,69,0,1,1
sc,2026,8,2026-W08,20,0,0.0,30.05822655172414,1,66,2318,,,0,,69,0,1,1
sd,2026,8,2026-W08,3,0,0.0,0.0,1,66,2318,,,0,,69,0,1,1
tn,2026,8,2026-W08,2,0,0.0,0.0,1,66,2318,,,0,,69,0,1,1
tx,2026,8,2026-W08,72,0,0.0,2.336745283018868,1,66,2318,,,0,,69,0,1,1
ut,2026,8,2026-W08,33,21,0.3230769230769231,24518.138948769232,1,66,2318,,,0,,69,1,1,1
va,2026,8,2026-W08,5,0,0.0,0.0,1,66,2318,,,0,,69,0,1,1
vt,2026,8,2026-W08,6,0,0.0,0.0,1,66,2318,,,0,,69,0,1,1
wa,2026,8,2026-W08,1,0,0.0,0.0,1,66,2318,,,0,,69,0,1,1
wi,2026,8,2026-W08,43,0,0.0,1213.625430232558,1,66,2318,,,0,,69,0,1,1
wv,2026,8,2026-W08,1,0,0.0,0.0,1,66,2318,,,0,,69,0,1,1
wy,2026,8,2026-W08,5,0,0.0,0.0,1,66,2318,,,0,,69,0,1,1
ak,2026,9,2026-W09,5,0,0.0,0.0,1,62,2318,,,0,,75,0,1,1
al,2026,9,2026-W09,6,0,0.0,0.0,1,62,2318,,,0,,75,0,1,1
ar,2026,9,2026-W09,5,0,0.0,0.0,1,62,2318,,,0,,75,0,1,1
ca,2026,9,2026-W09,88,0,0.0,0.0,1,62,2318,,,0,,75,0,1,1
co,2026,9,2026-W09,23,0,0.0,525.0,1,62,2318,,,0,,75,0,1,1
ct,2026,9,2026-W09,5,0,0.0,0.0,1,62,2318,,,0,,75,0,1,1
dc,2026,9,2026-W09,1,0,0.0,0.0,1,62,2318,,,0,,75,0,1,1
de,2026,9,2026-W09,8,0,0.0,0.0,1,62,2318,,,0,,75,0,1,1
fl,2026,9,2026-W09,14,0,0.0,0.0,1,62,2318,,,0,,75,0,1,1
ga,2026,9,2026-W09,5,0,0.0,0.0,1,62,2318,,,0,,75,0,1,1
gu,2026,9,2026-W09,3,0,0.0,0.0,1,62,2318,,,0,,75,0,1,1
hi,2026,9,2026-W09,10,0,0.0,0.0,1,62,2318,,,0,,75,0,1,1
ia,2026,9,2026-W09,7,0,0.0,0.0,1,62,2318,,,0,,75,0,1,1
id,2026,9,2026-W09,4,0,0.0,0.0,1,62,2318,,,0,,75,0,1,1
il,2026,9,2026-W09,9,0,0.0,89.39269210526317,1,62,2318,,,0,,75,0,1,1
in,2026,9,2026-W09,5,0,0.0,0.0,1,62,2318,,,0,,75,0,1,1
ks,2026,9,2026-W09,4,0,0.0,0.0,1,62,2318,,,0,,75,0,1,1
ky,2026,9,2026-W09,1,0,0.0,0.0,1,62,2318,,,0,,75,0,1,1
la,2026,9,2026-W09,2,0,0.0,0.0,1,62,2318,,,0,,75,0,1,1
ma,2026,9,2026-W09,4,0,0.0,0.0,1,62,2318,,,0,,75,0,1,1
md,2026,9,2026-W09,12,0,0.0,0.0,1,62,2318,,,0,,75,0,1,1
me,2026,9,2026-W09,11,0,0.0,0.0,1,62,2318,,,0,,75,0,1,1
mi,2026,9,2026-W09,6,0,0.0,0.0,1,62,2318,,,0,,75,0,1,1
mn,2026,9,2026-W09,4,0,0.0,0.0,1,62,2318,,,0,,75,0,1,1
mo,2026,9,2026-W09,9,0,0.0,0.37274799999999997,1,62,2318,,,0,,75,0,1,1
ms,2026,9,2026-W09,2,0,0.0,0.0,1,62,2318,,,0,,75,0,1,1
mt,2026,9,2026-W09,4,0,0.0,0.0,1,62,2318,,,0,,75,0,1,1
nc,2026,9,2026-W09,37,0,0.0,0.0,1,62,2318,,,0,,75,0,1,1
ne,2026,9,2026-W09,2,0,0.0,0.0,1,62,2318,,,0,,75,0,1,1
nh,2026,9,2026-W09,3,0,0.0,0.0,1,62,2318,,,0,,75,0,1,1
nj,2026,9,2026-W09,6,0,0.0,0.0,1,62,2318,,,0,,75,0,1,1
nm,2026,9,2026-W09,2,0,0.0,0.0,1,62,2318,,,0,,75,0,1,1
nv,2026,9,2026-W09,7,0,0.0,0.0,1,62,2318,,,0,,75,0,1,1
ny,2026,9,2026-W09,21,0,0.0,978.1576448148148,1,62,2318,,,0,,75,0,1,1
oh,2026,9,2026-W09,2,0,0.0,0.0,1,62,2318,,,0,,75,0,1,1
ok,2026,9,2026-W09,1,0,0.0,0.0,1,62,2318,,,0,,75,0,1,1
or,2026,9,2026-W09,27,0,0.0,0.0,1,62,2318,,,0,,75,0,1,1
pa,2026,9,2026-W09,30,0,0.0,0.0,1,62,2318,,,0,,75,0,1,1
ri,2026,9,2026-W09,4,0,0.0,0.0,1,62,2318,,,0,,75,0,1,1
sc,2026,9,2026-W09,20,1,0.03225806451612903,92.83463838709677,1,62,2318,,,0,,75,1,1,1
sd,2026,9,2026-W09,3,0,0.0,0.0,1,62,2318,,,0,,75,0,1,1
tn,2026,9,2026-W09,2,0,0.0,0.0,1,62,2318,,,0,,75,0,1,1
tx,2026,9,2026-W09,69,0,0.0,0.0,1,62,2318,,,0,,75,0,1,1
ut,2026,9,2026-W09,32,19,0.2835820895522388,16576.21586432836,1,62,2318,,,0,,75,1,1,1
va,2026,9,2026-W09,5,0,0.0,0.0,1,62,2318,,,0,,75,0,1,1
vt,2026,9,2026-W09,6,0,0.0,0.0,1,62,2318,,,0,,75,0,1,1
wa,2026,9,2026-W09,1,0,0.0,0.0,1,62,2318,,,0,,75,0,1,1
wi,2026,9,2026-W09,42,0,0.0,967.6706470588235,1,62,2318,,,0,,75,0,1,1
wv,2026,9,2026-W09,1,0,0.0,0.0,1,62,2318,,,0,,75,0,1,1
wy,2026,9,2026-W09,5,0,0.0,0.0,1,62,2318,,,0,,75,0,1,1
ak,2026,10,2026-W10,5,0,0.0,0.0,1,73,2318,,,0,,78,0,1,1
al,2026,10,2026-W10,1,0,0.0,0.0,1,73,2318,,,0,,78,0,1,1
ar,2026,10,2026-W10,6,0,0.0,0.0,1,73,2318,,,0,,78,0,1,1
ca,2026,10,2026-W10,62,7,0.04964539007092199,521.3069836879433,1,73,2318,,,0,,78,1,1,1
co,2026,10,2026-W10,21,0,0.0,600.0,1,73,2318,,,0,,78,0,1,1
ct,2026,10,2026-W10,4,0,0.0,0.0,1,73,2318,,,0,,78,0,1,1
dc,2026,10,2026-W10,1,0,0.0,0.0,1,73,2318,,,0,,78,0,1,1
de,2026,10,2026-W10,8,0,0.0,0.0,1,73,2318,,,0,,78,0,1,1
fl,2026,10,2026-W10,10,0,0.0,0.0,1,73,2318,,,0,,78,0,1,1
ga,2026,10,2026-W10,0,0,0.0,,0,73,2318,,,0,,78,0,1,1
gu,2026,10,2026-W10,3,0,0.0,0.0,1,73,2318,,,0,,78,0,1,1
hi,2026,10,2026-W10,10,0,0.0,0.0,1,73,2318,,,0,,78,0,1,1
ia,2026,10,2026-W10,2,0,0.0,0.0,1,73,2318,,,0,,78,0,1,1
id,2026,10,2026-W10,3,0,0.0,0.0,1,73,2318,,,0,,78,0,1,1
il,2026,10,2026-W10,7,0,0.0,0.0,1,73,2318,,,0,,78,0,1,1
in,2026,10,2026-W10,0,0,0.0,,0,73,2318,,,0,,78,0,1,1
ks,2026,10,2026-W10,2,0,0.0,0.0,1,73,2318,,,0,,78,0,1,1
ky,2026,10,2026-W10,0,0,0.0,,0,73,2318,,,0,,78,0,1,1
la,2026,10,2026-W10,2,0,0.0,0.0,1,73,2318,,,0,,78,0,1,1
ma,2026,10,2026-W10,3,0,0.0,0.0,1,73,2318,,,0,,78,0,1,1
md,2026,10,2026-W10,11,0,0.0,0.0,1,73,2318,,,0,,78,0,1,1
me,2026,10,2026-W10,8,0,0.0,0.0,1,73,2318,,,0,,78,0,1,1
mi,2026,10,2026-W10,0,0,0.0,,0,73,2318,,,0,,78,0,1,1
mn,2026,10,2026-W10,0,0,0.0,,0,73,2318,,,0,,78,0,1,1
mo,2026,10,2026-W10,10,0,0.0,0.0,1,73,2318,,,0,,78,0,1,1
ms,2026,10,2026-W10,0,0,0.0,,0,73,2318,,,0,,78,0,1,1
mt,2026,10,2026-W10,4,0,0.0,0.0,1,73,2318,,,0,,78,0,1,1
nc,2026,10,2026-W10,35,0,0.0,8.820210153846155,1,73,2318,,,0,,78,0,1,1
ne,2026,10,2026-W10,0,0,0.0,,0,73,2318,,,0,,78,0,1,1
nh,2026,10,2026-W10,2,0,0.0,0.0,1,73,2318,,,0,,78,0,1,1
nj,2026,10,2026-W10,0,0,0.0,,0,73,2318,,,0,,78,0,1,1
nm,2026,10,2026-W10,2,0,0.0,0.0,1,73,2318,,,0,,78,0,1,1
nv,2026,10,2026-W10,7,0,0.0,0.0,1,73,2318,,,0,,78,0,1,1
ny,2026,10,2026-W10,18,0,0.0,0.0,1,73,2318,,,0,,78,0,1,1
oh,2026,10,2026-W10,0,0,0.0,,0,73,2318,,,0,,78,0,1,1
ok,2026,10,2026-W10,1,0,0.0,0.0,1,73,2318,,,0,,78,0,1,1
or,2026,10,2026-W10,28,0,0.0,0.0,1,73,2318,,,0,,78,0,1,1
pa,2026,10,2026-W10,29,0,0.0,2.858,1,73,2318,,,0,,78,0,1,1
ri,2026,10,2026-W10,5,0,0.0,0.0,1,73,2318,,,0,,78,0,1,1
sc,2026,10,2026-W10,21,1,0.029411764705882353,77.10151794117647,1,73,2318,,,0,,78,1,1,1
sd,2026,10,2026-W10,2,0,0.0,0.0,1,73,2318,,,0,,78,0,1,1
tn,2026,10,2026-W10,0,0,0.0,,0,73,2318,,,0,,78,0,1,1
tx,2026,10,2026-W10,39,0,0.0,0.0,1,73,2318,,,0,,78,0,1,1
ut,2026,10,2026-W10,33,32,0.5079365079365079,9570.991612539681,1,73,2318,,,0,,78,1,1,1
va,2026,10,2026-W10,4,0,0.0,0.0,1,73,2318,,,0,,78,0,1,1
vt,2026,10,2026-W10,3,0,0.0,0.0,1,73,2318,,,0,,78,0,1,1
wa,2026,10,2026-W10,0,0,0.0,,0,73,2318,,,0,,78,0,1,1
wi,2026,10,2026-W10,41,0,0.0,807.3681358024692,1,73,2318,,,0,,78,0,1,1
wv,2026,10,2026-W10,0,0,0.0,,0,73,2318,,,0,,78,0,1,1
wy,2026,10,2026-W10,5,0,0.0,0.0,1,73,2318,,,0,,78,0,1,1
ak,2026,11,2026-W11,5,0,0.0,0.0,1,67,2318,,,0,,91,0,1,1
al,2026,11,2026-W11,1,0,0.0,0.0,1,67,2318,,,0,,91,0,1,1
ar,2026,11,2026-W11,6,0,0.0,0.0,1,67,2318,,,0,,91,0,1,1
ca,2026,11,2026-W11,63,5,0.032467532467532464,282.2952264935065,1,67,2318,,,0,,91,1,1,1
co,2026,11,2026-W11,21,0,0.0,600.0,1,67,2318,,,0,,91,0,1,1
ct,2026,11,2026-W11,4,0,0.0,0.0,1,67,2318,,,0,,91,0,1,1
dc,2026,11,2026-W11,1,0,0.0,0.0,1,67,2318,,,0,,91,0,1,1
de,2026,11,2026-W11,8,0,0.0,0.0,1,67,2318,,,0,,91,0,1,1
fl,2026,11,2026-W11,10,0,0.0,0.0,1,67,2318,,,0,,91,0,1,1
ga,2026,11,2026-W11,0,0,0.0,,0,67,2318,,,0,,91,0,1,1
gu,2026,11,2026-W11,2,0,0.0,0.0,1,67,2318,,,0,,91,0,1,1
hi,2026,11,2026-W11,10,0,0.0,0.0,1,67,2318,,,0,,91,0,1,1
ia,2026,11,2026-W11,2,0,0.0,0.0,1,67,2318,,,0,,91,0,1,1
id,2026,11,2026-W11,3,0,0.0,0.0,1,67,2318,,,0,,91,0,1,1
il,2026,11,2026-W11,7,0,0.0,0.0,1,67,2318,,,0,,91,0,1,1
in,2026,11,2026-W11,0,0,0.0,,0,67,2318,,,0,,91,0,1,1
ks,2026,11,2026-W11,2,0,0.0,0.0,1,67,2318,,,0,,91,0,1,1
ky,2026,11,2026-W11,0,0,0.0,,0,67,2318,,,0,,91,0,1,1
la,2026,11,2026-W11,2,0,0.0,0.0,1,67,2318,,,0,,91,0,1,1
ma,2026,11,2026-W11,3,0,0.0,0.0,1,67,2318,,,0,,91,0,1,1
md,2026,11,2026-W11,10,0,0.0,0.0,1,67,2318,,,0,,91,0,1,1
me,2026,11,2026-W11,8,0,0.0,0.0,1,67,2318,,,0,,91,0,1,1
mi,2026,11,2026-W11,0,0,0.0,,0,67,2318,,,0,,91,0,1,1
mn,2026,11,2026-W11,0,0,0.0,,0,67,2318,,,0,,91,0,1,1
mo,2026,11,2026-W11,9,0,0.0,0.0,1,67,2318,,,0,,91,0,1,1
ms,2026,11,2026-W11,0,0,0.0,,0,67,2318,,,0,,91,0,1,1
mt,2026,11,2026-W11,4,0,0.0,0.0,1,67,2318,,,0,,91,0,1,1
nc,2026,11,2026-W11,36,0,0.0,0.0,1,67,2318,,,0,,91,0,1,1
ne,2026,11,2026-W11,0,0,0.0,,0,67,2318,,,0,,91,0,1,1
nh,2026,11,2026-W11,2,0,0.0,0.0,1,67,2318,,,0,,91,0,1,1
nj,2026,11,2026-W11,0,0,0.0,,0,67,2318,,,0,,91,0,1,1
nm,2026,11,2026-W11,2,0,0.0,0.0,1,67,2318,,,0,,91,0,1,1
nv,2026,11,2026-W11,7,0,0.0,0.0,1,67,2318,,,0,,91,0,1,1
ny,2026,11,2026-W11,37,0,0.0,267.32133106382975,1,67,2318,,,0,,91,0,1,1
oh,2026,11,2026-W11,0,0,0.0,,0,67,2318,,,0,,91,0,1,1
ok,2026,11,2026-W11,1,0,0.0,0.0,1,67,2318,,,0,,91,0,1,1
or,2026,11,2026-W11,30,0,0.0,0.0,1,67,2318,,,0,,91,0,1,1
pa,2026,11,2026-W11,28,0,0.0,0.0,1,67,2318,,,0,,91,0,1,1
ri,2026,11,2026-W11,5,0,0.0,0.0,1,67,2318,,,0,,91,0,1,1
sc,2026,11,2026-W11,21,0,0.0,51.696633235294115,1,67,2318,,,0,,91,0,1,1
sd,2026,11,2026-W11,2,0,0.0,0.0,1,67,2318,,,0,,91,0,1,1
tn,2026,11,2026-W11,0,0,0.0,,0,67,2318,,,0,,91,0,1,1
tx,2026,11,2026-W11,38,0,0.0,0.0,1,67,2318,,,0,,91,0,1,1
ut,2026,11,2026-W11,33,22,0.3384615384615385,5936.677736461539,1,67,2318,,,0,,91,1,1,1
va,2026,11,2026-W11,4,0,0.0,0.0,1,67,2318,,,0,,91,0,1,1
vt,2026,11,2026-W11,3,0,0.0,0.0,1,67,2318,,,0,,91,0,1,1
wa,2026,11,2026-W11,0,0,0.0,,0,67,2318,,,0,,91,0,1,1
wi,2026,11,2026-W11,41,0,0.0,1232.3543375,1,67,2318,,,0,,91,0,1,1
wv,2026,11,2026-W11,0,0,0.0,,0,67,2318,,,0,,91,0,1,1
wy,2026,11,2026-W11,5,0,0.0,0.0,1,67,2318,,,0,,91,0,1,1
ak,2026,12,2026-W12,5,0,0.0,0.0,1,80,2318,,,0,,80,0,1,1
al,2026,12,2026-W12,1,0,0.0,0.0,1,80,2318,,,0,,80,0,1,1
ar,2026,12,2026-W12,6,0,0.0,0.0,1,80,2318,,,0,,80,0,1,1
ca,2026,12,2026-W12,63,1,0.00641025641025641,50.606308846153844,1,80,2318,,,0,,80,1,1,1
co,2026,12,2026-W12,19,0,0.0,600.0,1,80,2318,,,0,,80,0,1,1
ct,2026,12,2026-W12,4,0,0.0,0.0,1,80,2318,,,0,,80,0,1,1
dc,2026,12,2026-W12,1,0,0.0,0.0,1,80,2318,,,0,,80,0,1,1
de,2026,12,2026-W12,3,0,0.0,0.0,1,80,2318,,,0,,80,0,1,1
fl,2026,12,2026-W12,10,0,0.0,0.0,1,80,2318,,,0,,80,0,1,1
ga,2026,12,2026-W12,0,0,0.0,,0,80,2318,,,0,,80,0,1,1
gu,2026,12,2026-W12,2,0,0.0,0.0,1,80,2318,,,0,,80,0,1,1
hi,2026,12,2026-W12,10,0,0.0,0.0,1,80,2318,,,0,,80,0,1,1
ia,2026,12,2026-W12,2,0,0.0,0.0,1,80,2318,,,0,,80,0,1,1
id,2026,12,2026-W12,3,0,0.0,0.0,1,80,2318,,,0,,80,0,1,1
il,2026,12,2026-W12,7,0,0.0,120.95961142857142,1,80,2318,,,0,,80,0,1,1
in,2026,12,2026-W12,0,0,0.0,,0,80,2318,,,0,,80,0,1,1
ks,2026,12,2026-W12,2,0,0.0,0.0,1,80,2318,,,0,,80,0,1,1
ky,2026,12,2026-W12,0,0,0.0,,0,80,2318,,,0,,80,0,1,1
la,2026,12,2026-W12,2,0,0.0,0.0,1,80,2318,,,0,,80,0,1,1
ma,2026,12,2026-W12,3,0,0.0,0.0,1,80,2318,,,0,,80,0,1,1
md,2026,12,2026-W12,11,0,0.0,0.0,1,80,2318,,,0,,80,0,1,1
me,2026,12,2026-W12,7,0,0.0,0.0,1,80,2318,,,0,,80,0,1,1
mi,2026,12,2026-W12,0,0,0.0,,0,80,2318,,,0,,80,0,1,1
mn,2026,12,2026-W12,0,0,0.0,,0,80,2318,,,0,,80,0,1,1
mo,2026,12,2026-W12,8,0,0.0,0.0,1,80,2318,,,0,,80,0,1,1
ms,2026,12,2026-W12,0,0,0.0,,0,80,2318,,,0,,80,0,1,1
mt,2026,12,2026-W12,4,0,0.0,0.0,1,80,2318,,,0,,80,0,1,1
nc,2026,12,2026-W12,36,0,0.0,0.0,1,80,2318,,,0,,80,0,1,1
ne,2026,12,2026-W12,0,0,0.0,,0,80,2318,,,0,,80,0,1,1
nh,2026,12,2026-W12,2,0,0.0,0.0,1,80,2318,,,0,,80,0,1,1
nj,2026,12,2026-W12,0,0,0.0,,0,80,2318,,,0,,80,0,1,1
nm,2026,12,2026-W12,2,0,0.0,0.0,1,80,2318,,,0,,80,0,1,1
nv,2026,12,2026-W12,7,0,0.0,0.0,1,80,2318,,,0,,80,0,1,1
ny,2026,12,2026-W12,35,0,0.0,341.88034179487175,1,80,2318,,,0,,80,0,1,1
oh,2026,12,2026-W12,0,0,0.0,,0,80,2318,,,0,,80,0,1,1
ok,2026,12,2026-W12,1,0,0.0,0.0,1,80,2318,,,0,,80,0,1,1
or,2026,12,2026-W12,28,0,0.0,0.0,1,80,2318,,,0,,80,0,1,1
pa,2026,12,2026-W12,30,0,0.0,15.266666666666667,1,80,2318,,,0,,80,0,1,1
ri,2026,12,2026-W12,5,0,0.0,0.0,1,80,2318,,,0,,80,0,1,1
sc,2026,12,2026-W12,20,0,0.0,32.337485,1,80,2318,,,0,,80,0,1,1
sd,2026,12,2026-W12,2,0,0.0,0.0,1,80,2318,,,0,,80,0,1,1
tn,2026,12,2026-W12,0,0,0.0,,0,80,2318,,,0,,80,0,1,1
tx,2026,12,2026-W12,34,0,0.0,0.0,1,80,2318,,,0,,80,0,1,1
ut,2026,12,2026-W12,33,24,0.38095238095238093,13105.183134920635,1,80,2318,,,0,,80,1,1,1
va,2026,12,2026-W12,3,0,0.0,0.0,1,80,2318,,,0,,80,0,1,1
vt,2026,12,2026-W12,3,0,0.0,0.0,1,80,2318,,,0,,80,0,1,1
wa,2026,12,2026-W12,0,0,0.0,,0,80,2318,,,0,,80,0,1,1
wi,2026,12,2026-W12,41,0,0.0,87.60346913580247,1,80,2318,,,0,,80,0,1,1
wv,2026,12,2026-W12,0,0,0.0,,0,80,2318,,,0,,80,0,1,1
wy,2026,12,2026-W12,5,0,0.0,0.0,1,80,2318,,,0,,80,0,1,1
ak,2026,13,2026-W13,5,0,0.0,0.0,1,85,2318,,,0,,64,0,1,1
al,2026,13,2026-W13,1,0,0.0,0.0,1,85,2318,,,0,,64,0,1,1
ar,2026,13,2026-W13,6,0,0.0,0.0,1,85,2318,,,0,,64,0,1,1
ca,2026,13,2026-W13,64,0,0.0,0.0,1,85,2318,,,0,,64,0,1,1
co,2026,13,2026-W13,21,0,0.0,600.0,1,85,2318,,,0,,64,0,1,1
ct,2026,13,2026-W13,4,0,0.0,0.0,1,85,2318,,,0,,64,0,1,1
dc,2026,13,2026-W13,1,0,0.0,0.0,1,85,2318,,,0,,64,0,1,1
de,2026,13,2026-W13,8,0,0.0,0.0,1,85,2318,,,0,,64,0,1,1
fl,2026,13,2026-W13,10,0,0.0,0.0,1,85,2318,,,0,,64,0,1,1
ga,2026,13,2026-W13,0,0,0.0,,0,85,2318,,,0,,64,0,1,1
gu,2026,13,2026-W13,3,0,0.0,0.0,1,85,2318,,,0,,64,0,1,1
hi,2026,13,2026-W13,9,0,0.0,0.0,1,85,2318,,,0,,64,0,1,1
ia,2026,13,2026-W13,2,0,0.0,0.0,1,85,2318,,,0,,64,0,1,1
id,2026,13,2026-W13,3,0,0.0,0.0,1,85,2318,,,0,,64,0,1,1
il,2026,13,2026-W13,7,0,0.0,0.0,1,85,2318,,,0,,64,0,1,1
in,2026,13,2026-W13,0,0,0.0,,0,85,2318,,,0,,64,0,1,1
ks,2026,13,2026-W13,2,0,0.0,0.0,1,85,2318,,,0,,64,0,1,1
ky,2026,13,2026-W13,0,0,0.0,,0,85,2318,,,0,,64,0,1,1
la,2026,13,2026-W13,2,0,0.0,0.0,1,85,2318,,,0,,64,0,1,1
ma,2026,13,2026-W13,3,0,0.0,0.0,1,85,2318,,,0,,64,0,1,1
md,2026,13,2026-W13,11,0,0.0,0.0,1,85,2318,,,0,,64,0,1,1
me,2026,13,2026-W13,7,0,0.0,0.0,1,85,2318,,,0,,64,0,1,1
mi,2026,13,2026-W13,0,0,0.0,,0,85,2318,,,0,,64,0,1,1
mn,2026,13,2026-W13,0,0,0.0,,0,85,2318,,,0,,64,0,1,1
mo,2026,13,2026-W13,3,0,0.0,0.0,1,85,2318,,,0,,64,0,1,1
ms,2026,13,2026-W13,0,0,0.0,,0,85,2318,,,0,,64,0,1,1
mt,2026,13,2026-W13,4,0,0.0,0.0,1,85,2318,,,0,,64,0,1,1
nc,2026,13,2026-W13,36,0,0.0,7.924242424242424,1,85,2318,,,0,,64,0,1,1
ne,2026,13,2026-W13,0,0,0.0,,0,85,2318,,,0,,64,0,1,1
nh,2026,13,2026-W13,2,0,0.0,0.0,1,85,2318,,,0,,64,0,1,1
nj,2026,13,2026-W13,0,0,0.0,,0,85,2318,,,0,,64,0,1,1
nm,2026,13,2026-W13,2,0,0.0,0.0,1,85,2318,,,0,,64,0,1,1
nv,2026,13,2026-W13,7,0,0.0,0.0,1,85,2318,,,0,,64,0,1,1
ny,2026,13,2026-W13,43,0,0.0,764.203117254902,1,85,2318,,,0,,64,0,1,1
oh,2026,13,2026-W13,0,0,0.0,,0,85,2318,,,0,,64,0,1,1
ok,2026,13,2026-W13,1,0,0.0,0.0,1,85,2318,,,0,,64,0,1,1
or,2026,13,2026-W13,29,0,0.0,0.0,1,85,2318,,,0,,64,0,1,1
pa,2026,13,2026-W13,30,0,0.0,12.569491525423729,1,85,2318,,,0,,64,0,1,1
ri,2026,13,2026-W13,5,0,0.0,0.0,1,85,2318,,,0,,64,0,1,1
sc,2026,13,2026-W13,20,0,0.0,70.48387096774194,1,85,2318,,,0,,64,0,1,1
sd,2026,13,2026-W13,2,0,0.0,0.0,1,85,2318,,,0,,64,0,1,1
tn,2026,13,2026-W13,0,0,0.0,,0,85,2318,,,0,,64,0,1,1
tx,2026,13,2026-W13,35,0,0.0,0.0,1,85,2318,,,0,,64,0,1,1
ut,2026,13,2026-W13,33,19,0.2923076923076923,15406.509916461539,1,85,2318,,,0,,64,1,1,1
va,2026,13,2026-W13,4,0,0.0,0.0,1,85,2318,,,0,,64,0,1,1
vt,2026,13,2026-W13,3,0,0.0,0.0,1,85,2318,,,0,,64,0,1,1
wa,2026,13,2026-W13,0,0,0.0,,0,85,2318,,,0,,64,0,1,1
wi,2026,13,2026-W13,40,0,0.0,616.5855696202531,1,85,2318,,,0,,64,0,1,1
wv,2026,13,2026-W13,0,0,0.0,,0,85,2318,,,0,,64,0,1,1
wy,2026,13,2026-W13,5,0,0.0,0.0,1,85,2318,,,0,,64,0,1,1
ak,2026,14,2026-W14,5,0,0.0,0.0,1,72,2318,,,0,,66,0,1,1
al,2026,14,2026-W14,1,0,0.0,0.0,1,72,2318,,,0,,66,0,1,1
ar,2026,14,2026-W14,6,0,0.0,0.0,1,72,2318,,,0,,66,0,1,1
ca,2026,14,2026-W14,63,1,0.00641025641025641,32.56335826923077,1,72,2318,,,0,,66,1,1,1
co,2026,14,2026-W14,21,0,0.0,600.0,1,72,2318,,,0,,66,0,1,1
ct,2026,14,2026-W14,4,0,0.0,0.0,1,72,2318,,,0,,66,0,1,1
dc,2026,14,2026-W14,1,0,0.0,0.0,1,72,2318,,,0,,66,0,1,1
de,2026,14,2026-W14,7,0,0.0,0.0,1,72,2318,,,0,,66,0,1,1
fl,2026,14,2026-W14,10,0,0.0,0.0,1,72,2318,,,0,,66,0,1,1
ga,2026,14,2026-W14,0,0,0.0,,0,72,2318,,,0,,66,0,1,1
gu,2026,14,2026-W14,3,0,0.0,0.0,1,72,2318,,,0,,66,0,1,1
hi,2026,14,2026-W14,10,0,0.0,0.0,1,72,2318,,,0,,66,0,1,1
ia,2026,14,2026-W14,2,0,0.0,0.0,1,72,2318,,,0,,66,0,1,1
id,2026,14,2026-W14,3,0,0.0,0.0,1,72,2318,,,0,,66,0,1,1
il,2026,14,2026-W14,7,0,0.0,0.0,1,72,2318,,,0,,66,0,1,1
in,2026,14,2026-W14,0,0,0.0,,0,72,2318,,,0,,66,0,1,1
ks,2026,14,2026-W14,2,0,0.0,0.0,1,72,2318,,,0,,66,0,1,1
ky,2026,14,2026-W14,0,0,0.0,,0,72,2318,,,0,,66,0,1,1
la,2026,14,2026-W14,2,0,0.0,0.0,1,72,2318,,,0,,66,0,1,1
ma,2026,14,2026-W14,3,0,0.0,0.0,1,72,2318,,,0,,66,0,1,1
md,2026,14,2026-W14,11,0,0.0,0.0,1,72,2318,,,0,,66,0,1,1
me,2026,14,2026-W14,8,0,0.0,0.0,1,72,2318,,,0,,66,0,1,1
mi,2026,14,2026-W14,0,0,0.0,,0,72,2318,,,0,,66,0,1,1
mn,2026,14,2026-W14,0,0,0.0,,0,72,2318,,,0,,66,0,1,1
mo,2026,14,2026-W14,8,0,0.0,0.0,1,72,2318,,,0,,66,0,1,1
ms,2026,14,2026-W14,0,0,0.0,,0,72,2318,,,0,,66,0,1,1
mt,2026,14,2026-W14,4,0,0.0,0.0,1,72,2318,,,0,,66,0,1,1
nc,2026,14,2026-W14,36,0,0.0,0.0,1,72,2318,,,0,,66,0,1,1
ne,2026,14,2026-W14,0,0,0.0,,0,72,2318,,,0,,66,0,1,1
nh,2026,14,2026-W14,2,0,0.0,0.0,1,72,2318,,,0,,66,0,1,1
nj,2026,14,2026-W14,0,0,0.0,,0,72,2318,,,0,,66,0,1,1
nm,2026,14,2026-W14,2,0,0.0,0.0,1,72,2318,,,0,,66,0,1,1
nv,2026,14,2026-W14,7,0,0.0,0.0,1,72,2318,,,0,,66,0,1,1
ny,2026,14,2026-W14,39,1,0.02127659574468085,1647.5722857446808,1,72,2318,,,0,,66,1,1,1
oh,2026,14,2026-W14,0,0,0.0,,0,72,2318,,,0,,66,0,1,1
ok,2026,14,2026-W14,1,0,0.0,0.0,1,72,2318,,,0,,66,0,1,1
or,2026,14,2026-W14,25,0,0.0,0.0,1,72,2318,,,0,,66,0,1,1
pa,2026,14,2026-W14,30,0,0.0,10.4,1,72,2318,,,0,,66,0,1,1
ri,2026,14,2026-W14,5,0,0.0,0.0,1,72,2318,,,0,,66,0,1,1
sc,2026,14,2026-W14,18,0,0.0,59.006856923076924,1,72,2318,,,0,,66,0,1,1
sd,2026,14,2026-W14,2,0,0.0,0.0,1,72,2318,,,0,,66,0,1,1
tn,2026,14,2026-W14,0,0,0.0,,0,72,2318,,,0,,66,0,1,1
tx,2026,14,2026-W14,32,0,0.0,0.0,1,72,2318,,,0,,66,0,1,1
ut,2026,14,2026-W14,33,19,0.2878787878787879,3782.5884351515147,1,72,2318,,,0,,66,1,1,1
va,2026,14,2026-W14,4,0,0.0,0.0,1,72,2318,,,0,,66,0,1,1
vt,2026,14,2026-W14,3,0,0.0,0.0,1,72,2318,,,0,,66,0,1,1
wa,2026,14,2026-W14,0,0,0.0,,0,72,2318,,,0,,66,0,1,1
wi,2026,14,2026-W14,41,0,0.0,803.1871125,1,72,2318,,,0,,66,0,1,1
wv,2026,14,2026-W14,0,0,0.0,,0,72,2318,,,0,,66,0,1,1
wy,2026,14,2026-W14,5,0,0.0,0.0,1,72,2318,,,0,,66,0,1,1
ak,2026,15,2026-W15,5,0,0.0,0.0,1,70,2318,,,0,,44,0,1,1
al,2026,15,2026-W15,1,0,0.0,0.0,1,70,2318,,,0,,44,0,1,1
ar,2026,15,2026-W15,6,0,0.0,0.0,1,70,2318,,,0,,44,0,1,1
ca,2026,15,2026-W15,64,1,0.0064516129032258064,31.215503677419356,1,70,2318,,,0,,44,1,1,1
co,2026,15,2026-W15,21,0,0.0,600.0,1,70,2318,,,0,,44,0,1,1
ct,2026,15,2026-W15,4,0,0.0,0.0,1,70,2318,,,0,,44,0,1,1
dc,2026,15,2026-W15,1,0,0.0,0.0,1,70,2318,,,0,,44,0,1,1
de,2026,15,2026-W15,8,0,0.0,0.0,1,70,2318,,,0,,44,0,1,1
fl,2026,15,2026-W15,9,0,0.0,0.0,1,70,2318,,,0,,44,0,1,1
ga,2026,15,2026-W15,0,0,0.0,,0,70,2318,,,0,,44,0,1,1
gu,2026,15,2026-W15,3,0,0.0,0.0,1,70,2318,,,0,,44,0,1,1
hi,2026,15,2026-W15,10,0,0.0,0.0,1,70,2318,,,0,,44,0,1,1
ia,2026,15,2026-W15,2,0,0.0,0.0,1,70,2318,,,0,,44,0,1,1
id,2026,15,2026-W15,4,0,0.0,0.0,1,70,2318,,,0,,44,0,1,1
il,2026,15,2026-W15,7,0,0.0,0.0,1,70,2318,,,0,,44,0,1,1
in,2026,15,2026-W15,0,0,0.0,,0,70,2318,,,0,,44,0,1,1
ks,2026,15,2026-W15,2,0,0.0,0.0,1,70,2318,,,0,,44,0,1,1
ky,2026,15,2026-W15,0,0,0.0,,0,70,2318,,,0,,44,0,1,1
la,2026,15,2026-W15,2,0,0.0,0.0,1,70,2318,,,0,,44,0,1,1
ma,2026,15,2026-W15,0,0,0.0,,0,70,2318,,,0,,44,0,1,1
md,2026,15,2026-W15,11,0,0.0,0.0,1,70,2318,,,0,,44,0,1,1
me,2026,15,2026-W15,8,0,0.0,0.0,1,70,2318,,,0,,44,0,1,1
mi,2026,15,2026-W15,0,0,0.0,,0,70,2318,,,0,,44,0,1,1
mn,2026,15,2026-W15,0,0,0.0,,0,70,2318,,,0,,44,0,1,1
mo,2026,15,2026-W15,7,0,0.0,0.0,1,70,2318,,,0,,44,0,1,1
ms,2026,15,2026-W15,0,0,0.0,,0,70,2318,,,0,,44,0,1,1
mt,2026,15,2026-W15,4,0,0.0,0.0,1,70,2318,,,0,,44,0,1,1
nc,2026,15,2026-W15,36,0,0.0,0.0,1,70,2318,,,0,,44,0,1,1
ne,2026,15,2026-W15,0,0,0.0,,0,70,2318,,,0,,44,0,1,1
nh,2026,15,2026-W15,2,0,0.0,0.0,1,70,2318,,,0,,44,0,1,1
nj,2026,15,2026-W15,0,0,0.0,,0,70,2318,,,0,,44,0,1,1
nm,2026,15,2026-W15,2,0,0.0,0.0,1,70,2318,,,0,,44,0,1,1
nv,2026,15,2026-W15,7,0,0.0,0.0,1,70,2318,,,0,,44,0,1,1
ny,2026,15,2026-W15,41,0,0.0,754.4378698076924,1,70,2318,,,0,,44,0,1,1
oh,2026,15,2026-W15,0,0,0.0,,0,70,2318,,,0,,44,0,1,1
ok,2026,15,2026-W15,1,0,0.0,0.0,1,70,2318,,,0,,44,0,1,1
or,2026,15,2026-W15,29,0,0.0,0.0,1,70,2318,,,0,,44,0,1,1
pa,2026,15,2026-W15,30,0,0.0,37.2,1,70,2318,,,0,,44,0,1,1
ri,2026,15,2026-W15,5,0,0.0,0.0,1,70,2318,,,0,,44,0,1,1
sc,2026,15,2026-W15,17,0,0.0,66.06129433333334,1,70,2318,,,0,,44,0,1,1
sd,2026,15,2026-W15,2,0,0.0,0.0,1,70,2318,,,0,,44,0,1,1
tn,2026,15,2026-W15,0,0,0.0,,0,70,2318,,,0,,44,0,1,1
tx,2026,15,2026-W15,30,0,0.0,0.0,1,70,2318,,,0,,44,0,1,1
ut,2026,15,2026-W15,33,14,0.21212121212121213,20137.67309227273,1,70,2318,,,0,,44,1,1,1
va,2026,15,2026-W15,4,0,0.0,0.0,1,70,2318,,,0,,44,0,1,1
vt,2026,15,2026-W15,2,0,0.0,0.0,1,70,2318,,,0,,44,0,1,1
wa,2026,15,2026-W15,0,0,0.0,,0,70,2318,,,0,,44,0,1,1
wi,2026,15,2026-W15,42,0,0.0,198.2939024390244,1,70,2318,,,0,,44,0,1,1
wv,2026,15,2026-W15,0,0,0.0,,0,70,2318,,,0,,44,0,1,1
wy,2026,15,2026-W15,5,0,0.0,0.0,1,70,2318,,,0,,44,0,1,1
ak,2026,16,2026-W16,5,0,0.0,0.0,1,61,2318,,,0,,62,0,1,1
al,2026,16,2026-W16,1,0,0.0,0.0,1,61,2318,,,0,,62,0,1,1
ar,2026,16,2026-W16,6,0,0.0,0.0,1,61,2318,,,0,,62,0,1,1
ca,2026,16,2026-W16,64,6,0.040268456375838924,247.44955691275166,1,61,2318,,,0,,62,1,1,1
co,2026,16,2026-W16,21,0,0.0,600.0,1,61,2318,,,0,,62,0,1,1
ct,2026,16,2026-W16,4,0,0.0,0.0,1,61,2318,,,0,,62,0,1,1
dc,2026,16,2026-W16,1,0,0.0,0.0,1,61,2318,,,0,,62,0,1,1
de,2026,16,2026-W16,8,0,0.0,0.0,1,61,2318,,,0,,62,0,1,1
fl,2026,16,2026-W16,9,0,0.0,0.0,1,61,2318,,,0,,62,0,1,1
ga,2026,16,2026-W16,0,0,0.0,,0,61,2318,,,0,,62,0,1,1
gu,2026,16,2026-W16,0,0,0.0,,0,61,2318,,,0,,62,0,1,1
hi,2026,16,2026-W16,10,0,0.0,0.0,1,61,2318,,,0,,62,0,1,1
ia,2026,16,2026-W16,2,0,0.0,0.0,1,61,2318,,,0,,62,0,1,1
id,2026,16,2026-W16,4,0,0.0,0.0,1,61,2318,,,0,,62,0,1,1
il,2026,16,2026-W16,7,0,0.0,0.0,1,61,2318,,,0,,62,0,1,1
in,2026,16,2026-W16,0,0,0.0,,0,61,2318,,,0,,62,0,1,1
ks,2026,16,2026-W16,2,0,0.0,0.0,1,61,2318,,,0,,62,0,1,1
ky,2026,16,2026-W16,0,0,0.0,,0,61,2318,,,0,,62,0,1,1
la,2026,16,2026-W16,2,0,0.0,0.0,1,61,2318,,,0,,62,0,1,1
ma,2026,16,2026-W16,1,0,0.0,0.0,1,61,2318,,,0,,62,0,1,1
md,2026,16,2026-W16,11,0,0.0,0.0,1,61,2318,,,0,,62,0,1,1
me,2026,16,2026-W16,8,0,0.0,0.0,1,61,2318,,,0,,62,0,1,1
mi,2026,16,2026-W16,0,0,0.0,,0,61,2318,,,0,,62,0,1,1
mn,2026,16,2026-W16,0,0,0.0,,0,61,2318,,,0,,62,0,1,1
mo,2026,16,2026-W16,7,0,0.0,0.0,1,61,2318,,,0,,62,0,1,1
ms,2026,16,2026-W16,0,0,0.0,,0,61,2318,,,0,,62,0,1,1
mt,2026,16,2026-W16,4,0,0.0,0.0,1,61,2318,,,0,,62,0,1,1
nc,2026,16,2026-W16,36,0,0.0,0.0,1,61,2318,,,0,,62,0,1,1
ne,2026,16,2026-W16,0,0,0.0,,0,61,2318,,,0,,62,0,1,1
nh,2026,16,2026-W16,2,0,0.0,0.0,1,61,2318,,,0,,62,0,1,1
nj,2026,16,2026-W16,0,0,0.0,,0,61,2318,,,0,,62,0,1,1
nm,2026,16,2026-W16,2,0,0.0,0.0,1,61,2318,,,0,,62,0,1,1
nv,2026,16,2026-W16,7,0,0.0,0.0,1,61,2318,,,0,,62,0,1,1
ny,2026,16,2026-W16,42,2,0.04,2020.5128204,1,61,2318,,,0,,62,1,1,1
oh,2026,16,2026-W16,0,0,0.0,,0,61,2318,,,0,,62,0,1,1
ok,2026,16,2026-W16,1,0,0.0,0.0,1,61,2318,,,0,,62,0,1,1
or,2026,16,2026-W16,20,0,0.0,0.0,1,61,2318,,,0,,62,0,1,1
pa,2026,16,2026-W16,30,0,0.0,8.6,1,61,2318,,,0,,62,0,1,1
ri,2026,16,2026-W16,5,0,0.0,0.0,1,61,2318,,,0,,62,0,1,1
sc,2026,16,2026-W16,20,0,0.0,42.354838709677416,1,61,2318,,,0,,62,0,1,1
sd,2026,16,2026-W16,2,0,0.0,0.0,1,61,2318,,,0,,62,0,1,1
tn,2026,16,2026-W16,0,0,0.0,,0,61,2318,,,0,,62,0,1,1
tx,2026,16,2026-W16,61,0,0.0,0.0,1,61,2318,,,0,,62,0,1,1
ut,2026,16,2026-W16,33,10,0.15873015873015872,4317.735976666667,1,61,2318,,,0,,62,1,1,1
va,2026,16,2026-W16,4,0,0.0,0.0,1,61,2318,,,0,,62,0,1,1
vt,2026,16,2026-W16,3,0,0.0,0.0,1,61,2318,,,0,,62,0,1,1
wa,2026,16,2026-W16,0,0,0.0,,0,61,2318,,,0,,62,0,1,1
wi,2026,16,2026-W16,41,0,0.0,968.8632716049383,1,61,2318,,,0,,62,0,1,1
wv,2026,16,2026-W16,0,0,0.0,,0,61,2318,,,0,,62,0,1,1
wy,2026,16,2026-W16,4,0,0.0,0.0,1,61,2318,,,0,,62,0,1,1
ak,2026,17,2026-W17,5,0,0.0,0.0,1,77,2318,,,0,,54,0,1,1
al,2026,17,2026-W17,0,0,0.0,,0,77,2318,,,0,,54,0,1,1
ar,2026,17,2026-W17,6,0,0.0,0.0,1,77,2318,,,0,,54,0,1,1
ca,2026,17,2026-W17,64,1,0.0064516129032258064,62.911786322580646,1,77,2318,,,0,,54,1,1,1
co,2026,17,2026-W17,21,0,0.0,600.0,1,77,2318,,,0,,54,0,1,1
ct,2026,17,2026-W17,4,0,0.0,0.0,1,77,2318,,,0,,54,0,1,1
dc,2026,17,2026-W17,1,0,0.0,0.0,1,77,2318,,,0,,54,0,1,1
de,2026,17,2026-W17,8,1,0.1111111111111111,4909.888888888889,1,77,2318,,,0,,54,1,1,1
fl,2026,17,2026-W17,9,0,0.0,0.0,1,77,2318,,,0,,54,0,1,1
ga,2026,17,2026-W17,0,0,0.0,,0,77,2318,,,0,,54,0,1,1
gu,2026,17,2026-W17,0,0,0.0,,0,77,2318,,,0,,54,0,1,1
hi,2026,17,2026-W17,10,0,0.0,0.0,1,77,2318,,,0,,54,0,1,1
ia,2026,17,2026-W17,2,0,0.0,0.0,1,77,2318,,,0,,54,0,1,1
id,2026,17,2026-W17,4,0,0.0,0.0,1,77,2318,,,0,,54,0,1,1
il,2026,17,2026-W17,7,0,0.0,0.0,1,77,2318,,,0,,54,0,1,1
in,2026,17,2026-W17,0,0,0.0,,0,77,2318,,,0,,54,0,1,1
ks,2026,17,2026-W17,2,0,0.0,0.0,1,77,2318,,,0,,54,0,1,1
ky,2026,17,2026-W17,0,0,0.0,,0,77,2318,,,0,,54,0,1,1
la,2026,17,2026-W17,2,0,0.0,0.0,1,77,2318,,,0,,54,0,1,1
ma,2026,17,2026-W17,2,0,0.0,0.0,1,77,2318,,,0,,54,0,1,1
md,2026,17,2026-W17,11,0,0.0,0.0,1,77,2318,,,0,,54,0,1,1
me,2026,17,2026-W17,8,0,0.0,0.0,1,77,2318,,,0,,54,0,1,1
mi,2026,17,2026-W17,0,0,0.0,,0,77,2318,,,0,,54,0,1,1
mn,2026,17,2026-W17,0,0,0.0,,0,77,2318,,,0,,54,0,1,1
mo,2026,17,2026-W17,4,0,0.0,0.0,1,77,2318,,,0,,54,0,1,1
ms,2026,17,2026-W17,0,0,0.0,,0,77,2318,,,0,,54,0,1,1
mt,2026,17,2026-W17,4,0,0.0,0.0,1,77,2318,,,0,,54,0,1,1
nc,2026,17,2026-W17,35,0,0.0,24.261749411764708,1,77,2318,,,0,,54,0,1,1
ne,2026,17,2026-W17,0,0,0.0,,0,77,2318,,,0,,54,0,1,1
nh,2026,17,2026-W17,2,0,0.0,0.0,1,77,2318,,,0,,54,0,1,1
nj,2026,17,2026-W17,0,0,0.0,,0,77,2318,,,0,,54,0,1,1
nm,2026,17,2026-W17,1,0,0.0,0.0,1,77,2318,,,0,,54,0,1,1
nv,2026,17,2026-W17,7,0,0.0,0.0,1,77,2318,,,0,,54,0,1,1
ny,2026,17,2026-W17,40,0,0.0,256.4102564,1,77,2318,,,0,,54,0,1,1
oh,2026,17,2026-W17,0,0,0.0,,0,77,2318,,,0,,54,0,1,1
ok,2026,17,2026-W17,1,0,0.0,0.0,1,77,2318,,,0,,54,0,1,1
or,2026,17,2026-W17,25,0,0.0,0.0,1,77,2318,,,0,,54,0,1,1
pa,2026,17,2026-W17,30,0,0.0,0.0,1,77,2318,,,0,,54,0,1,1
ri,2026,17,2026-W17,5,0,0.0,0.0,1,77,2318,,,0,,54,0,1,1
sc,2026,17,2026-W17,19,2,0.06896551724137931,88.09400310344827,1,77,2318,,,0,,54,1,1,1
sd,2026,17,2026-W17,2,0,0.0,0.0,1,77,2318,,,0,,54,0,1,1
tn,2026,17,2026-W17,0,0,0.0,,0,77,2318,,,0,,54,0,1,1
tx,2026,17,2026-W17,61,0,0.0,0.0,1,77,2318,,,0,,54,0,1,1
ut,2026,17,2026-W17,2,0,0.0,115.25310999999999,1,77,2318,,,0,,54,0,1,1
va,2026,17,2026-W17,4,0,0.0,0.0,1,77,2318,,,0,,54,0,1,1
vt,2026,17,2026-W17,3,0,0.0,0.0,1,77,2318,,,0,,54,0,1,1
wa,2026,17,2026-W17,0,0,0.0,,0,77,2318,,,0,,54,0,1,1
wi,2026,17,2026-W17,41,0,0.0,0.0,1,77,2318,,,0,,54,0,1,1
wv,2026,17,2026-W17,0,0,0.0,,0,77,2318,,,0,,54,0,1,1
wy,2026,17,2026-W17,5,0,0.0,0.0,1,77,2318,,,0,,54,0,1,1
ak,2026,18,2026-W18,5,0,0.0,0.0,1,63,2318,,,0,,40,0,1,1
al,2026,18,2026-W18,1,0,0.0,0.0,1,63,2318,,,0,,40,0,1,1
ar,2026,18,2026-W18,6,0,0.0,0.0,1,63,2318,,,0,,40,0,1,1
ca,2026,18,2026-W18,64,0,0.0,0.0,1,63,2318,,,0,,40,0,1,1
co,2026,18,2026-W18,21,0,0.0,600.0,1,63,2318,,,0,,40,0,1,1
ct,2026,18,2026-W18,4,0,0.0,0.0,1,63,2318,,,0,,40,0,1,1
dc,2026,18,2026-W18,1,0,0.0,0.0,1,63,2318,,,0,,40,0,1,1
de,2026,18,2026-W18,8,0,0.0,83.875,1,63,2318,,,0,,40,0,1,1
fl,2026,18,2026-W18,9,0,0.0,0.0,1,63,2318,,,0,,40,0,1,1
ga,2026,18,2026-W18,0,0,0.0,,0,63,2318,,,0,,40,0,1,1
gu,2026,18,2026-W18,3,0,0.0,0.0,1,63,2318,,,0,,40,0,1,1
hi,2026,18,2026-W18,10,0,0.0,0.0,1,63,2318,,,0,,40,0,1,1
ia,2026,18,2026-W18,2,0,0.0,0.0,1,63,2318,,,0,,40,0,1,1
id,2026,18,2026-W18,4,0,0.0,0.0,1,63,2318,,,0,,40,0,1,1
il,2026,18,2026-W18,7,0,0.0,0.0,1,63,2318,,,0,,40,0,1,1
in,2026,18,2026-W18,0,0,0.0,,0,63,2318,,,0,,40,0,1,1
ks,2026,18,2026-W18,2,0,0.0,0.0,1,63,2318,,,0,,40,0,1,1
ky,2026,18,2026-W18,0,0,0.0,,0,63,2318,,,0,,40,0,1,1
la,2026,18,2026-W18,2,0,0.0,0.0,1,63,2318,,,0,,40,0,1,1
ma,2026,18,2026-W18,2,0,0.0,0.0,1,63,2318,,,0,,40,0,1,1
md,2026,18,2026-W18,10,0,0.0,0.0,1,63,2318,,,0,,40,0,1,1
me,2026,18,2026-W18,8,0,0.0,0.0,1,63,2318,,,0,,40,0,1,1
mi,2026,18,2026-W18,0,0,0.0,,0,63,2318,,,0,,40,0,1,1
mn,2026,18,2026-W18,0,0,0.0,,0,63,2318,,,0,,40,0,1,1
mo,2026,18,2026-W18,8,0,0.0,0.0,1,63,2318,,,0,,40,0,1,1
ms,2026,18,2026-W18,0,0,0.0,,0,63,2318,,,0,,40,0,1,1
mt,2026,18,2026-W18,4,0,0.0,0.0,1,63,2318,,,0,,40,0,1,1
nc,2026,18,2026-W18,35,0,0.0,0.0,1,63,2318,,,0,,40,0,1,1
ne,2026,18,2026-W18,0,0,0.0,,0,63,2318,,,0,,40,0,1,1
nh,2026,18,2026-W18,2,0,0.0,0.0,1,63,2318,,,0,,40,0,1,1
nj,2026,18,2026-W18,0,0,0.0,,0,63,2318,,,0,,40,0,1,1
nm,2026,18,2026-W18,2,0,0.0,0.0,1,63,2318,,,0,,40,0,1,1
nv,2026,18,2026-W18,7,0,0.0,0.0,1,63,2318,,,0,,40,0,1,1
ny,2026,18,2026-W18,42,0,0.0,996.0552269230769,1,63,2318,,,0,,40,0,1,1
oh,2026,18,2026-W18,0,0,0.0,,0,63,2318,,,0,,40,0,1,1
ok,2026,18,2026-W18,1,0,0.0,0.0,1,63,2318,,,0,,40,0,1,1
or,2026,18,2026-W18,28,0,0.0,0.0,1,63,2318,,,0,,40,0,1,1
pa,2026,18,2026-W18,30,0,0.0,25.016949152542374,1,63,2318,,,0,,40,0,1,1
ri,2026,18,2026-W18,5,0,0.0,0.0,1,63,2318,,,0,,40,0,1,1
sc,2026,18,2026-W18,16,0,0.0,73.11142481481481,1,63,2318,,,0,,40,0,1,1
sd,2026,18,2026-W18,2,0,0.0,0.0,1,63,2318,,,0,,40,0,1,1
tn,2026,18,2026-W18,0,0,0.0,,0,63,2318,,,0,,40,0,1,1
tx,2026,18,2026-W18,63,0,0.0,0.0,1,63,2318,,,0,,40,0,1,1
ut,2026,18,2026-W18,31,8,0.13559322033898305,422.74133322033896,1,63,2318,,,0,,40,1,1,1
va,2026,18,2026-W18,4,0,0.0,0.0,1,63,2318,,,0,,40,0,1,1
vt,2026,18,2026-W18,3,0,0.0,0.0,1,63,2318,,,0,,40,0,1,1
wa,2026,18,2026-W18,0,0,0.0,,0,63,2318,,,0,,40,0,1,1
wi,2026,18,2026-W18,42,0,0.0,1356.0714939759036,1,63,2318,,,0,,40,0,1,1
wv,2026,18,2026-W18,0,0,0.0,,0,63,2318,,,0,,40,0,1,1
wy,2026,18,2026-W18,5,0,0.0,0.0,1,63,2318,,,0,,40,0,1,1
ak,2026,19,2026-W19,6,0,0.0,0.0,1,71,2318,,,0,,55,0,1,1
al,2026,19,2026-W19,1,0,0.0,0.0,1,71,2318,,,0,,55,0,1,1
ar,2026,19,2026-W19,6,0,0.0,0.0,1,71,2318,,,0,,55,0,1,1
ca,2026,19,2026-W19,60,0,0.0,0.0,1,71,2318,,,0,,55,0,1,1
co,2026,19,2026-W19,21,0,0.0,600.0,1,71,2318,,,0,,55,0,1,1
ct,2026,19,2026-W19,4,0,0.0,0.0,1,71,2318,,,0,,55,0,1,1
dc,2026,19,2026-W19,1,0,0.0,0.0,1,71,2318,,,0,,55,0,1,1
de,2026,19,2026-W19,8,0,0.0,0.0,1,71,2318,,,0,,55,0,1,1
fl,2026,19,2026-W19,2,0,0.0,0.0,1,71,2318,,,0,,55,0,1,1
ga,2026,19,2026-W19,0,0,0.0,,0,71,2318,,,0,,55,0,1,1
gu,2026,19,2026-W19,3,0,0.0,0.0,1,71,2318,,,0,,55,0,1,1
hi,2026,19,2026-W19,8,0,0.0,0.0,1,71,2318,,,0,,55,0,1,1
ia,2026,19,2026-W19,2,0,0.0,0.0,1,71,2318,,,0,,55,0,1,1
id,2026,19,2026-W19,3,0,0.0,0.0,1,71,2318,,,0,,55,0,1,1
il,2026,19,2026-W19,7,0,0.0,0.0,1,71,2318,,,0,,55,0,1,1
in,2026,19,2026-W19,0,0,0.0,,0,71,2318,,,0,,55,0,1,1
ks,2026,19,2026-W19,2,0,0.0,0.0,1,71,2318,,,0,,55,0,1,1
ky,2026,19,2026-W19,0,0,0.0,,0,71,2318,,,0,,55,0,1,1
la,2026,19,2026-W19,0,0,0.0,,0,71,2318,,,0,,55,0,1,1
ma,2026,19,2026-W19,2,0,0.0,0.0,1,71,2318,,,0,,55,0,1,1
md,2026,19,2026-W19,11,0,0.0,0.0,1,71,2318,,,0,,55,0,1,1
me,2026,19,2026-W19,8,0,0.0,0.0,1,71,2318,,,0,,55,0,1,1
mi,2026,19,2026-W19,0,0,0.0,,0,71,2318,,,0,,55,0,1,1
mn,2026,19,2026-W19,0,0,0.0,,0,71,2318,,,0,,55,0,1,1
mo,2026,19,2026-W19,7,0,0.0,0.7746022222222222,1,71,2318,,,0,,55,0,1,1
ms,2026,19,2026-W19,0,0,0.0,,0,71,2318,,,0,,55,0,1,1
mt,2026,19,2026-W19,4,0,0.0,0.0,1,71,2318,,,0,,55,0,1,1
nc,2026,19,2026-W19,35,0,0.0,0.0,1,71,2318,,,0,,55,0,1,1
ne,2026,19,2026-W19,0,0,0.0,,0,71,2318,,,0,,55,0,1,1
nh,2026,19,2026-W19,1,0,0.0,0.0,1,71,2318,,,0,,55,0,1,1
nj,2026,19,2026-W19,0,0,0.0,,0,71,2318,,,0,,55,0,1,1
nm,2026,19,2026-W19,2,0,0.0,0.0,1,71,2318,,,0,,55,0,1,1
nv,2026,19,2026-W19,6,0,0.0,0.0,1,71,2318,,,0,,55,0,1,1
ny,2026,19,2026-W19,40,0,0.0,261.5384616,1,71,2318,,,0,,55,0,1,1
oh,2026,19,2026-W19,0,0,0.0,,0,71,2318,,,0,,55,0,1,1
ok,2026,19,2026-W19,1,0,0.0,0.0,1,71,2318,,,0,,55,0,1,1
or,2026,19,2026-W19,32,1,0.029411764705882353,155.06760617647058,1,71,2318,,,0,,55,1,1,1
pa,2026,19,2026-W19,30,0,0.0,17.612903225806452,1,71,2318,,,0,,55,0,1,1
ri,2026,19,2026-W19,5,0,0.0,0.0,1,71,2318,,,0,,55,0,1,1
sc,2026,19,2026-W19,19,0,0.0,45.41379310344828,1,71,2318,,,0,,55,0,1,1
sd,2026,19,2026-W19,2,0,0.0,0.0,1,71,2318,,,0,,55,0,1,1
tn,2026,19,2026-W19,0,0,0.0,,0,71,2318,,,0,,55,0,1,1
tx,2026,19,2026-W19,39,0,0.0,5.454673913043478,1,71,2318,,,0,,55,0,1,1
ut,2026,19,2026-W19,33,9,0.15,2009.2420323333333,1,71,2318,,,0,,55,1,1,1
va,2026,19,2026-W19,6,0,0.0,0.0,1,71,2318,,,0,,55,0,1,1
vt,2026,19,2026-W19,3,0,0.0,0.0,1,71,2318,,,0,,55,0,1,1
wa,2026,19,2026-W19,0,0,0.0,,0,71,2318,,,0,,55,0,1,1
wi,2026,19,2026-W19,41,0,0.0,1487.7078928571427,1,71,2318,,,0,,55,0,1,1
wv,2026,19,2026-W19,0,0,0.0,,0,71,2318,,,0,,55,0,1,1
wy,2026,19,2026-W19,5,0,0.0,0.0,1,71,2318,,,0,,55,0,1,1
ak,2026,20,2026-W20,6,0,0.0,0.0,1,39,2318,,,0,,50,0,1,1
al,2026,20,2026-W20,1,0,0.0,0.0,1,39,2318,,,0,,50,0,1,1
ar,2026,20,2026-W20,6,0,0.0,0.0,1,39,2318,,,0,,50,0,1,1
ca,2026,20,2026-W20,54,0,0.0,0.0,1,39,2318,,,0,,50,0,1,1
co,2026,20,2026-W20,20,0,0.0,600.0,1,39,2318,,,0,,50,0,1,1
ct,2026,20,2026-W20,4,0,0.0,0.0,1,39,2318,,,0,,50,0,1,1
dc,2026,20,2026-W20,1,0,0.0,0.0,1,39,2318,,,0,,50,0,1,1
de,2026,20,2026-W20,8,1,0.0625,431.25,1,39,2318,,,0,,50,1,1,1
fl,2026,20,2026-W20,2,0,0.0,0.0,1,39,2318,,,0,,50,0,1,1
ga,2026,20,2026-W20,0,0,0.0,,0,39,2318,,,0,,50,0,1,1
gu,2026,20,2026-W20,3,0,0.0,0.0,1,39,2318,,,0,,50,0,1,1
hi,2026,20,2026-W20,5,0,0.0,0.0,1,39,2318,,,0,,50,0,1,1
ia,2026,20,2026-W20,2,0,0.0,0.0,1,39,2318,,,0,,50,0,1,1
id,2026,20,2026-W20,3,0,0.0,0.0,1,39,2318,,,0,,50,0,1,1
il,2026,20,2026-W20,0,0,0.0,,0,39,2318,,,0,,50,0,1,1
in,2026,20,2026-W20,0,0,0.0,,0,39,2318,,,0,,50,0,1,1
ks,2026,20,2026-W20,2,0,0.0,0.0,1,39,2318,,,0,,50,0,1,1
ky,2026,20,2026-W20,0,0,0.0,,0,39,2318,,,0,,50,0,1,1
la,2026,20,2026-W20,0,0,0.0,,0,39,2318,,,0,,50,0,1,1
ma,2026,20,2026-W20,1,0,0.0,0.0,1,39,2318,,,0,,50,0,1,1
md,2026,20,2026-W20,11,0,0.0,0.0,1,39,2318,,,0,,50,0,1,1
me,2026,20,2026-W20,8,0,0.0,0.0,1,39,2318,,,0,,50,0,1,1
mi,2026,20,2026-W20,0,0,0.0,,0,39,2318,,,0,,50,0,1,1
mn,2026,20,2026-W20,0,0,0.0,,0,39,2318,,,0,,50,0,1,1
mo,2026,20,2026-W20,10,0,0.0,0.23644800000000002,1,39,2318,,,0,,50,0,1,1
ms,2026,20,2026-W20,0,0,0.0,,0,39,2318,,,0,,50,0,1,1
mt,2026,20,2026-W20,4,0,0.0,0.0,1,39,2318,,,0,,50,0,1,1
nc,2026,20,2026-W20,34,0,0.0,0.0,1,39,2318,,,0,,50,0,1,1
ne,2026,20,2026-W20,0,0,0.0,,0,39,2318,,,0,,50,0,1,1
nh,2026,20,2026-W20,2,0,0.0,0.0,1,39,2318,,,0,,50,0,1,1
nj,2026,20,2026-W20,0,0,0.0,,0,39,2318,,,0,,50,0,1,1
nm,2026,20,2026-W20,2,0,0.0,0.0,1,39,2318,,,0,,50,0,1,1
nv,2026,20,2026-W20,6,0,0.0,0.0,1,39,2318,,,0,,50,0,1,1
ny,2026,20,2026-W20,41,0,0.0,940.17094,1,39,2318,,,0,,50,0,1,1
oh,2026,20,2026-W20,0,0,0.0,,0,39,2318,,,0,,50,0,1,1
ok,2026,20,2026-W20,1,0,0.0,0.0,1,39,2318,,,0,,50,0,1,1
or,2026,20,2026-W20,33,1,0.030303030303030304,131.66976484848485,1,39,2318,,,0,,50,1,1,1
pa,2026,20,2026-W20,30,1,0.016129032258064516,74.51612903225806,1,39,2318,,,0,,50,1,1,1
ri,2026,20,2026-W20,5,0,0.0,0.0,1,39,2318,,,0,,50,0,1,1
sc,2026,20,2026-W20,17,0,0.0,60.689655172413794,1,39,2318,,,0,,50,0,1,1
sd,2026,20,2026-W20,2,0,0.0,0.0,1,39,2318,,,0,,50,0,1,1
tn,2026,20,2026-W20,0,0,0.0,,0,39,2318,,,0,,50,0,1,1
tx,2026,20,2026-W20,36,0,0.0,0.0,1,39,2318,,,0,,50,0,1,1
ut,2026,20,2026-W20,33,11,0.1746031746031746,2809.181353333333,1,39,2318,,,0,,50,1,1,1
va,2026,20,2026-W20,31,0,0.0,29.529411764705884,1,39,2318,,,0,,50,0,1,1
vt,2026,20,2026-W20,3,0,0.0,0.0,1,39,2318,,,0,,50,0,1,1
wa,2026,20,2026-W20,0,0,0.0,,0,39,2318,,,0,,50,0,1,1
wi,2026,20,2026-W20,3,0,0.0,0.0,1,39,2318,,,0,,50,0,1,1
wv,2026,20,2026-W20,0,0,0.0,,0,39,2318,,,0,,50,0,1,1
wy,2026,20,2026-W20,5,0,0.0,0.0,1,39,2318,,,0,,50,0,1,1
ak,2026,21,2026-W21,6,0,0.0,0.0,1,37,2318,,,0,,82,0,1,1
al,2026,21,2026-W21,1,0,0.0,0.0,1,37,2318,,,0,,82,0,1,1
ar,2026,21,2026-W21,6,0,0.0,0.0,1,37,2318,,,0,,82,0,1,1
ca,2026,21,2026-W21,60,1,0.007142857142857143,35.262517714285714,1,37,2318,,,0,,82,1,1,1
co,2026,21,2026-W21,21,0,0.0,600.0,1,37,2318,,,0,,82,0,1,1
ct,2026,21,2026-W21,4,0,0.0,0.0,1,37,2318,,,0,,82,0,1,1
dc,2026,21,2026-W21,1,0,0.0,0.0,1,37,2318,,,0,,82,0,1,1
de,2026,21,2026-W21,8,0,0.0,126.9090909090909,1,37,2318,,,0,,82,0,1,1
fl,2026,21,2026-W21,2,0,0.0,0.0,1,37,2318,,,0,,82,0,1,1
ga,2026,21,2026-W21,0,0,0.0,,0,37,2318,,,0,,82,0,1,1
gu,2026,21,2026-W21,3,0,0.0,0.0,1,37,2318,,,0,,82,0,1,1
hi,2026,21,2026-W21,8,0,0.0,0.0,1,37,2318,,,0,,82,0,1,1
ia,2026,21,2026-W21,2,0,0.0,0.0,1,37,2318,,,0,,82,0,1,1
id,2026,21,2026-W21,2,0,0.0,0.0,1,37,2318,,,0,,82,0,1,1
il,2026,21,2026-W21,0,0,0.0,,0,37,2318,,,0,,82,0,1,1
in,2026,21,2026-W21,0,0,0.0,,0,37,2318,,,0,,82,0,1,1
ks,2026,21,2026-W21,2,0,0.0,0.0,1,37,2318,,,0,,82,0,1,1
ky,2026,21,2026-W21,0,0,0.0,,0,37,2318,,,0,,82,0,1,1
la,2026,21,2026-W21,0,0,0.0,,0,37,2318,,,0,,82,0,1,1
ma,2026,21,2026-W21,1,0,0.0,0.0,1,37,2318,,,0,,82,0,1,1
md,2026,21,2026-W21,11,0,0.0,0.0,1,37,2318,,,0,,82,0,1,1
me,2026,21,2026-W21,8,0,0.0,0.0,1,37,2318,,,0,,82,0,1,1
mi,2026,21,2026-W21,0,0,0.0,,0,37,2318,,,0,,82,0,1,1
mn,2026,21,2026-W21,0,0,0.0,,0,37,2318,,,0,,82,0,1,1
mo,2026,21,2026-W21,3,0,0.0,0.0,1,37,2318,,,0,,82,0,1,1
ms,2026,21,2026-W21,0,0,0.0,,0,37,2318,,,0,,82,0,1,1
mt,2026,21,2026-W21,4,0,0.0,0.0,1,37,2318,,,0,,82,0,1,1
nc,2026,21,2026-W21,33,0,0.0,0.0,1,37,2318,,,0,,82,0,1,1
ne,2026,21,2026-W21,0,0,0.0,,0,37,2318,,,0,,82,0,1,1
nh,2026,21,2026-W21,2,0,0.0,0.0,1,37,2318,,,0,,82,0,1,1
nj,2026,21,2026-W21,0,0,0.0,,0,37,2318,,,0,,82,0,1,1
nm,2026,21,2026-W21,2,0,0.0,0.0,1,37,2318,,,0,,82,0,1,1
nv,2026,21,2026-W21,6,0,0.0,0.0,1,37,2318,,,0,,82,0,1,1
ny,2026,21,2026-W21,38,0,0.0,261.43790843137253,1,37,2318,,,0,,82,0,1,1
oh,2026,21,2026-W21,0,0,0.0,,0,37,2318,,,0,,82,0,1,1
ok,2026,21,2026-W21,1,0,0.0,0.0,1,37,2318,,,0,,82,0,1,1
or,2026,21,2026-W21,26,0,0.0,0.0,1,37,2318,,,0,,82,0,1,1
pa,2026,21,2026-W21,30,0,0.0,66.71842105263158,1,37,2318,,,0,,82,0,1,1
ri,2026,21,2026-W21,5,0,0.0,0.0,1,37,2318,,,0,,82,0,1,1
sc,2026,21,2026-W21,17,0,0.0,74.72413793103448,1,37,2318,,,0,,82,0,1,1
sd,2026,21,2026-W21,2,0,0.0,0.0,1,37,2318,,,0,,82,0,1,1
tn,2026,21,2026-W21,0,0,0.0,,0,37,2318,,,0,,82,0,1,1
tx,2026,21,2026-W21,38,0,0.0,0.0,1,37,2318,,,0,,82,0,1,1
ut,2026,21,2026-W21,33,11,0.1774193548387097,5746.373365967742,1,37,2318,,,0,,82,1,1,1
va,2026,21,2026-W21,31,0,0.0,29.823529411764707,1,37,2318,,,0,,82,0,1,1
vt,2026,21,2026-W21,3,0,0.0,0.0,1,37,2318,,,0,,82,0,1,1
wa,2026,21,2026-W21,0,0,0.0,,0,37,2318,,,0,,82,0,1,1
wi,2026,21,2026-W21,3,0,0.0,0.0,1,37,2318,,,0,,82,0,1,1
wv,2026,21,2026-W21,0,0,0.0,,0,37,2318,,,0,,82,0,1,1
wy,2026,21,2026-W21,5,0,0.0,0.0,1,37,2318,,,0,,82,0,1,1
ak,2026,22,2026-W22,6,0,0.0,0.0,1,43,2318,,,0,,75,0,1,1
al,2026,22,2026-W22,1,0,0.0,0.0,1,43,2318,,,0,,75,0,1,1
ar,2026,22,2026-W22,5,0,0.0,0.0,1,43,2318,,,0,,75,0,1,1
ca,2026,22,2026-W22,61,2,0.013888888888888888,82.7648307638889,1,43,2318,,,0,,75,1,1,1
co,2026,22,2026-W22,20,0,0.0,600.0,1,43,2318,,,0,,75,0,1,1
ct,2026,22,2026-W22,4,0,0.0,0.0,1,43,2318,,,0,,75,0,1,1
dc,2026,22,2026-W22,1,0,0.0,0.0,1,43,2318,,,0,,75,0,1,1
de,2026,22,2026-W22,8,0,0.0,68.45,1,43,2318,,,0,,75,0,1,1
fl,2026,22,2026-W22,2,0,0.0,0.0,1,43,2318,,,0,,75,0,1,1
ga,2026,22,2026-W22,0,0,0.0,,0,43,2318,,,0,,75,0,1,1
gu,2026,22,2026-W22,3,0,0.0,0.0,1,43,2318,,,0,,75,0,1,1
hi,2026,22,2026-W22,8,0,0.0,0.0,1,43,2318,,,0,,75,0,1,1
ia,2026,22,2026-W22,2,0,0.0,0.0,1,43,2318,,,0,,75,0,1,1
id,2026,22,2026-W22,2,0,0.0,0.0,1,43,2318,,,0,,75,0,1,1
il,2026,22,2026-W22,7,0,0.0,0.0,1,43,2318,,,0,,75,0,1,1
in,2026,22,2026-W22,0,0,0.0,,0,43,2318,,,0,,75,0,1,1
ks,2026,22,2026-W22,2,0,0.0,0.0,1,43,2318,,,0,,75,0,1,1
ky,2026,22,2026-W22,0,0,0.0,,0,43,2318,,,0,,75,0,1,1
la,2026,22,2026-W22,0,0,0.0,,0,43,2318,,,0,,75,0,1,1
ma,2026,22,2026-W22,3,0,0.0,0.0,1,43,2318,,,0,,75,0,1,1
md,2026,22,2026-W22,10,0,0.0,0.0,1,43,2318,,,0,,75,0,1,1
me,2026,22,2026-W22,8,0,0.0,0.0,1,43,2318,,,0,,75,0,1,1
mi,2026,22,2026-W22,0,0,0.0,,0,43,2318,,,0,,75,0,1,1
mn,2026,22,2026-W22,0,0,0.0,,0,43,2318,,,0,,75,0,1,1
mo,2026,22,2026-W22,10,0,0.0,1.8509833333333334,1,43,2318,,,0,,75,0,1,1
ms,2026,22,2026-W22,0,0,0.0,,0,43,2318,,,0,,75,0,1,1
mt,2026,22,2026-W22,4,0,0.0,0.0,1,43,2318,,,0,,75,0,1,1
nc,2026,22,2026-W22,35,0,0.0,0.0,1,43,2318,,,0,,75,0,1,1
ne,2026,22,2026-W22,0,0,0.0,,0,43,2318,,,0,,75,0,1,1
nh,2026,22,2026-W22,3,0,0.0,0.0,1,43,2318,,,0,,75,0,1,1
nj,2026,22,2026-W22,0,0,0.0,,0,43,2318,,,0,,75,0,1,1
nm,2026,22,2026-W22,2,0,0.0,0.0,1,43,2318,,,0,,75,0,1,1
nv,2026,22,2026-W22,6,0,0.0,0.0,1,43,2318,,,0,,75,0,1,1
ny,2026,22,2026-W22,40,0,0.0,251.3826043137255,1,43,2318,,,0,,75,0,1,1
oh,2026,22,2026-W22,0,0,0.0,,0,43,2318,,,0,,75,0,1,1
ok,2026,22,2026-W22,1,0,0.0,0.0,1,43,2318,,,0,,75,0,1,1
or,2026,22,2026-W22,31,0,0.0,0.0,1,43,2318,,,0,,75,0,1,1
pa,2026,22,2026-W22,30,0,0.0,18.35241935483871,1,43,2318,,,0,,75,0,1,1
ri,2026,22,2026-W22,7,0,0.0,0.0,1,43,2318,,,0,,75,0,1,1
sc,2026,22,2026-W22,16,0,0.0,70.24,1,43,2318,,,0,,75,0,1,1
sd,2026,22,2026-W22,2,0,0.0,0.0,1,43,2318,,,0,,75,0,1,1
tn,2026,22,2026-W22,0,0,0.0,,0,43,2318,,,0,,75,0,1,1
tx,2026,22,2026-W22,33,0,0.0,0.0,1,43,2318,,,0,,75,0,1,1
ut,2026,22,2026-W22,31,3,0.09375,323.064016875,1,43,2318,,,0,,75,1,1,1
va,2026,22,2026-W22,30,0,0.0,0.0,1,43,2318,,,0,,75,0,1,1
vt,2026,22,2026-W22,3,0,0.0,0.0,1,43,2318,,,0,,75,0,1,1
wa,2026,22,2026-W22,0,0,0.0,,0,43,2318,,,0,,75,0,1,1
wi,2026,22,2026-W22,3,0,0.0,0.0,1,43,2318,,,0,,75,0,1,1
wv,2026,22,2026-W22,0,0,0.0,,0,43,2318,,,0,,75,0,1,1
wy,2026,22,2026-W22,5,0,0.0,0.0,1,43,2318,,,0,,75,0,1,1
ak,2026,23,2026-W23,6,0,0.0,0.0,1,39,2318,,,0,,74,0,1,1
al,2026,23,2026-W23,1,0,0.0,0.0,1,39,2318,,,0,,74,0,1,1
ar,2026,23,2026-W23,5,0,0.0,0.0,1,39,2318,,,0,,74,0,1,1
ca,2026,23,2026-W23,61,0,0.0,0.0,1,39,2318,,,0,,74,0,1,1
co,2026,23,2026-W23,19,0,0.0,600.0,1,39,2318,,,0,,74,0,1,1
ct,2026,23,2026-W23,4,0,0.0,0.0,1,39,2318,,,0,,74,0,1,1
dc,2026,23,2026-W23,1,0,0.0,0.0,1,39,2318,,,0,,74,0,1,1
de,2026,23,2026-W23,8,0,0.0,267.0,1,39,2318,,,0,,74,0,1,1
fl,2026,23,2026-W23,2,0,0.0,0.0,1,39,2318,,,0,,74,0,1,1
ga,2026,23,2026-W23,0,0,0.0,,0,39,2318,,,0,,74,0,1,1
gu,2026,23,2026-W23,3,0,0.0,0.0,1,39,2318,,,0,,74,0,1,1
hi,2026,23,2026-W23,7,0,0.0,0.0,1,39,2318,,,0,,74,0,1,1
ia,2026,23,2026-W23,2,0,0.0,0.0,1,39,2318,,,0,,74,0,1,1
id,2026,23,2026-W23,2,0,0.0,0.0,1,39,2318,,,0,,74,0,1,1
il,2026,23,2026-W23,7,0,0.0,0.0,1,39,2318,,,0,,74,0,1,1
in,2026,23,2026-W23,0,0,0.0,,0,39,2318,,,0,,74,0,1,1
ks,2026,23,2026-W23,2,0,0.0,0.0,1,39,2318,,,0,,74,0,1,1
ky,2026,23,2026-W23,0,0,0.0,,0,39,2318,,,0,,74,0,1,1
la,2026,23,2026-W23,0,0,0.0,,0,39,2318,,,0,,74,0,1,1
ma,2026,23,2026-W23,3,0,0.0,64.8,1,39,2318,,,0,,74,0,1,1
md,2026,23,2026-W23,10,0,0.0,0.0,1,39,2318,,,0,,74,0,1,1
me,2026,23,2026-W23,8,0,0.0,0.0,1,39,2318,,,0,,74,0,1,1
mi,2026,23,2026-W23,0,0,0.0,,0,39,2318,,,0,,74,0,1,1
mn,2026,23,2026-W23,0,0,0.0,,0,39,2318,,,0,,74,0,1,1
mo,2026,23,2026-W23,8,0,0.0,0.39566333333333337,1,39,2318,,,0,,74,0,1,1
ms,2026,23,2026-W23,0,0,0.0,,0,39,2318,,,0,,74,0,1,1
mt,2026,23,2026-W23,4,0,0.0,0.0,1,39,2318,,,0,,74,0,1,1
nc,2026,23,2026-W23,34,0,0.0,0.0,1,39,2318,,,0,,74,0,1,1
ne,2026,23,2026-W23,0,0,0.0,,0,39,2318,,,0,,74,0,1,1
nh,2026,23,2026-W23,3,0,0.0,0.0,1,39,2318,,,0,,74,0,1,1
nj,2026,23,2026-W23,0,0,0.0,,0,39,2318,,,0,,74,0,1,1
nm,2026,23,2026-W23,2,0,0.0,0.0,1,39,2318,,,0,,74,0,1,1
nv,2026,23,2026-W23,6,0,0.0,0.0,1,39,2318,,,0,,74,0,1,1
ny,2026,23,2026-W23,36,0,0.0,0.0,1,39,2318,,,0,,74,0,1,1
oh,2026,23,2026-W23,0,0,0.0,,0,39,2318,,,0,,74,0,1,1
ok,2026,23,2026-W23,1,0,0.0,0.0,1,39,2318,,,0,,74,0,1,1
or,2026,23,2026-W23,26,0,0.0,0.0,1,39,2318,,,0,,74,0,1,1
pa,2026,23,2026-W23,30,0,0.0,20.900000000000002,1,39,2318,,,0,,74,0,1,1
ri,2026,23,2026-W23,11,0,0.0,0.0,1,39,2318,,,0,,74,0,1,1
sc,2026,23,2026-W23,17,0,0.0,86.17857142857143,1,39,2318,,,0,,74,0,1,1
sd,2026,23,2026-W23,2,0,0.0,0.0,1,39,2318,,,0,,74,0,1,1
tn,2026,23,2026-W23,0,0,0.0,,0,39,2318,,,0,,74,0,1,1
tx,2026,23,2026-W23,35,0,0.0,0.0,1,39,2318,,,0,,74,0,1,1
ut,2026,23,2026-W23,32,3,0.05172413793103448,1734.4822584482758,1,39,2318,,,0,,74,1,1,1
va,2026,23,2026-W23,32,0,0.0,0.0,1,39,2318,,,0,,74,0,1,1
vt,2026,23,2026-W23,3,0,0.0,0.0,1,39,2318,,,0,,74,0,1,1
wa,2026,23,2026-W23,0,0,0.0,,0,39,2318,,,0,,74,0,1,1
wi,2026,23,2026-W23,3,0,0.0,1404.896,1,39,2318,,,0,,74,0,1,1
wv,2026,23,2026-W23,0,0,0.0,,0,39,2318,,,0,,74,0,1,1
wy,2026,23,2026-W23,5,0,0.0,0.0,1,39,2318,,,0,,74,0,1,1
ak,2026,24,2026-W24,6,0,0.0,0.0,1,33,2318,,,0,,84,0,1,1
al,2026,24,2026-W24,1,0,0.0,0.0,1,33,2318,,,0,,84,0,1,1
ar,2026,24,2026-W24,5,0,0.0,0.0,1,33,2318,,,0,,84,0,1,1
ca,2026,24,2026-W24,60,1,0.007142857142857143,111.14052135714284,1,33,2318,,,0,,84,1,1,1
co,2026,24,2026-W24,20,0,0.0,600.0,1,33,2318,,,0,,84,0,1,1
ct,2026,24,2026-W24,3,0,0.0,0.0,1,33,2318,,,0,,84,0,1,1
dc,2026,24,2026-W24,1,0,0.0,0.0,1,33,2318,,,0,,84,0,1,1
de,2026,24,2026-W24,8,0,0.0,94.93333333333334,1,33,2318,,,0,,84,0,1,1
fl,2026,24,2026-W24,2,0,0.0,0.0,1,33,2318,,,0,,84,0,1,1
ga,2026,24,2026-W24,0,0,0.0,,0,33,2318,,,0,,84,0,1,1
gu,2026,24,2026-W24,3,0,0.0,0.0,1,33,2318,,,0,,84,0,1,1
hi,2026,24,2026-W24,8,0,0.0,0.0,1,33,2318,,,0,,84,0,1,1
ia,2026,24,2026-W24,2,0,0.0,0.0,1,33,2318,,,0,,84,0,1,1
id,2026,24,2026-W24,2,0,0.0,0.0,1,33,2318,,,0,,84,0,1,1
il,2026,24,2026-W24,0,0,0.0,,0,33,2318,,,0,,84,0,1,1
in,2026,24,2026-W24,0,0,0.0,,0,33,2318,,,0,,84,0,1,1
ks,2026,24,2026-W24,2,0,0.0,0.0,1,33,2318,,,0,,84,0,1,1
ky,2026,24,2026-W24,0,0,0.0,,0,33,2318,,,0,,84,0,1,1
la,2026,24,2026-W24,0,0,0.0,,0,33,2318,,,0,,84,0,1,1
ma,2026,24,2026-W24,3,0,0.0,0.0,1,33,2318,,,0,,84,0,1,1
md,2026,24,2026-W24,10,0,0.0,0.0,1,33,2318,,,0,,84,0,1,1
me,2026,24,2026-W24,8,0,0.0,0.0,1,33,2318,,,0,,84,0,1,1
mi,2026,24,2026-W24,0,0,0.0,,0,33,2318,,,0,,84,0,1,1
mn,2026,24,2026-W24,0,0,0.0,,0,33,2318,,,0,,84,0,1,1
mo,2026,24,2026-W24,10,0,0.0,0.0,1,33,2318,,,0,,84,0,1,1
ms,2026,24,2026-W24,0,0,0.0,,0,33,2318,,,0,,84,0,1,1
mt,2026,24,2026-W24,4,0,0.0,0.0,1,33,2318,,,0,,84,0,1,1
nc,2026,24,2026-W24,35,0,0.0,0.0,1,33,2318,,,0,,84,0,1,1
ne,2026,24,2026-W24,0,0,0.0,,0,33,2318,,,0,,84,0,1,1
nh,2026,24,2026-W24,3,0,0.0,0.0,1,33,2318,,,0,,84,0,1,1
nj,2026,24,2026-W24,0,0,0.0,,0,33,2318,,,0,,84,0,1,1
nm,2026,24,2026-W24,2,0,0.0,0.0,1,33,2318,,,0,,84,0,1,1
nv,2026,24,2026-W24,6,0,0.0,0.0,1,33,2318,,,0,,84,0,1,1
ny,2026,24,2026-W24,41,0,0.0,0.0,1,33,2318,,,0,,84,0,1,1
oh,2026,24,2026-W24,0,0,0.0,,0,33,2318,,,0,,84,0,1,1
ok,2026,24,2026-W24,1,0,0.0,0.0,1,33,2318,,,0,,84,0,1,1
or,2026,24,2026-W24,9,0,0.0,0.0,1,33,2318,,,0,,84,0,1,1
pa,2026,24,2026-W24,31,0,0.0,31.725,1,33,2318,,,0,,84,0,1,1
ri,2026,24,2026-W24,11,0,0.0,0.0,1,33,2318,,,0,,84,0,1,1
sc,2026,24,2026-W24,17,0,0.0,54.857142857142854,1,33,2318,,,0,,84,0,1,1
sd,2026,24,2026-W24,2,0,0.0,0.0,1,33,2318,,,0,,84,0,1,1
tn,2026,24,2026-W24,0,0,0.0,,0,33,2318,,,0,,84,0,1,1
tx,2026,24,2026-W24,36,0,0.0,0.0,1,33,2318,,,0,,84,0,1,1
ut,2026,24,2026-W24,31,8,0.13114754098360656,723.9507299999999,1,33,2318,,,0,,84,1,1,1
va,2026,24,2026-W24,31,0,0.0,0.0,1,33,2318,,,0,,84,0,1,1
vt,2026,24,2026-W24,3,0,0.0,0.0,1,33,2318,,,0,,84,0,1,1
wa,2026,24,2026-W24,0,0,0.0,,0,33,2318,,,0,,84,0,1,1
wi,2026,24,2026-W24,3,0,0.0,0.0,1,33,2318,,,0,,84,0,1,1
wv,2026,24,2026-W24,0,0,0.0,,0,33,2318,,,0,,84,0,1,1
wy,2026,24,2026-W24,5,0,0.0,0.0,1,33,2318,,,0,,84,0,1,1
ak,2026,25,2026-W25,6,0,0.0,0.0,1,34,2318,,,0,,62,0,1,1
al,2026,25,2026-W25,1,0,0.0,0.0,1,34,2318,,,0,,62,0,1,1
ar,2026,25,2026-W25,5,0,0.0,0.0,1,34,2318,,,0,,62,0,1,1
ca,2026,25,2026-W25,60,2,0.013605442176870748,70.26495197278912,1,34,2318,,,0,,62,1,1,1
co,2026,25,2026-W25,20,0,0.0,600.0,1,34,2318,,,0,,62,0,1,1
ct,2026,25,2026-W25,3,0,0.0,0.0,1,34,2318,,,0,,62,0,1,1
dc,2026,25,2026-W25,1,0,0.0,0.0,1,34,2318,,,0,,62,0,1,1
de,2026,25,2026-W25,8,0,0.0,0.0,1,34,2318,,,0,,62,0,1,1
fl,2026,25,2026-W25,2,0,0.0,0.0,1,34,2318,,,0,,62,0,1,1
ga,2026,25,2026-W25,0,0,0.0,,0,34,2318,,,0,,62,0,1,1
gu,2026,25,2026-W25,3,0,0.0,0.0,1,34,2318,,,0,,62,0,1,1
hi,2026,25,2026-W25,8,0,0.0,0.0,1,34,2318,,,0,,62,0,1,1
ia,2026,25,2026-W25,2,0,0.0,0.0,1,34,2318,,,0,,62,0,1,1
id,2026,25,2026-W25,2,0,0.0,0.0,1,34,2318,,,0,,62,0,1,1
il,2026,25,2026-W25,3,0,0.0,0.0,1,34,2318,,,0,,62,0,1,1
in,2026,25,2026-W25,0,0,0.0,,0,34,2318,,,0,,62,0,1,1
ks,2026,25,2026-W25,2,0,0.0,0.0,1,34,2318,,,0,,62,0,1,1
ky,2026,25,2026-W25,0,0,0.0,,0,34,2318,,,0,,62,0,1,1
la,2026,25,2026-W25,0,0,0.0,,0,34,2318,,,0,,62,0,1,1
ma,2026,25,2026-W25,3,1,0.3333333333333333,3747.0,1,34,2318,,,0,,62,1,1,1
md,2026,25,2026-W25,10,0,0.0,0.0,1,34,2318,,,0,,62,0,1,1
me,2026,25,2026-W25,8,0,0.0,0.0,1,34,2318,,,0,,62,0,1,1
mi,2026,25,2026-W25,0,0,0.0,,0,34,2318,,,0,,62,0,1,1
mn,2026,25,2026-W25,0,0,0.0,,0,34,2318,,,0,,62,0,1,1
mo,2026,25,2026-W25,8,0,0.0,0.0,1,34,2318,,,0,,62,0,1,1
ms,2026,25,2026-W25,0,0,0.0,,0,34,2318,,,0,,62,0,1,1
mt,2026,25,2026-W25,4,0,0.0,0.0,1,34,2318,,,0,,62,0,1,1
nc,2026,25,2026-W25,34,0,0.0,0.0,1,34,2318,,,0,,62,0,1,1
ne,2026,25,2026-W25,0,0,0.0,,0,34,2318,,,0,,62,0,1,1
nh,2026,25,2026-W25,3,0,0.0,0.0,1,34,2318,,,0,,62,0,1,1
nj,2026,25,2026-W25,0,0,0.0,,0,34,2318,,,0,,62,0,1,1
nm,2026,25,2026-W25,2,0,0.0,0.0,1,34,2318,,,0,,62,0,1,1
nv,2026,25,2026-W25,6,0,0.0,0.0,1,34,2318,,,0,,62,0,1,1
ny,2026,25,2026-W25,42,0,0.0,276.52086470588233,1,34,2318,,,0,,62,0,1,1
oh,2026,25,2026-W25,0,0,0.0,,0,34,2318,,,0,,62,0,1,1
ok,2026,25,2026-W25,1,0,0.0,0.0,1,34,2318,,,0,,62,0,1,1
or,2026,25,2026-W25,27,0,0.0,0.0,1,34,2318,,,0,,62,0,1,1
pa,2026,25,2026-W25,30,0,0.0,20.921311475409837,1,34,2318,,,0,,62,0,1,1
ri,2026,25,2026-W25,11,0,0.0,0.0,1,34,2318,,,0,,62,0,1,1
sc,2026,25,2026-W25,14,0,0.0,83.08,1,34,2318,,,0,,62,0,1,1
sd,2026,25,2026-W25,2,0,0.0,0.0,1,34,2318,,,0,,62,0,1,1
tn,2026,25,2026-W25,0,0,0.0,,0,34,2318,,,0,,62,0,1,1
tx,2026,25,2026-W25,35,0,0.0,8.106696428571428,1,34,2318,,,0,,62,0,1,1
ut,2026,25,2026-W25,31,2,0.0625,1862.24013375,1,34,2318,,,0,,62,1,1,1
va,2026,25,2026-W25,30,0,0.0,0.0,1,34,2318,,,0,,62,0,1,1
vt,2026,25,2026-W25,3,0,0.0,0.0,1,34,2318,,,0,,62,0,1,1
wa,2026,25,2026-W25,0,0,0.0,,0,34,2318,,,0,,62,0,1,1
wi,2026,25,2026-W25,3,0,0.0,0.0,1,34,2318,,,0,,62,0,1,1
wv,2026,25,2026-W25,0,0,0.0,,0,34,2318,,,0,,62,0,1,1
wy,2026,25,2026-W25,5,0,0.0,0.0,1,34,2318,,,0,,62,0,1,1
ak,2026,26,2026-W26,6,0,0.0,0.0,1,44,2318,,,0,,51,0,1,1
al,2026,26,2026-W26,1,0,0.0,0.0,1,44,2318,,,0,,51,0,1,1
ar,2026,26,2026-W26,5,0,0.0,0.0,1,44,2318,,,0,,51,0,1,1
ca,2026,26,2026-W26,61,5,0.03424657534246575,206.70527842465754,1,44,2318,,,0,,51,1,1,1
co,2026,26,2026-W26,21,0,0.0,600.0,1,44,2318,,,0,,51,0,1,1
ct,2026,26,2026-W26,3,0,0.0,0.0,1,44,2318,,,0,,51,0,1,1
dc,2026,26,2026-W26,1,0,0.0,0.0,1,44,2318,,,0,,51,0,1,1
de,2026,26,2026-W26,8,0,0.0,0.0,1,44,2318,,,0,,51,0,1,1
fl,2026,26,2026-W26,2,0,0.0,0.0,1,44,2318,,,0,,51,0,1,1
ga,2026,26,2026-W26,0,0,0.0,,0,44,2318,,,0,,51,0,1,1
gu,2026,26,2026-W26,3,0,0.0,0.0,1,44,2318,,,0,,51,0,1,1
hi,2026,26,2026-W26,7,0,0.0,0.0,1,44,2318,,,0,,51,0,1,1
ia,2026,26,2026-W26,2,0,0.0,0.0,1,44,2318,,,0,,51,0,1,1
id,2026,26,2026-W26,2,0,0.0,0.0,1,44,2318,,,0,,51,0,1,1
il,2026,26,2026-W26,0,0,0.0,,0,44,2318,,,0,,51,0,1,1
in,2026,26,2026-W26,0,0,0.0,,0,44,2318,,,0,,51,0,1,1
ks,2026,26,2026-W26,2,0,0.0,0.0,1,44,2318,,,0,,51,0,1,1
ky,2026,26,2026-W26,0,0,0.0,,0,44,2318,,,0,,51,0,1,1
la,2026,26,2026-W26,0,0,0.0,,0,44,2318,,,0,,51,0,1,1
ma,2026,26,2026-W26,3,0,0.0,0.0,1,44,2318,,,0,,51,0,1,1
md,2026,26,2026-W26,10,0,0.0,0.0,1,44,2318,,,0,,51,0,1,1
me,2026,26,2026-W26,8,0,0.0,0.0,1,44,2318,,,0,,51,0,1,1
mi,2026,26,2026-W26,0,0,0.0,,0,44,2318,,,0,,51,0,1,1
mn,2026,26,2026-W26,0,0,0.0,,0,44,2318,,,0,,51,0,1,1
mo,2026,26,2026-W26,10,0,0.0,0.0,1,44,2318,,,0,,51,0,1,1
ms,2026,26,2026-W26,0,0,0.0,,0,44,2318,,,0,,51,0,1,1
mt,2026,26,2026-W26,4,0,0.0,0.0,1,44,2318,,,0,,51,0,1,1
nc,2026,26,2026-W26,35,0,0.0,0.0,1,44,2318,,,0,,51,0,1,1
ne,2026,26,2026-W26,0,0,0.0,,0,44,2318,,,0,,51,0,1,1
nh,2026,26,2026-W26,3,0,0.0,0.0,1,44,2318,,,0,,51,0,1,1
nj,2026,26,2026-W26,0,0,0.0,,0,44,2318,,,0,,51,0,1,1
nm,2026,26,2026-W26,2,0,0.0,0.0,1,44,2318,,,0,,51,0,1,1
nv,2026,26,2026-W26,6,0,0.0,0.0,1,44,2318,,,0,,51,0,1,1
ny,2026,26,2026-W26,41,1,0.02040816326530612,826.7922553061225,1,44,2318,,,0,,51,1,1,1
oh,2026,26,2026-W26,0,0,0.0,,0,44,2318,,,0,,51,0,1,1
ok,2026,26,2026-W26,1,0,0.0,0.0,1,44,2318,,,0,,51,0,1,1
or,2026,26,2026-W26,26,0,0.0,0.0,1,44,2318,,,0,,51,0,1,1
pa,2026,26,2026-W26,31,1,0.017543859649122806,110.57468561403509,1,44,2318,,,0,,51,1,1,1
ri,2026,26,2026-W26,11,0,0.0,0.0,1,44,2318,,,0,,51,0,1,1
sc,2026,26,2026-W26,15,0,0.0,54.36,1,44,2318,,,0,,51,0,1,1
sd,2026,26,2026-W26,2,0,0.0,0.0,1,44,2318,,,0,,51,0,1,1
tn,2026,26,2026-W26,0,0,0.0,,0,44,2318,,,0,,51,0,1,1
tx,2026,26,2026-W26,34,0,0.0,0.0,1,44,2318,,,0,,51,0,1,1
ut,2026,26,2026-W26,33,8,0.12121212121212122,267.0765104545454,1,44,2318,,,0,,51,1,1,1
va,2026,26,2026-W26,32,0,0.0,0.0,1,44,2318,,,0,,51,0,1,1
vt,2026,26,2026-W26,3,0,0.0,0.0,1,44,2318,,,0,,51,0,1,1
wa,2026,26,2026-W26,0,0,0.0,,0,44,2318,,,0,,51,0,1,1
wi,2026,26,2026-W26,3,0,0.0,0.0,1,44,2318,,,0,,51,0,1,1
wv,2026,26,2026-W26,0,0,0.0,,0,44,2318,,,0,,51,0,1,1
wy,2026,26,2026-W26,5,1,0.1,1358.7020420000001,1,44,2318,,,0,,51,1,1,1
ak,2026,27,2026-W27,6,0,0.0,0.0,1,36,2318,,,0,,82,0,1,1
al,2026,27,2026-W27,1,0,0.0,0.0,1,36,2318,,,0,,82,0,1,1
ar,2026,27,2026-W27,5,0,0.0,0.0,1,36,2318,,,0,,82,0,1,1
ca,2026,27,2026-W27,55,2,0.016,94.58926552,1,36,2318,,,0,,82,1,1,1
co,2026,27,2026-W27,21,0,0.0,600.0,1,36,2318,,,0,,82,0,1,1
ct,2026,27,2026-W27,3,0,0.0,0.0,1,36,2318,,,0,,82,0,1,1
dc,2026,27,2026-W27,1,0,0.0,0.0,1,36,2318,,,0,,82,0,1,1
de,2026,27,2026-W27,8,0,0.0,0.0,1,36,2318,,,0,,82,0,1,1
fl,2026,27,2026-W27,2,0,0.0,0.0,1,36,2318,,,0,,82,0,1,1
ga,2026,27,2026-W27,0,0,0.0,,0,36,2318,,,0,,82,0,1,1
gu,2026,27,2026-W27,3,0,0.0,0.0,1,36,2318,,,0,,82,0,1,1
hi,2026,27,2026-W27,8,0,0.0,0.0,1,36,2318,,,0,,82,0,1,1
ia,2026,27,2026-W27,2,0,0.0,0.0,1,36,2318,,,0,,82,0,1,1
id,2026,27,2026-W27,2,0,0.0,0.0,1,36,2318,,,0,,82,0,1,1
il,2026,27,2026-W27,1,0,0.0,0.0,1,36,2318,,,0,,82,0,1,1
in,2026,27,2026-W27,0,0,0.0,,0,36,2318,,,0,,82,0,1,1
ks,2026,27,2026-W27,2,0,0.0,0.0,1,36,2318,,,0,,82,0,1,1
ky,2026,27,2026-W27,0,0,0.0,,0,36,2318,,,0,,82,0,1,1
la,2026,27,2026-W27,0,0,0.0,,0,36,2318,,,0,,82,0,1,1
ma,2026,27,2026-W27,3,0,0.0,105.66666666666667,1,36,2318,,,0,,82,0,1,1
md,2026,27,2026-W27,9,0,0.0,0.0,1,36,2318,,,0,,82,0,1,1
me,2026,27,2026-W27,8,0,0.0,0.0,1,36,2318,,,0,,82,0,1,1
mi,2026,27,2026-W27,0,0,0.0,,0,36,2318,,,0,,82,0,1,1
mn,2026,27,2026-W27,0,0,0.0,,0,36,2318,,,0,,82,0,1,1
mo,2026,27,2026-W27,10,0,0.0,0.7037658333333333,1,36,2318,,,0,,82,0,1,1
ms,2026,27,2026-W27,0,0,0.0,,0,36,2318,,,0,,82,0,1,1
mt,2026,27,2026-W27,0,0,0.0,,0,36,2318,,,0,,82,0,1,1
nc,2026,27,2026-W27,33,0,0.0,0.0,1,36,2318,,,0,,82,0,1,1
ne,2026,27,2026-W27,0,0,0.0,,0,36,2318,,,0,,82,0,1,1
nh,2026,27,2026-W27,3,0,0.0,0.0,1,36,2318,,,0,,82,0,1,1
nj,2026,27,2026-W27,0,0,0.0,,0,36,2318,,,0,,82,0,1,1
nm,2026,27,2026-W27,2,0,0.0,0.0,1,36,2318,,,0,,82,0,1,1
nv,2026,27,2026-W27,6,0,0.0,0.0,1,36,2318,,,0,,82,0,1,1
ny,2026,27,2026-W27,35,0,0.0,0.0,1,36,2318,,,0,,82,0,1,1
oh,2026,27,2026-W27,0,0,0.0,,0,36,2318,,,0,,82,0,1,1
ok,2026,27,2026-W27,1,0,0.0,0.0,1,36,2318,,,0,,82,0,1,1
or,2026,27,2026-W27,17,1,0.058823529411764705,350.38949647058826,1,36,2318,,,0,,82,1,1,1
pa,2026,27,2026-W27,31,0,0.0,53.65714285714286,1,36,2318,,,0,,82,0,1,1
ri,2026,27,2026-W27,11,0,0.0,0.0,1,36,2318,,,0,,82,0,1,1
sc,2026,27,2026-W27,9,0,0.0,55.9,1,36,2318,,,0,,82,0,1,1
sd,2026,27,2026-W27,2,0,0.0,0.0,1,36,2318,,,0,,82,0,1,1
tn,2026,27,2026-W27,0,0,0.0,,0,36,2318,,,0,,82,0,1,1
tx,2026,27,2026-W27,27,0,0.0,0.0,1,36,2318,,,0,,82,0,1,1
ut,2026,27,2026-W27,29,2,0.06896551724137931,148.37820586206897,1,36,2318,,,0,,82,1,1,1
va,2026,27,2026-W27,32,0,0.0,0.0,1,36,2318,,,0,,82,0,1,1
vt,2026,27,2026-W27,3,0,0.0,0.0,1,36,2318,,,0,,82,0,1,1
wa,2026,27,2026-W27,0,0,0.0,,0,36,2318,,,0,,82,0,1,1
wi,2026,27,2026-W27,3,0,0.0,0.0,1,36,2318,,,0,,82,0,1,1
wv,2026,27,2026-W27,0,0,0.0,,0,36,2318,,,0,,82,0,1,1
wy,2026,27,2026-W27,5,0,0.0,0.0,1,36,2318,,,0,,82,0,1,1
ak,2026,28,2026-W28,6,0,0.0,25.966786666666668,1,39,2318,,,0,,63,0,1,1
al,2026,28,2026-W28,1,0,0.0,0.0,1,39,2318,,,0,,63,0,1,1
ar,2026,28,2026-W28,5,0,0.0,0.0,1,39,2318,,,0,,63,0,1,1
ca,2026,28,2026-W28,61,2,0.0136986301369863,79.055498630137,1,39,2318,,,0,,63,1,1,1
co,2026,28,2026-W28,21,0,0.0,600.0,1,39,2318,,,0,,63,0,1,1
ct,2026,28,2026-W28,3,0,0.0,0.0,1,39,2318,,,0,,63,0,1,1
dc,2026,28,2026-W28,1,0,0.0,0.0,1,39,2318,,,0,,63,0,1,1
de,2026,28,2026-W28,8,0,0.0,0.0,1,39,2318,,,0,,63,0,1,1
fl,2026,28,2026-W28,2,0,0.0,0.0,1,39,2318,,,0,,63,0,1,1
ga,2026,28,2026-W28,0,0,0.0,,0,39,2318,,,0,,63,0,1,1
gu,2026,28,2026-W28,1,0,0.0,0.0,1,39,2318,,,0,,63,0,1,1
hi,2026,28,2026-W28,7,0,0.0,0.0,1,39,2318,,,0,,63,0,1,1
ia,2026,28,2026-W28,2,0,0.0,0.0,1,39,2318,,,0,,63,0,1,1
id,2026,28,2026-W28,2,0,0.0,0.0,1,39,2318,,,0,,63,0,1,1
il,2026,28,2026-W28,0,0,0.0,,0,39,2318,,,0,,63,0,1,1
in,2026,28,2026-W28,0,0,0.0,,0,39,2318,,,0,,63,0,1,1
ks,2026,28,2026-W28,2,0,0.0,0.0,1,39,2318,,,0,,63,0,1,1
ky,2026,28,2026-W28,0,0,0.0,,0,39,2318,,,0,,63,0,1,1
la,2026,28,2026-W28,0,0,0.0,,0,39,2318,,,0,,63,0,1,1
ma,2026,28,2026-W28,1,0,0.0,0.0,1,39,2318,,,0,,63,0,1,1
md,2026,28,2026-W28,10,0,0.0,0.0,1,39,2318,,,0,,63,0,1,1
me,2026,28,2026-W28,8,0,0.0,0.0,1,39,2318,,,0,,63,0,1,1
mi,2026,28,2026-W28,0,0,0.0,,0,39,2318,,,0,,63,0,1,1
mn,2026,28,2026-W28,0,0,0.0,,0,39,2318,,,0,,63,0,1,1
mo,2026,28,2026-W28,8,0,0.0,0.48886900000000005,1,39,2318,,,0,,63,0,1,1
ms,2026,28,2026-W28,0,0,0.0,,0,39,2318,,,0,,63,0,1,1
mt,2026,28,2026-W28,0,0,0.0,,0,39,2318,,,0,,63,0,1,1
nc,2026,28,2026-W28,34,0,0.0,0.0,1,39,2318,,,0,,63,0,1,1
ne,2026,28,2026-W28,0,0,0.0,,0,39,2318,,,0,,63,0,1,1
nh,2026,28,2026-W28,3,0,0.0,0.0,1,39,2318,,,0,,63,0,1,1
nj,2026,28,2026-W28,0,0,0.0,,0,39,2318,,,0,,63,0,1,1
nm,2026,28,2026-W28,2,0,0.0,0.0,1,39,2318,,,0,,63,0,1,1
nv,2026,28,2026-W28,6,0,0.0,0.0,1,39,2318,,,0,,63,0,1,1
ny,2026,28,2026-W28,38,0,0.0,317.46031738095235,1,39,2318,,,0,,63,0,1,1
oh,2026,28,2026-W28,0,0,0.0,,0,39,2318,,,0,,63,0,1,1
ok,2026,28,2026-W28,1,0,0.0,0.0,1,39,2318,,,0,,63,0,1,1
or,2026,28,2026-W28,27,0,0.0,0.0,1,39,2318,,,0,,63,0,1,1
pa,2026,28,2026-W28,30,0,0.0,47.57142857142857,1,39,2318,,,0,,63,0,1,1
ri,2026,28,2026-W28,11,0,0.0,0.0,1,39,2318,,,0,,63,0,1,1
sc,2026,28,2026-W28,10,0,0.0,50.22942538461538,1,39,2318,,,0,,63,0,1,1
sd,2026,28,2026-W28,2,0,0.0,0.0,1,39,2318,,,0,,63,0,1,1
tn,2026,28,2026-W28,0,0,0.0,,0,39,2318,,,0,,63,0,1,1
tx,2026,28,2026-W28,32,0,0.0,0.0,1,39,2318,,,0,,63,0,1,1
ut,2026,28,2026-W28,33,3,0.046875,426.21941515625,1,39,2318,,,0,,63,1,1,1
va,2026,28,2026-W28,31,0,0.0,0.0,1,39,2318,,,0,,63,0,1,1
vt,2026,28,2026-W28,3,0,0.0,0.0,1,39,2318,,,0,,63,0,1,1
wa,2026,28,2026-W28,0,0,0.0,,0,39,2318,,,0,,63,0,1,1
wi,2026,28,2026-W28,3,0,0.0,1446.9361666666666,1,39,2318,,,0,,63,0,1,1
wv,2026,28,2026-W28,0,0,0.0,,0,39,2318,,,0,,63,0,1,1
wy,2026,28,2026-W28,5,0,0.0,0.0,1,39,2318,,,0,,63,0,1,1
ak,2026,29,2026-W29,6,0,0.0,0.0,1,35,2318,,,0,,63,0,1,1
al,2026,29,2026-W29,1,0,0.0,0.0,1,35,2318,,,0,,63,0,1,1
ar,2026,29,2026-W29,5,0,0.0,0.0,1,35,2318,,,0,,63,0,1,1
ca,2026,29,2026-W29,50,0,0.0,0.0,1,35,2318,,,0,,63,0,1,1
co,2026,29,2026-W29,20,0,0.0,600.0,1,35,2318,,,0,,63,0,1,1
ct,2026,29,2026-W29,3,0,0.0,0.0,1,35,2318,,,0,,63,0,1,1
dc,2026,29,2026-W29,1,0,0.0,0.0,1,35,2318,,,0,,63,0,1,1
de,2026,29,2026-W29,8,0,0.0,0.0,1,35,2318,,,0,,63,0,1,1
fl,2026,29,2026-W29,2,0,0.0,0.0,1,35,2318,,,0,,63,0,1,1
ga,2026,29,2026-W29,0,0,0.0,,0,35,2318,,,0,,63,0,1,1
gu,2026,29,2026-W29,3,0,0.0,0.0,1,35,2318,,,0,,63,0,1,1
hi,2026,29,2026-W29,7,0,0.0,0.0,1,35,2318,,,0,,63,0,1,1
ia,2026,29,2026-W29,2,0,0.0,0.0,1,35,2318,,,0,,63,0,1,1
id,2026,29,2026-W29,2,0,0.0,0.0,1,35,2318,,,0,,63,0,1,1
il,2026,29,2026-W29,0,0,0.0,,0,35,2318,,,0,,63,0,1,1
in,2026,29,2026-W29,0,0,0.0,,0,35,2318,,,0,,63,0,1,1
ks,2026,29,2026-W29,2,0,0.0,0.0,1,35,2318,,,0,,63,0,1,1
ky,2026,29,2026-W29,0,0,0.0,,0,35,2318,,,0,,63,0,1,1
la,2026,29,2026-W29,0,0,0.0,,0,35,2318,,,0,,63,0,1,1
ma,2026,29,2026-W29,1,0,0.0,0.0,1,35,2318,,,0,,63,0,1,1
md,2026,29,2026-W29,10,0,0.0,0.0,1,35,2318,,,0,,63,0,1,1
me,2026,29,2026-W29,8,0,0.0,0.0,1,35,2318,,,0,,63,0,1,1
mi,2026,29,2026-W29,0,0,0.0,,0,35,2318,,,0,,63,0,1,1
mn,2026,29,2026-W29,0,0,0.0,,0,35,2318,,,0,,63,0,1,1
mo,2026,29,2026-W29,1,0,0.0,0.0,1,35,2318,,,0,,63,0,1,1
ms,2026,29,2026-W29,0,0,0.0,,0,35,2318,,,0,,63,0,1,1
mt,2026,29,2026-W29,0,0,0.0,,0,35,2318,,,0,,63,0,1,1
nc,2026,29,2026-W29,25,0,0.0,0.0,1,35,2318,,,0,,63,0,1,1
ne,2026,29,2026-W29,0,0,0.0,,0,35,2318,,,0,,63,0,1,1
nh,2026,29,2026-W29,3,0,0.0,0.0,1,35,2318,,,0,,63,0,1,1
nj,2026,29,2026-W29,0,0,0.0,,0,35,2318,,,0,,63,0,1,1
nm,2026,29,2026-W29,2,0,0.0,0.0,1,35,2318,,,0,,63,0,1,1
nv,2026,29,2026-W29,6,0,0.0,0.0,1,35,2318,,,0,,63,0,1,1
ny,2026,29,2026-W29,39,0,0.0,333.33333325,1,35,2318,,,0,,63,0,1,1
oh,2026,29,2026-W29,0,0,0.0,,0,35,2318,,,0,,63,0,1,1
ok,2026,29,2026-W29,1,0,0.0,0.0,1,35,2318,,,0,,63,0,1,1
or,2026,29,2026-W29,22,0,0.0,0.0,1,35,2318,,,0,,63,0,1,1
pa,2026,29,2026-W29,24,0,0.0,76.2546511627907,1,35,2318,,,0,,63,0,1,1
ri,2026,29,2026-W29,11,0,0.0,0.0,1,35,2318,,,0,,63,0,1,1
sc,2026,29,2026-W29,17,0,0.0,0.0,1,35,2318,,,0,,63,0,1,1
sd,2026,29,2026-W29,2,0,0.0,0.0,1,35,2318,,,0,,63,0,1,1
tn,2026,29,2026-W29,0,0,0.0,,0,35,2318,,,0,,63,0,1,1
tx,2026,29,2026-W29,10,0,0.0,0.0,1,35,2318,,,0,,63,0,1,1
ut,2026,29,2026-W29,28,2,0.07142857142857142,145.41898678571428,1,35,2318,,,0,,63,1,1,1
va,2026,29,2026-W29,30,0,0.0,28.264705882352942,1,35,2318,,,0,,63,0,1,1
vt,2026,29,2026-W29,3,0,0.0,0.0,1,35,2318,,,0,,63,0,1,1
wa,2026,29,2026-W29,0,0,0.0,,0,35,2318,,,0,,63,0,1,1
wi,2026,29,2026-W29,1,0,0.0,0.0,1,35,2318,,,0,,63,0,1,1
wv,2026,29,2026-W29,0,0,0.0,,0,35,2318,,,0,,63,0,1,1
wy,2026,29,2026-W29,1,0,0.0,0.0,1,35,2318,,,0,,63,0,1,1
ak,2026,30,2026-W30,2,0,0.0,0.0,1,29,2318,,,0,,68,0,1,1
al,2026,30,2026-W30,1,0,0.0,0.0,1,29,2318,,,0,,68,0,1,1
ar,2026,30,2026-W30,3,0,0.0,0.0,1,29,2318,,,0,,68,0,1,1
ca,2026,30,2026-W30,23,0,0.0,0.0,1,29,2318,,,0,,68,0,1,1
co,2026,30,2026-W30,0,0,0.0,,0,29,2318,,,0,,68,0,1,1
ct,2026,30,2026-W30,2,0,0.0,0.0,1,29,2318,,,0,,68,0,1,1
dc,2026,30,2026-W30,0,0,0.0,,0,29,2318,,,0,,68,0,1,1
de,2026,30,2026-W30,0,0,0.0,,0,29,2318,,,0,,68,0,1,1
fl,2026,30,2026-W30,2,0,0.0,0.0,1,29,2318,,,0,,68,0,1,1
ga,2026,30,2026-W30,0,0,0.0,,0,29,2318,,,0,,68,0,1,1
gu,2026,30,2026-W30,0,0,0.0,,0,29,2318,,,0,,68,0,1,1
hi,2026,30,2026-W30,3,0,0.0,0.0,1,29,2318,,,0,,68,0,1,1
ia,2026,30,2026-W30,2,0,0.0,0.0,1,29,2318,,,0,,68,0,1,1
id,2026,30,2026-W30,2,0,0.0,0.0,1,29,2318,,,0,,68,0,1,1
il,2026,30,2026-W30,0,0,0.0,,0,29,2318,,,0,,68,0,1,1
in,2026,30,2026-W30,0,0,0.0,,0,29,2318,,,0,,68,0,1,1
ks,2026,30,2026-W30,2,0,0.0,0.0,1,29,2318,,,0,,68,0,1,1
ky,2026,30,2026-W30,0,0,0.0,,0,29,2318,,,0,,68,0,1,1
la,2026,30,2026-W30,0,0,0.0,,0,29,2318,,,0,,68,0,1,1
ma,2026,30,2026-W30,0,0,0.0,,0,29,2318,,,0,,68,0,1,1
md,2026,30,2026-W30,7,0,0.0,0.0,1,29,2318,,,0,,68,0,1,1
me,2026,30,2026-W30,7,0,0.0,0.0,1,29,2318,,,0,,68,0,1,1
mi,2026,30,2026-W30,0,0,0.0,,0,29,2318,,,0,,68,0,1,1
mn,2026,30,2026-W30,0,0,0.0,,0,29,2318,,,0,,68,0,1,1
mo,2026,30,2026-W30,1,0,0.0,0.0,1,29,2318,,,0,,68,0,1,1
ms,2026,30,2026-W30,0,0,0.0,,0,29,2318,,,0,,68,0,1,1
mt,2026,30,2026-W30,0,0,0.0,,0,29,2318,,,0,,68,0,1,1
nc,2026,30,2026-W30,5,0,0.0,0.0,1,29,2318,,,0,,68,0,1,1
ne,2026,30,2026-W30,0,0,0.0,,0,29,2318,,,0,,68,0,1,1
nh,2026,30,2026-W30,2,0,0.0,0.0,1,29,2318,,,0,,68,0,1,1
nj,2026,30,2026-W30,0,0,0.0,,0,29,2318,,,0,,68,0,1,1
nm,2026,30,2026-W30,1,0,0.0,0.0,1,29,2318,,,0,,68,0,1,1
nv,2026,30,2026-W30,4,0,0.0,0.0,1,29,2318,,,0,,68,0,1,1
ny,2026,30,2026-W30,0,0,0.0,,0,29,2318,,,0,,68,0,1,1
oh,2026,30,2026-W30,0,0,0.0,,0,29,2318,,,0,,68,0,1,1
ok,2026,30,2026-W30,1,0,0.0,0.0,1,29,2318,,,0,,68,0,1,1
or,2026,30,2026-W30,0,0,0.0,,0,29,2318,,,0,,68,0,1,1
pa,2026,30,2026-W30,6,0,0.0,0.0,1,29,2318,,,0,,68,0,1,1
ri,2026,30,2026-W30,5,0,0.0,0.0,1,29,2318,,,0,,68,0,1,1
sc,2026,30,2026-W30,1,0,0.0,0.0,1,29,2318,,,0,,68,0,1,1
sd,2026,30,2026-W30,2,0,0.0,0.0,1,29,2318,,,0,,68,0,1,1
tn,2026,30,2026-W30,0,0,0.0,,0,29,2318,,,0,,68,0,1,1
tx,2026,30,2026-W30,3,0,0.0,0.0,1,29,2318,,,0,,68,0,1,1
ut,2026,30,2026-W30,0,0,0.0,,0,29,2318,,,0,,68,0,1,1
va,2026,30,2026-W30,3,0,0.0,0.0,1,29,2318,,,0,,68,0,1,1
vt,2026,30,2026-W30,3,0,0.0,0.0,1,29,2318,,,0,,68,0,1,1
wa,2026,30,2026-W30,0,0,0.0,,0,29,2318,,,0,,68,0,1,1
wi,2026,30,2026-W30,1,0,0.0,0.0,1,29,2318,,,0,,68,0,1,1
wv,2026,30,2026-W30,0,0,0.0,,0,29,2318,,,0,,68,0,1,1
wy,2026,30,2026-W30,1,0,0.0,0.0,1,29,2318,,,0,,68,0,1,1
